ISO-10303-21;
HEADER;
FILE_DESCRIPTION(('KiCad electronic assembly'),'2;1');
FILE_NAME('CobraPad.step','2026-08-20T22:13:51',('Pcbnew'),('Kicad'),
  'Open CASCADE STEP processor 7.9','KiCad to STEP converter','Unknown'
  );
FILE_SCHEMA(('AUTOMOTIVE_DESIGN { 1 0 10303 214 1 1 1 1 }'));
ENDSEC;
DATA;
#1 = APPLICATION_PROTOCOL_DEFINITION('international standard',
  'automotive_design',2000,#2);
#2 = APPLICATION_CONTEXT(
  'core data for automotive mechanical design processes');
#3 = SHAPE_DEFINITION_REPRESENTATION(#4,#10);
#4 = PRODUCT_DEFINITION_SHAPE('','',#5);
#5 = PRODUCT_DEFINITION('design','',#6,#9);
#6 = PRODUCT_DEFINITION_FORMATION('','',#7);
#7 = PRODUCT('CobraPad 1','CobraPad 1','',(#8));
#8 = PRODUCT_CONTEXT('',#2,'mechanical');
#9 = PRODUCT_DEFINITION_CONTEXT('part definition',#2,'design');
#10 = SHAPE_REPRESENTATION('',(#11,#15),#19);
#11 = AXIS2_PLACEMENT_3D('',#12,#13,#14);
#12 = CARTESIAN_POINT('',(0.,0.,0.));
#13 = DIRECTION('',(0.,0.,1.));
#14 = DIRECTION('',(1.,0.,-0.));
#15 = AXIS2_PLACEMENT_3D('',#16,#17,#18);
#16 = CARTESIAN_POINT('',(0.,0.,0.));
#17 = DIRECTION('',(0.,0.,1.));
#18 = DIRECTION('',(1.,0.,-0.));
#19 = ( GEOMETRIC_REPRESENTATION_CONTEXT(3) 
GLOBAL_UNCERTAINTY_ASSIGNED_CONTEXT((#23)) GLOBAL_UNIT_ASSIGNED_CONTEXT(
(#20,#21,#22)) REPRESENTATION_CONTEXT('Context #1',
  '3D Context with UNIT and UNCERTAINTY') );
#20 = ( LENGTH_UNIT() NAMED_UNIT(*) SI_UNIT(.MILLI.,.METRE.) );
#21 = ( NAMED_UNIT(*) PLANE_ANGLE_UNIT() SI_UNIT($,.RADIAN.) );
#22 = ( NAMED_UNIT(*) SI_UNIT($,.STERADIAN.) SOLID_ANGLE_UNIT() );
#23 = UNCERTAINTY_MEASURE_WITH_UNIT(LENGTH_MEASURE(1.E-07),#20,
  'distance_accuracy_value','confusion accuracy');
#24 = PRODUCT_RELATED_PRODUCT_CATEGORY('part',$,(#7));
#25 = SHAPE_DEFINITION_REPRESENTATION(#26,#32);
#26 = PRODUCT_DEFINITION_SHAPE('','',#27);
#27 = PRODUCT_DEFINITION('design','',#28,#31);
#28 = PRODUCT_DEFINITION_FORMATION('','',#29);
#29 = PRODUCT('CobraPad-unsaved-export-sJLGjv_PCB',
  'CobraPad-unsaved-export-sJLGjv_PCB','',(#30));
#30 = PRODUCT_CONTEXT('',#2,'mechanical');
#31 = PRODUCT_DEFINITION_CONTEXT('part definition',#2,'design');
#32 = ADVANCED_BREP_SHAPE_REPRESENTATION('',(#11,#33),#8580);
#33 = MANIFOLD_SOLID_BREP('',#34);
#34 = CLOSED_SHELL('',(#35,#75,#106,#137,#2355,#4573,#4585,#4602,#4619,
    #4636,#4658,#4675,#4692,#4709,#4726,#4743,#4760,#4777,#4794,#4811,
    #4828,#4845,#4862,#4879,#4896,#4913,#4930,#4947,#4964,#4976,#4993,
    #5010,#5027,#5044,#5061,#5083,#5100,#5117,#5134,#5151,#5168,#5185,
    #5202,#5219,#5236,#5253,#5270,#5287,#5304,#5321,#5338,#5355,#5372,
    #5389,#5401,#5418,#5435,#5452,#5469,#5486,#5508,#5525,#5542,#5559,
    #5576,#5593,#5610,#5627,#5644,#5661,#5678,#5695,#5712,#5729,#5746,
    #5763,#5780,#5797,#5814,#5826,#5843,#5860,#5877,#5894,#5916,#5933,
    #5950,#5967,#5984,#6001,#6018,#6035,#6052,#6069,#6086,#6103,#6120,
    #6137,#6154,#6171,#6188,#6205,#6222,#6234,#6251,#6268,#6285,#6302,
    #6324,#6341,#6358,#6375,#6392,#6409,#6426,#6443,#6460,#6477,#6494,
    #6511,#6528,#6545,#6562,#6579,#6596,#6613,#6630,#6642,#6659,#6676,
    #6693,#6710,#6727,#6749,#6766,#6783,#6800,#6817,#6834,#6851,#6868,
    #6885,#6902,#6919,#6936,#6953,#6970,#6987,#7004,#7021,#7038,#7055,
    #7067,#7084,#7101,#7118,#7135,#7152,#7169,#7191,#7208,#7225,#7242,
    #7259,#7276,#7293,#7310,#7327,#7344,#7361,#7378,#7395,#7412,#7429,
    #7446,#7463,#7480,#7497,#7509,#7526,#7543,#7560,#7577,#7599,#7616,
    #7633,#7650,#7667,#7684,#7701,#7718,#7735,#7752,#7769,#7786,#7803,
    #7820,#7837,#7854,#7871,#7888,#7905,#7917,#7934,#7951,#7968,#7985,
    #8002,#8019,#8036,#8053,#8070,#8087,#8104,#8121,#8138,#8155,#8172,
    #8189,#8206,#8223,#8240,#8257,#8274,#8291,#8308,#8325,#8342,#8359,
    #8376,#8393,#8415,#8432,#8449,#8461,#8478,#8495,#8517,#8534,#8551,
    #8563));
#35 = ADVANCED_FACE('',(#36),#70,.T.);
#36 = FACE_BOUND('',#37,.T.);
#37 = EDGE_LOOP('',(#38,#48,#56,#64));
#38 = ORIENTED_EDGE('',*,*,#39,.T.);
#39 = EDGE_CURVE('',#40,#42,#44,.T.);
#40 = VERTEX_POINT('',#41);
#41 = CARTESIAN_POINT('',(143.,-183.,0.));
#42 = VERTEX_POINT('',#43);
#43 = CARTESIAN_POINT('',(143.,-183.,1.51));
#44 = LINE('',#45,#46);
#45 = CARTESIAN_POINT('',(143.,-183.,0.));
#46 = VECTOR('',#47,1.);
#47 = DIRECTION('',(0.,0.,1.));
#48 = ORIENTED_EDGE('',*,*,#49,.T.);
#49 = EDGE_CURVE('',#42,#50,#52,.T.);
#50 = VERTEX_POINT('',#51);
#51 = CARTESIAN_POINT('',(44.,-183.,1.51));
#52 = LINE('',#53,#54);
#53 = CARTESIAN_POINT('',(143.,-183.,1.51));
#54 = VECTOR('',#55,1.);
#55 = DIRECTION('',(-1.,0.,0.));
#56 = ORIENTED_EDGE('',*,*,#57,.F.);
#57 = EDGE_CURVE('',#58,#50,#60,.T.);
#58 = VERTEX_POINT('',#59);
#59 = CARTESIAN_POINT('',(44.,-183.,0.));
#60 = LINE('',#61,#62);
#61 = CARTESIAN_POINT('',(44.,-183.,0.));
#62 = VECTOR('',#63,1.);
#63 = DIRECTION('',(0.,0.,1.));
#64 = ORIENTED_EDGE('',*,*,#65,.F.);
#65 = EDGE_CURVE('',#40,#58,#66,.T.);
#66 = LINE('',#67,#68);
#67 = CARTESIAN_POINT('',(143.,-183.,0.));
#68 = VECTOR('',#69,1.);
#69 = DIRECTION('',(-1.,0.,0.));
#70 = PLANE('',#71);
#71 = AXIS2_PLACEMENT_3D('',#72,#73,#74);
#72 = CARTESIAN_POINT('',(143.,-183.,0.));
#73 = DIRECTION('',(0.,-1.,0.));
#74 = DIRECTION('',(-1.,0.,0.));
#75 = ADVANCED_FACE('',(#76),#101,.T.);
#76 = FACE_BOUND('',#77,.T.);
#77 = EDGE_LOOP('',(#78,#88,#94,#95));
#78 = ORIENTED_EDGE('',*,*,#79,.T.);
#79 = EDGE_CURVE('',#80,#82,#84,.T.);
#80 = VERTEX_POINT('',#81);
#81 = CARTESIAN_POINT('',(143.,-84.,0.));
#82 = VERTEX_POINT('',#83);
#83 = CARTESIAN_POINT('',(143.,-84.,1.51));
#84 = LINE('',#85,#86);
#85 = CARTESIAN_POINT('',(143.,-84.,0.));
#86 = VECTOR('',#87,1.);
#87 = DIRECTION('',(0.,0.,1.));
#88 = ORIENTED_EDGE('',*,*,#89,.T.);
#89 = EDGE_CURVE('',#82,#42,#90,.T.);
#90 = LINE('',#91,#92);
#91 = CARTESIAN_POINT('',(143.,-84.,1.51));
#92 = VECTOR('',#93,1.);
#93 = DIRECTION('',(0.,-1.,0.));
#94 = ORIENTED_EDGE('',*,*,#39,.F.);
#95 = ORIENTED_EDGE('',*,*,#96,.F.);
#96 = EDGE_CURVE('',#80,#40,#97,.T.);
#97 = LINE('',#98,#99);
#98 = CARTESIAN_POINT('',(143.,-84.,0.));
#99 = VECTOR('',#100,1.);
#100 = DIRECTION('',(0.,-1.,0.));
#101 = PLANE('',#102);
#102 = AXIS2_PLACEMENT_3D('',#103,#104,#105);
#103 = CARTESIAN_POINT('',(143.,-84.,0.));
#104 = DIRECTION('',(1.,0.,-0.));
#105 = DIRECTION('',(0.,-1.,0.));
#106 = ADVANCED_FACE('',(#107),#132,.T.);
#107 = FACE_BOUND('',#108,.T.);
#108 = EDGE_LOOP('',(#109,#110,#118,#126));
#109 = ORIENTED_EDGE('',*,*,#57,.T.);
#110 = ORIENTED_EDGE('',*,*,#111,.T.);
#111 = EDGE_CURVE('',#50,#112,#114,.T.);
#112 = VERTEX_POINT('',#113);
#113 = CARTESIAN_POINT('',(44.,-84.,1.51));
#114 = LINE('',#115,#116);
#115 = CARTESIAN_POINT('',(44.,-183.,1.51));
#116 = VECTOR('',#117,1.);
#117 = DIRECTION('',(0.,1.,0.));
#118 = ORIENTED_EDGE('',*,*,#119,.F.);
#119 = EDGE_CURVE('',#120,#112,#122,.T.);
#120 = VERTEX_POINT('',#121);
#121 = CARTESIAN_POINT('',(44.,-84.,0.));
#122 = LINE('',#123,#124);
#123 = CARTESIAN_POINT('',(44.,-84.,0.));
#124 = VECTOR('',#125,1.);
#125 = DIRECTION('',(0.,0.,1.));
#126 = ORIENTED_EDGE('',*,*,#127,.F.);
#127 = EDGE_CURVE('',#58,#120,#128,.T.);
#128 = LINE('',#129,#130);
#129 = CARTESIAN_POINT('',(44.,-183.,0.));
#130 = VECTOR('',#131,1.);
#131 = DIRECTION('',(0.,1.,0.));
#132 = PLANE('',#133);
#133 = AXIS2_PLACEMENT_3D('',#134,#135,#136);
#134 = CARTESIAN_POINT('',(44.,-183.,0.));
#135 = DIRECTION('',(-1.,0.,0.));
#136 = DIRECTION('',(0.,1.,0.));
#137 = ADVANCED_FACE('',(#138,#149,#160,#171,#182,#356,#367,#378,#389,
    #400,#411,#585,#596,#607,#618,#629,#640,#814,#825,#836,#847,#858,
    #1032,#1043,#1054,#1065,#1076,#1250,#1261,#1272,#1283,#1294,#1305,
    #1479,#1490,#1501,#1512,#1523,#1534,#1545,#1719,#1730,#1741,#1752,
    #1763,#1937,#1948,#1959,#1970,#1981,#1992,#2003,#2014,#2025,#2036,
    #2047,#2058,#2069,#2080,#2091,#2102,#2113,#2124,#2135,#2146,#2157,
    #2168,#2179,#2190,#2201,#2212,#2223,#2234,#2245,#2281,#2292,#2303,
    #2339),#2350,.F.);
#138 = FACE_BOUND('',#139,.F.);
#139 = EDGE_LOOP('',(#140,#141,#142,#148));
#140 = ORIENTED_EDGE('',*,*,#65,.F.);
#141 = ORIENTED_EDGE('',*,*,#96,.F.);
#142 = ORIENTED_EDGE('',*,*,#143,.F.);
#143 = EDGE_CURVE('',#120,#80,#144,.T.);
#144 = LINE('',#145,#146);
#145 = CARTESIAN_POINT('',(44.,-84.,0.));
#146 = VECTOR('',#147,1.);
#147 = DIRECTION('',(1.,0.,0.));
#148 = ORIENTED_EDGE('',*,*,#127,.F.);
#149 = FACE_BOUND('',#150,.F.);
#150 = EDGE_LOOP('',(#151));
#151 = ORIENTED_EDGE('',*,*,#152,.T.);
#152 = EDGE_CURVE('',#153,#153,#155,.T.);
#153 = VERTEX_POINT('',#154);
#154 = CARTESIAN_POINT('',(48.,-180.6,0.));
#155 = CIRCLE('',#156,1.6);
#156 = AXIS2_PLACEMENT_3D('',#157,#158,#159);
#157 = CARTESIAN_POINT('',(48.,-179.,0.));
#158 = DIRECTION('',(-0.,0.,-1.));
#159 = DIRECTION('',(-0.,-1.,0.));
#160 = FACE_BOUND('',#161,.F.);
#161 = EDGE_LOOP('',(#162));
#162 = ORIENTED_EDGE('',*,*,#163,.T.);
#163 = EDGE_CURVE('',#164,#164,#166,.T.);
#164 = VERTEX_POINT('',#165);
#165 = CARTESIAN_POINT('',(53.38,-178.31,0.));
#166 = CIRCLE('',#167,0.4);
#167 = AXIS2_PLACEMENT_3D('',#168,#169,#170);
#168 = CARTESIAN_POINT('',(53.38,-177.91,0.));
#169 = DIRECTION('',(-0.,0.,-1.));
#170 = DIRECTION('',(1.7763568394E-14,-1.,-0.));
#171 = FACE_BOUND('',#172,.F.);
#172 = EDGE_LOOP('',(#173));
#173 = ORIENTED_EDGE('',*,*,#174,.T.);
#174 = EDGE_CURVE('',#175,#175,#177,.T.);
#175 = VERTEX_POINT('',#176);
#176 = CARTESIAN_POINT('',(61.,-178.31,0.));
#177 = CIRCLE('',#178,0.4);
#178 = AXIS2_PLACEMENT_3D('',#179,#180,#181);
#179 = CARTESIAN_POINT('',(61.,-177.91,0.));
#180 = DIRECTION('',(-0.,0.,-1.));
#181 = DIRECTION('',(-0.,-1.,0.));
#182 = FACE_BOUND('',#183,.F.);
#183 = EDGE_LOOP('',(#184,#195,#204,#212,#220,#229,#238,#247,#255,#263,
    #272,#281,#290,#298,#306,#315,#324,#333,#341,#349));
#184 = ORIENTED_EDGE('',*,*,#185,.F.);
#185 = EDGE_CURVE('',#186,#188,#190,.T.);
#186 = VERTEX_POINT('',#187);
#187 = CARTESIAN_POINT('',(68.743934,-177.053345,0.));
#188 = VERTEX_POINT('',#189);
#189 = CARTESIAN_POINT('',(68.056655,-176.366066,0.));
#190 = CIRCLE('',#191,0.499999603944);
#191 = AXIS2_PLACEMENT_3D('',#192,#193,#194);
#192 = CARTESIAN_POINT('',(68.31715788946,-176.7928421105,0.));
#193 = DIRECTION('',(0.,0.,1.));
#194 = DIRECTION('',(0.853552897188,-0.521006191616,0.));
#195 = ORIENTED_EDGE('',*,*,#196,.F.);
#196 = EDGE_CURVE('',#197,#186,#199,.T.);
#197 = VERTEX_POINT('',#198);
#198 = CARTESIAN_POINT('',(68.7,-177.209647,0.));
#199 = CIRCLE('',#200,0.299998582341);
#200 = AXIS2_PLACEMENT_3D('',#201,#202,#203);
#201 = CARTESIAN_POINT('',(68.99999858234,-177.2096462446,0.));
#202 = DIRECTION('',(0.,0.,-1.));
#203 = DIRECTION('',(-0.999999999997,-2.517861388614E-06,-0.));
#204 = ORIENTED_EDGE('',*,*,#205,.F.);
#205 = EDGE_CURVE('',#206,#197,#208,.T.);
#206 = VERTEX_POINT('',#207);
#207 = CARTESIAN_POINT('',(68.7,-177.91,0.));
#208 = LINE('',#209,#210);
#209 = CARTESIAN_POINT('',(68.7,-177.91,0.));
#210 = VECTOR('',#211,1.);
#211 = DIRECTION('',(0.,1.,0.));
#212 = ORIENTED_EDGE('',*,*,#213,.F.);
#213 = EDGE_CURVE('',#214,#206,#216,.T.);
#214 = VERTEX_POINT('',#215);
#215 = CARTESIAN_POINT('',(68.7,-178.610353,0.));
#216 = LINE('',#217,#218);
#217 = CARTESIAN_POINT('',(68.7,-178.610353,0.));
#218 = VECTOR('',#219,1.);
#219 = DIRECTION('',(0.,1.,0.));
#220 = ORIENTED_EDGE('',*,*,#221,.F.);
#221 = EDGE_CURVE('',#222,#214,#224,.T.);
#222 = VERTEX_POINT('',#223);
#223 = CARTESIAN_POINT('',(68.743934,-178.766655,0.));
#224 = CIRCLE('',#225,0.299998582341);
#225 = AXIS2_PLACEMENT_3D('',#226,#227,#228);
#226 = CARTESIAN_POINT('',(68.99999858234,-178.6103537553,0.));
#227 = DIRECTION('',(0.,0.,-1.));
#228 = DIRECTION('',(-0.853552641289,-0.52100661085,-0.));
#229 = ORIENTED_EDGE('',*,*,#230,.F.);
#230 = EDGE_CURVE('',#231,#222,#233,.T.);
#231 = VERTEX_POINT('',#232);
#232 = CARTESIAN_POINT('',(68.056655,-179.453934,0.));
#233 = CIRCLE('',#234,0.499999603944);
#234 = AXIS2_PLACEMENT_3D('',#235,#236,#237);
#235 = CARTESIAN_POINT('',(68.31715788946,-179.0271578894,0.));
#236 = DIRECTION('',(0.,0.,1.));
#237 = DIRECTION('',(-0.521006191615,-0.853552897188,0.));
#238 = ORIENTED_EDGE('',*,*,#239,.F.);
#239 = EDGE_CURVE('',#240,#231,#242,.T.);
#240 = VERTEX_POINT('',#241);
#241 = CARTESIAN_POINT('',(67.900353,-179.41,0.));
#242 = CIRCLE('',#243,0.299998582341);
#243 = AXIS2_PLACEMENT_3D('',#244,#245,#246);
#244 = CARTESIAN_POINT('',(67.900353755355,-179.7099985823,0.));
#245 = DIRECTION('',(0.,0.,-1.));
#246 = DIRECTION('',(-2.517861530724E-06,0.999999999997,0.));
#247 = ORIENTED_EDGE('',*,*,#248,.F.);
#248 = EDGE_CURVE('',#249,#240,#251,.T.);
#249 = VERTEX_POINT('',#250);
#250 = CARTESIAN_POINT('',(67.,-179.41,0.));
#251 = LINE('',#252,#253);
#252 = CARTESIAN_POINT('',(67.,-179.41,0.));
#253 = VECTOR('',#254,1.);
#254 = DIRECTION('',(1.,0.,0.));
#255 = ORIENTED_EDGE('',*,*,#256,.F.);
#256 = EDGE_CURVE('',#257,#249,#259,.T.);
#257 = VERTEX_POINT('',#258);
#258 = CARTESIAN_POINT('',(66.099647,-179.41,0.));
#259 = LINE('',#260,#261);
#260 = CARTESIAN_POINT('',(66.099647,-179.41,0.));
#261 = VECTOR('',#262,1.);
#262 = DIRECTION('',(1.,0.,0.));
#263 = ORIENTED_EDGE('',*,*,#264,.F.);
#264 = EDGE_CURVE('',#265,#257,#267,.T.);
#265 = VERTEX_POINT('',#266);
#266 = CARTESIAN_POINT('',(65.943345,-179.453934,0.));
#267 = CIRCLE('',#268,0.299998582341);
#268 = AXIS2_PLACEMENT_3D('',#269,#270,#271);
#269 = CARTESIAN_POINT('',(66.099646244645,-179.7099985823,0.));
#270 = DIRECTION('',(0.,0.,-1.));
#271 = DIRECTION('',(-0.52100661085,0.853552641289,0.));
#272 = ORIENTED_EDGE('',*,*,#273,.F.);
#273 = EDGE_CURVE('',#274,#265,#276,.T.);
#274 = VERTEX_POINT('',#275);
#275 = CARTESIAN_POINT('',(65.256066,-178.766655,0.));
#276 = CIRCLE('',#277,0.499999603944);
#277 = AXIS2_PLACEMENT_3D('',#278,#279,#280);
#278 = CARTESIAN_POINT('',(65.68284211054,-179.0271578894,0.));
#279 = DIRECTION('',(0.,0.,1.));
#280 = DIRECTION('',(-0.853552897188,0.521006191616,0.));
#281 = ORIENTED_EDGE('',*,*,#282,.F.);
#282 = EDGE_CURVE('',#283,#274,#285,.T.);
#283 = VERTEX_POINT('',#284);
#284 = CARTESIAN_POINT('',(65.3,-178.610353,0.));
#285 = CIRCLE('',#286,0.299998582341);
#286 = AXIS2_PLACEMENT_3D('',#287,#288,#289);
#287 = CARTESIAN_POINT('',(65.00000141766,-178.6103537553,0.));
#288 = DIRECTION('',(0.,0.,-1.));
#289 = DIRECTION('',(0.999999999997,2.517861388614E-06,0.));
#290 = ORIENTED_EDGE('',*,*,#291,.F.);
#291 = EDGE_CURVE('',#292,#283,#294,.T.);
#292 = VERTEX_POINT('',#293);
#293 = CARTESIAN_POINT('',(65.3,-177.91,0.));
#294 = LINE('',#295,#296);
#295 = CARTESIAN_POINT('',(65.3,-177.91,0.));
#296 = VECTOR('',#297,1.);
#297 = DIRECTION('',(0.,-1.,0.));
#298 = ORIENTED_EDGE('',*,*,#299,.F.);
#299 = EDGE_CURVE('',#300,#292,#302,.T.);
#300 = VERTEX_POINT('',#301);
#301 = CARTESIAN_POINT('',(65.3,-177.209647,0.));
#302 = LINE('',#303,#304);
#303 = CARTESIAN_POINT('',(65.3,-177.209647,0.));
#304 = VECTOR('',#305,1.);
#305 = DIRECTION('',(0.,-1.,0.));
#306 = ORIENTED_EDGE('',*,*,#307,.F.);
#307 = EDGE_CURVE('',#308,#300,#310,.T.);
#308 = VERTEX_POINT('',#309);
#309 = CARTESIAN_POINT('',(65.256066,-177.053345,0.));
#310 = CIRCLE('',#311,0.299998582341);
#311 = AXIS2_PLACEMENT_3D('',#312,#313,#314);
#312 = CARTESIAN_POINT('',(65.00000141766,-177.2096462446,0.));
#313 = DIRECTION('',(0.,0.,-1.));
#314 = DIRECTION('',(0.853552641289,0.52100661085,0.));
#315 = ORIENTED_EDGE('',*,*,#316,.F.);
#316 = EDGE_CURVE('',#317,#308,#319,.T.);
#317 = VERTEX_POINT('',#318);
#318 = CARTESIAN_POINT('',(65.943345,-176.366066,0.));
#319 = CIRCLE('',#320,0.499999603944);
#320 = AXIS2_PLACEMENT_3D('',#321,#322,#323);
#321 = CARTESIAN_POINT('',(65.68284211054,-176.7928421105,0.));
#322 = DIRECTION('',(0.,0.,1.));
#323 = DIRECTION('',(0.521006191615,0.853552897188,-0.));
#324 = ORIENTED_EDGE('',*,*,#325,.F.);
#325 = EDGE_CURVE('',#326,#317,#328,.T.);
#326 = VERTEX_POINT('',#327);
#327 = CARTESIAN_POINT('',(66.099647,-176.41,0.));
#328 = CIRCLE('',#329,0.299998582341);
#329 = AXIS2_PLACEMENT_3D('',#330,#331,#332);
#330 = CARTESIAN_POINT('',(66.099646244645,-176.1100014176,0.));
#331 = DIRECTION('',(0.,0.,-1.));
#332 = DIRECTION('',(2.517861530724E-06,-0.999999999997,0.));
#333 = ORIENTED_EDGE('',*,*,#334,.F.);
#334 = EDGE_CURVE('',#335,#326,#337,.T.);
#335 = VERTEX_POINT('',#336);
#336 = CARTESIAN_POINT('',(67.,-176.41,0.));
#337 = LINE('',#338,#339);
#338 = CARTESIAN_POINT('',(67.,-176.41,0.));
#339 = VECTOR('',#340,1.);
#340 = DIRECTION('',(-1.,0.,0.));
#341 = ORIENTED_EDGE('',*,*,#342,.F.);
#342 = EDGE_CURVE('',#343,#335,#345,.T.);
#343 = VERTEX_POINT('',#344);
#344 = CARTESIAN_POINT('',(67.900353,-176.41,0.));
#345 = LINE('',#346,#347);
#346 = CARTESIAN_POINT('',(67.900353,-176.41,0.));
#347 = VECTOR('',#348,1.);
#348 = DIRECTION('',(-1.,0.,0.));
#349 = ORIENTED_EDGE('',*,*,#350,.F.);
#350 = EDGE_CURVE('',#188,#343,#351,.T.);
#351 = CIRCLE('',#352,0.299998582341);
#352 = AXIS2_PLACEMENT_3D('',#353,#354,#355);
#353 = CARTESIAN_POINT('',(67.900353755355,-176.1100014176,0.));
#354 = DIRECTION('',(0.,0.,-1.));
#355 = DIRECTION('',(0.52100661085,-0.853552641289,0.));
#356 = FACE_BOUND('',#357,.F.);
#357 = EDGE_LOOP('',(#358));
#358 = ORIENTED_EDGE('',*,*,#359,.T.);
#359 = EDGE_CURVE('',#360,#360,#362,.T.);
#360 = VERTEX_POINT('',#361);
#361 = CARTESIAN_POINT('',(57.695,-167.41,0.));
#362 = CIRCLE('',#363,2.);
#363 = AXIS2_PLACEMENT_3D('',#364,#365,#366);
#364 = CARTESIAN_POINT('',(57.695,-165.41,0.));
#365 = DIRECTION('',(-0.,0.,-1.));
#366 = DIRECTION('',(-0.,-1.,0.));
#367 = FACE_BOUND('',#368,.F.);
#368 = EDGE_LOOP('',(#369));
#369 = ORIENTED_EDGE('',*,*,#370,.T.);
#370 = EDGE_CURVE('',#371,#371,#373,.T.);
#371 = VERTEX_POINT('',#372);
#372 = CARTESIAN_POINT('',(53.885,-163.62,0.));
#373 = CIRCLE('',#374,0.75);
#374 = AXIS2_PLACEMENT_3D('',#375,#376,#377);
#375 = CARTESIAN_POINT('',(53.885,-162.87,0.));
#376 = DIRECTION('',(-0.,0.,-1.));
#377 = DIRECTION('',(-0.,-1.,0.));
#378 = FACE_BOUND('',#379,.F.);
#379 = EDGE_LOOP('',(#380));
#380 = ORIENTED_EDGE('',*,*,#381,.T.);
#381 = EDGE_CURVE('',#382,#382,#384,.T.);
#382 = VERTEX_POINT('',#383);
#383 = CARTESIAN_POINT('',(60.235,-161.08,0.));
#384 = CIRCLE('',#385,0.75);
#385 = AXIS2_PLACEMENT_3D('',#386,#387,#388);
#386 = CARTESIAN_POINT('',(60.235,-160.33,0.));
#387 = DIRECTION('',(-0.,0.,-1.));
#388 = DIRECTION('',(-0.,-1.,0.));
#389 = FACE_BOUND('',#390,.F.);
#390 = EDGE_LOOP('',(#391));
#391 = ORIENTED_EDGE('',*,*,#392,.T.);
#392 = EDGE_CURVE('',#393,#393,#395,.T.);
#393 = VERTEX_POINT('',#394);
#394 = CARTESIAN_POINT('',(72.385,-177.31,0.));
#395 = CIRCLE('',#396,0.4);
#396 = AXIS2_PLACEMENT_3D('',#397,#398,#399);
#397 = CARTESIAN_POINT('',(72.385,-176.91,0.));
#398 = DIRECTION('',(-0.,0.,-1.));
#399 = DIRECTION('',(3.5527136788E-14,-1.,-0.));
#400 = FACE_BOUND('',#401,.F.);
#401 = EDGE_LOOP('',(#402));
#402 = ORIENTED_EDGE('',*,*,#403,.T.);
#403 = EDGE_CURVE('',#404,#404,#406,.T.);
#404 = VERTEX_POINT('',#405);
#405 = CARTESIAN_POINT('',(80.005,-177.31,0.));
#406 = CIRCLE('',#407,0.4);
#407 = AXIS2_PLACEMENT_3D('',#408,#409,#410);
#408 = CARTESIAN_POINT('',(80.005,-176.91,0.));
#409 = DIRECTION('',(-0.,0.,-1.));
#410 = DIRECTION('',(-0.,-1.,0.));
#411 = FACE_BOUND('',#412,.F.);
#412 = EDGE_LOOP('',(#413,#424,#433,#441,#449,#458,#467,#476,#484,#492,
    #501,#510,#519,#527,#535,#544,#553,#562,#570,#578));
#413 = ORIENTED_EDGE('',*,*,#414,.F.);
#414 = EDGE_CURVE('',#415,#417,#419,.T.);
#415 = VERTEX_POINT('',#416);
#416 = CARTESIAN_POINT('',(87.018934,-175.393345,0.));
#417 = VERTEX_POINT('',#418);
#418 = CARTESIAN_POINT('',(86.331655,-174.706066,0.));
#419 = CIRCLE('',#420,0.499999603944);
#420 = AXIS2_PLACEMENT_3D('',#421,#422,#423);
#421 = CARTESIAN_POINT('',(86.59215788946,-175.1328421105,0.));
#422 = DIRECTION('',(0.,0.,1.));
#423 = DIRECTION('',(0.853552897188,-0.521006191615,0.));
#424 = ORIENTED_EDGE('',*,*,#425,.F.);
#425 = EDGE_CURVE('',#426,#415,#428,.T.);
#426 = VERTEX_POINT('',#427);
#427 = CARTESIAN_POINT('',(86.975,-175.549647,0.));
#428 = CIRCLE('',#429,0.299998582341);
#429 = AXIS2_PLACEMENT_3D('',#430,#431,#432);
#430 = CARTESIAN_POINT('',(87.27499858234,-175.5496462446,0.));
#431 = DIRECTION('',(0.,0.,-1.));
#432 = DIRECTION('',(-0.999999999997,-2.517861199133E-06,-0.));
#433 = ORIENTED_EDGE('',*,*,#434,.F.);
#434 = EDGE_CURVE('',#435,#426,#437,.T.);
#435 = VERTEX_POINT('',#436);
#436 = CARTESIAN_POINT('',(86.975,-176.25,0.));
#437 = LINE('',#438,#439);
#438 = CARTESIAN_POINT('',(86.975,-176.25,0.));
#439 = VECTOR('',#440,1.);
#440 = DIRECTION('',(0.,1.,0.));
#441 = ORIENTED_EDGE('',*,*,#442,.F.);
#442 = EDGE_CURVE('',#443,#435,#445,.T.);
#443 = VERTEX_POINT('',#444);
#444 = CARTESIAN_POINT('',(86.975,-176.950353,0.));
#445 = LINE('',#446,#447);
#446 = CARTESIAN_POINT('',(86.975,-176.950353,0.));
#447 = VECTOR('',#448,1.);
#448 = DIRECTION('',(0.,1.,0.));
#449 = ORIENTED_EDGE('',*,*,#450,.F.);
#450 = EDGE_CURVE('',#451,#443,#453,.T.);
#451 = VERTEX_POINT('',#452);
#452 = CARTESIAN_POINT('',(87.018934,-177.106655,0.));
#453 = CIRCLE('',#454,0.299998582341);
#454 = AXIS2_PLACEMENT_3D('',#455,#456,#457);
#455 = CARTESIAN_POINT('',(87.27499858234,-176.9503537553,0.));
#456 = DIRECTION('',(0.,0.,-1.));
#457 = DIRECTION('',(-0.853552641289,-0.521006610849,-0.));
#458 = ORIENTED_EDGE('',*,*,#459,.F.);
#459 = EDGE_CURVE('',#460,#451,#462,.T.);
#460 = VERTEX_POINT('',#461);
#461 = CARTESIAN_POINT('',(86.331655,-177.793934,0.));
#462 = CIRCLE('',#463,0.499999603944);
#463 = AXIS2_PLACEMENT_3D('',#464,#465,#466);
#464 = CARTESIAN_POINT('',(86.59215788946,-177.3671578894,0.));
#465 = DIRECTION('',(0.,0.,1.));
#466 = DIRECTION('',(-0.521006191615,-0.853552897188,0.));
#467 = ORIENTED_EDGE('',*,*,#468,.F.);
#468 = EDGE_CURVE('',#469,#460,#471,.T.);
#469 = VERTEX_POINT('',#470);
#470 = CARTESIAN_POINT('',(86.175353,-177.75,0.));
#471 = CIRCLE('',#472,0.299998582341);
#472 = AXIS2_PLACEMENT_3D('',#473,#474,#475);
#473 = CARTESIAN_POINT('',(86.175353755355,-178.0499985823,0.));
#474 = DIRECTION('',(0.,0.,-1.));
#475 = DIRECTION('',(-2.517861578095E-06,0.999999999997,0.));
#476 = ORIENTED_EDGE('',*,*,#477,.F.);
#477 = EDGE_CURVE('',#478,#469,#480,.T.);
#478 = VERTEX_POINT('',#479);
#479 = CARTESIAN_POINT('',(85.275,-177.75,0.));
#480 = LINE('',#481,#482);
#481 = CARTESIAN_POINT('',(85.275,-177.75,0.));
#482 = VECTOR('',#483,1.);
#483 = DIRECTION('',(1.,0.,0.));
#484 = ORIENTED_EDGE('',*,*,#485,.F.);
#485 = EDGE_CURVE('',#486,#478,#488,.T.);
#486 = VERTEX_POINT('',#487);
#487 = CARTESIAN_POINT('',(84.374647,-177.75,0.));
#488 = LINE('',#489,#490);
#489 = CARTESIAN_POINT('',(84.374647,-177.75,0.));
#490 = VECTOR('',#491,1.);
#491 = DIRECTION('',(1.,0.,0.));
#492 = ORIENTED_EDGE('',*,*,#493,.F.);
#493 = EDGE_CURVE('',#494,#486,#496,.T.);
#494 = VERTEX_POINT('',#495);
#495 = CARTESIAN_POINT('',(84.218345,-177.793934,0.));
#496 = CIRCLE('',#497,0.299998582341);
#497 = AXIS2_PLACEMENT_3D('',#498,#499,#500);
#498 = CARTESIAN_POINT('',(84.374646244645,-178.0499985823,0.));
#499 = DIRECTION('',(0.,0.,-1.));
#500 = DIRECTION('',(-0.52100661085,0.853552641289,0.));
#501 = ORIENTED_EDGE('',*,*,#502,.F.);
#502 = EDGE_CURVE('',#503,#494,#505,.T.);
#503 = VERTEX_POINT('',#504);
#504 = CARTESIAN_POINT('',(83.531066,-177.106655,0.));
#505 = CIRCLE('',#506,0.499999603944);
#506 = AXIS2_PLACEMENT_3D('',#507,#508,#509);
#507 = CARTESIAN_POINT('',(83.95784211054,-177.3671578894,0.));
#508 = DIRECTION('',(0.,0.,1.));
#509 = DIRECTION('',(-0.853552897188,0.521006191615,0.));
#510 = ORIENTED_EDGE('',*,*,#511,.F.);
#511 = EDGE_CURVE('',#512,#503,#514,.T.);
#512 = VERTEX_POINT('',#513);
#513 = CARTESIAN_POINT('',(83.575,-176.950353,0.));
#514 = CIRCLE('',#515,0.299998582341);
#515 = AXIS2_PLACEMENT_3D('',#516,#517,#518);
#516 = CARTESIAN_POINT('',(83.27500141766,-176.9503537553,0.));
#517 = DIRECTION('',(0.,0.,-1.));
#518 = DIRECTION('',(0.999999999997,2.517861199133E-06,0.));
#519 = ORIENTED_EDGE('',*,*,#520,.F.);
#520 = EDGE_CURVE('',#521,#512,#523,.T.);
#521 = VERTEX_POINT('',#522);
#522 = CARTESIAN_POINT('',(83.575,-176.25,0.));
#523 = LINE('',#524,#525);
#524 = CARTESIAN_POINT('',(83.575,-176.25,0.));
#525 = VECTOR('',#526,1.);
#526 = DIRECTION('',(0.,-1.,0.));
#527 = ORIENTED_EDGE('',*,*,#528,.F.);
#528 = EDGE_CURVE('',#529,#521,#531,.T.);
#529 = VERTEX_POINT('',#530);
#530 = CARTESIAN_POINT('',(83.575,-175.549647,0.));
#531 = LINE('',#532,#533);
#532 = CARTESIAN_POINT('',(83.575,-175.549647,0.));
#533 = VECTOR('',#534,1.);
#534 = DIRECTION('',(0.,-1.,0.));
#535 = ORIENTED_EDGE('',*,*,#536,.F.);
#536 = EDGE_CURVE('',#537,#529,#539,.T.);
#537 = VERTEX_POINT('',#538);
#538 = CARTESIAN_POINT('',(83.531066,-175.393345,0.));
#539 = CIRCLE('',#540,0.299998582341);
#540 = AXIS2_PLACEMENT_3D('',#541,#542,#543);
#541 = CARTESIAN_POINT('',(83.27500141766,-175.5496462446,0.));
#542 = DIRECTION('',(0.,0.,-1.));
#543 = DIRECTION('',(0.853552641289,0.52100661085,0.));
#544 = ORIENTED_EDGE('',*,*,#545,.F.);
#545 = EDGE_CURVE('',#546,#537,#548,.T.);
#546 = VERTEX_POINT('',#547);
#547 = CARTESIAN_POINT('',(84.218345,-174.706066,0.));
#548 = CIRCLE('',#549,0.499999603944);
#549 = AXIS2_PLACEMENT_3D('',#550,#551,#552);
#550 = CARTESIAN_POINT('',(83.95784211054,-175.1328421105,0.));
#551 = DIRECTION('',(0.,0.,1.));
#552 = DIRECTION('',(0.521006191615,0.853552897188,-0.));
#553 = ORIENTED_EDGE('',*,*,#554,.F.);
#554 = EDGE_CURVE('',#555,#546,#557,.T.);
#555 = VERTEX_POINT('',#556);
#556 = CARTESIAN_POINT('',(84.374647,-174.75,0.));
#557 = CIRCLE('',#558,0.299998582341);
#558 = AXIS2_PLACEMENT_3D('',#559,#560,#561);
#559 = CARTESIAN_POINT('',(84.374646244645,-174.4500014176,0.));
#560 = DIRECTION('',(0.,0.,-1.));
#561 = DIRECTION('',(2.517861483354E-06,-0.999999999997,0.));
#562 = ORIENTED_EDGE('',*,*,#563,.F.);
#563 = EDGE_CURVE('',#564,#555,#566,.T.);
#564 = VERTEX_POINT('',#565);
#565 = CARTESIAN_POINT('',(85.275,-174.75,0.));
#566 = LINE('',#567,#568);
#567 = CARTESIAN_POINT('',(85.275,-174.75,0.));
#568 = VECTOR('',#569,1.);
#569 = DIRECTION('',(-1.,0.,0.));
#570 = ORIENTED_EDGE('',*,*,#571,.F.);
#571 = EDGE_CURVE('',#572,#564,#574,.T.);
#572 = VERTEX_POINT('',#573);
#573 = CARTESIAN_POINT('',(86.175353,-174.75,0.));
#574 = LINE('',#575,#576);
#575 = CARTESIAN_POINT('',(86.175353,-174.75,0.));
#576 = VECTOR('',#577,1.);
#577 = DIRECTION('',(-1.,0.,0.));
#578 = ORIENTED_EDGE('',*,*,#579,.F.);
#579 = EDGE_CURVE('',#417,#572,#580,.T.);
#580 = CIRCLE('',#581,0.299998582341);
#581 = AXIS2_PLACEMENT_3D('',#582,#583,#584);
#582 = CARTESIAN_POINT('',(86.175353755355,-174.4500014176,0.));
#583 = DIRECTION('',(0.,0.,-1.));
#584 = DIRECTION('',(0.52100661085,-0.853552641289,0.));
#585 = FACE_BOUND('',#586,.F.);
#586 = EDGE_LOOP('',(#587));
#587 = ORIENTED_EDGE('',*,*,#588,.T.);
#588 = EDGE_CURVE('',#589,#589,#591,.T.);
#589 = VERTEX_POINT('',#590);
#590 = CARTESIAN_POINT('',(79.92,-166.91,0.));
#591 = CIRCLE('',#592,2.);
#592 = AXIS2_PLACEMENT_3D('',#593,#594,#595);
#593 = CARTESIAN_POINT('',(79.92,-164.91,0.));
#594 = DIRECTION('',(-0.,0.,-1.));
#595 = DIRECTION('',(-0.,-1.,0.));
#596 = FACE_BOUND('',#597,.F.);
#597 = EDGE_LOOP('',(#598));
#598 = ORIENTED_EDGE('',*,*,#599,.T.);
#599 = EDGE_CURVE('',#600,#600,#602,.T.);
#600 = VERTEX_POINT('',#601);
#601 = CARTESIAN_POINT('',(76.11,-163.12,0.));
#602 = CIRCLE('',#603,0.75);
#603 = AXIS2_PLACEMENT_3D('',#604,#605,#606);
#604 = CARTESIAN_POINT('',(76.11,-162.37,0.));
#605 = DIRECTION('',(-0.,0.,-1.));
#606 = DIRECTION('',(-0.,-1.,0.));
#607 = FACE_BOUND('',#608,.F.);
#608 = EDGE_LOOP('',(#609));
#609 = ORIENTED_EDGE('',*,*,#610,.T.);
#610 = EDGE_CURVE('',#611,#611,#613,.T.);
#611 = VERTEX_POINT('',#612);
#612 = CARTESIAN_POINT('',(82.46,-160.58,0.));
#613 = CIRCLE('',#614,0.75);
#614 = AXIS2_PLACEMENT_3D('',#615,#616,#617);
#615 = CARTESIAN_POINT('',(82.46,-159.83,0.));
#616 = DIRECTION('',(-0.,0.,-1.));
#617 = DIRECTION('',(-0.,-1.,0.));
#618 = FACE_BOUND('',#619,.F.);
#619 = EDGE_LOOP('',(#620));
#620 = ORIENTED_EDGE('',*,*,#621,.T.);
#621 = EDGE_CURVE('',#622,#622,#624,.T.);
#622 = VERTEX_POINT('',#623);
#623 = CARTESIAN_POINT('',(49.465,-150.23,0.));
#624 = CIRCLE('',#625,0.4);
#625 = AXIS2_PLACEMENT_3D('',#626,#627,#628);
#626 = CARTESIAN_POINT('',(49.465,-149.83,0.));
#627 = DIRECTION('',(-0.,0.,-1.));
#628 = DIRECTION('',(-0.,-1.,0.));
#629 = FACE_BOUND('',#630,.F.);
#630 = EDGE_LOOP('',(#631));
#631 = ORIENTED_EDGE('',*,*,#632,.T.);
#632 = EDGE_CURVE('',#633,#633,#635,.T.);
#633 = VERTEX_POINT('',#634);
#634 = CARTESIAN_POINT('',(57.085,-150.23,0.));
#635 = CIRCLE('',#636,0.4);
#636 = AXIS2_PLACEMENT_3D('',#637,#638,#639);
#637 = CARTESIAN_POINT('',(57.085,-149.83,0.));
#638 = DIRECTION('',(-0.,0.,-1.));
#639 = DIRECTION('',(-0.,-1.,0.));
#640 = FACE_BOUND('',#641,.F.);
#641 = EDGE_LOOP('',(#642,#653,#662,#670,#678,#687,#696,#705,#713,#721,
    #730,#739,#748,#756,#764,#773,#782,#791,#799,#807));
#642 = ORIENTED_EDGE('',*,*,#643,.F.);
#643 = EDGE_CURVE('',#644,#646,#648,.T.);
#644 = VERTEX_POINT('',#645);
#645 = CARTESIAN_POINT('',(64.018934,-148.893345,0.));
#646 = VERTEX_POINT('',#647);
#647 = CARTESIAN_POINT('',(63.331655,-148.206066,0.));
#648 = CIRCLE('',#649,0.499999603944);
#649 = AXIS2_PLACEMENT_3D('',#650,#651,#652);
#650 = CARTESIAN_POINT('',(63.59215788946,-148.6328421105,0.));
#651 = DIRECTION('',(0.,0.,1.));
#652 = DIRECTION('',(0.853552897188,-0.521006191615,0.));
#653 = ORIENTED_EDGE('',*,*,#654,.F.);
#654 = EDGE_CURVE('',#655,#644,#657,.T.);
#655 = VERTEX_POINT('',#656);
#656 = CARTESIAN_POINT('',(63.975,-149.049647,0.));
#657 = CIRCLE('',#658,0.299998582341);
#658 = AXIS2_PLACEMENT_3D('',#659,#660,#661);
#659 = CARTESIAN_POINT('',(64.27499858234,-149.0496462446,0.));
#660 = DIRECTION('',(0.,0.,-1.));
#661 = DIRECTION('',(-0.999999999997,-2.517861388613E-06,-0.));
#662 = ORIENTED_EDGE('',*,*,#663,.F.);
#663 = EDGE_CURVE('',#664,#655,#666,.T.);
#664 = VERTEX_POINT('',#665);
#665 = CARTESIAN_POINT('',(63.975,-149.75,0.));
#666 = LINE('',#667,#668);
#667 = CARTESIAN_POINT('',(63.975,-149.75,0.));
#668 = VECTOR('',#669,1.);
#669 = DIRECTION('',(0.,1.,0.));
#670 = ORIENTED_EDGE('',*,*,#671,.F.);
#671 = EDGE_CURVE('',#672,#664,#674,.T.);
#672 = VERTEX_POINT('',#673);
#673 = CARTESIAN_POINT('',(63.975,-150.450353,0.));
#674 = LINE('',#675,#676);
#675 = CARTESIAN_POINT('',(63.975,-150.450353,0.));
#676 = VECTOR('',#677,1.);
#677 = DIRECTION('',(0.,1.,0.));
#678 = ORIENTED_EDGE('',*,*,#679,.F.);
#679 = EDGE_CURVE('',#680,#672,#682,.T.);
#680 = VERTEX_POINT('',#681);
#681 = CARTESIAN_POINT('',(64.018934,-150.606655,0.));
#682 = CIRCLE('',#683,0.299998582341);
#683 = AXIS2_PLACEMENT_3D('',#684,#685,#686);
#684 = CARTESIAN_POINT('',(64.27499858234,-150.4503537553,0.));
#685 = DIRECTION('',(0.,0.,-1.));
#686 = DIRECTION('',(-0.853552641289,-0.521006610849,-0.));
#687 = ORIENTED_EDGE('',*,*,#688,.F.);
#688 = EDGE_CURVE('',#689,#680,#691,.T.);
#689 = VERTEX_POINT('',#690);
#690 = CARTESIAN_POINT('',(63.331655,-151.293934,0.));
#691 = CIRCLE('',#692,0.499999603944);
#692 = AXIS2_PLACEMENT_3D('',#693,#694,#695);
#693 = CARTESIAN_POINT('',(63.59215788946,-150.8671578894,0.));
#694 = DIRECTION('',(0.,0.,1.));
#695 = DIRECTION('',(-0.521006191615,-0.853552897188,0.));
#696 = ORIENTED_EDGE('',*,*,#697,.F.);
#697 = EDGE_CURVE('',#698,#689,#700,.T.);
#698 = VERTEX_POINT('',#699);
#699 = CARTESIAN_POINT('',(63.175353,-151.25,0.));
#700 = CIRCLE('',#701,0.299998582341);
#701 = AXIS2_PLACEMENT_3D('',#702,#703,#704);
#702 = CARTESIAN_POINT('',(63.175353755355,-151.5499985823,0.));
#703 = DIRECTION('',(0.,0.,-1.));
#704 = DIRECTION('',(-2.517861507039E-06,0.999999999997,0.));
#705 = ORIENTED_EDGE('',*,*,#706,.F.);
#706 = EDGE_CURVE('',#707,#698,#709,.T.);
#707 = VERTEX_POINT('',#708);
#708 = CARTESIAN_POINT('',(62.275,-151.25,0.));
#709 = LINE('',#710,#711);
#710 = CARTESIAN_POINT('',(62.275,-151.25,0.));
#711 = VECTOR('',#712,1.);
#712 = DIRECTION('',(1.,0.,0.));
#713 = ORIENTED_EDGE('',*,*,#714,.F.);
#714 = EDGE_CURVE('',#715,#707,#717,.T.);
#715 = VERTEX_POINT('',#716);
#716 = CARTESIAN_POINT('',(61.374647,-151.25,0.));
#717 = LINE('',#718,#719);
#718 = CARTESIAN_POINT('',(61.374647,-151.25,0.));
#719 = VECTOR('',#720,1.);
#720 = DIRECTION('',(1.,0.,0.));
#721 = ORIENTED_EDGE('',*,*,#722,.F.);
#722 = EDGE_CURVE('',#723,#715,#725,.T.);
#723 = VERTEX_POINT('',#724);
#724 = CARTESIAN_POINT('',(61.218345,-151.293934,0.));
#725 = CIRCLE('',#726,0.299998582341);
#726 = AXIS2_PLACEMENT_3D('',#727,#728,#729);
#727 = CARTESIAN_POINT('',(61.374646244645,-151.5499985823,0.));
#728 = DIRECTION('',(0.,0.,-1.));
#729 = DIRECTION('',(-0.52100661085,0.853552641289,0.));
#730 = ORIENTED_EDGE('',*,*,#731,.F.);
#731 = EDGE_CURVE('',#732,#723,#734,.T.);
#732 = VERTEX_POINT('',#733);
#733 = CARTESIAN_POINT('',(60.531066,-150.606655,0.));
#734 = CIRCLE('',#735,0.499999603944);
#735 = AXIS2_PLACEMENT_3D('',#736,#737,#738);
#736 = CARTESIAN_POINT('',(60.95784211054,-150.8671578894,0.));
#737 = DIRECTION('',(0.,0.,1.));
#738 = DIRECTION('',(-0.853552897188,0.521006191616,0.));
#739 = ORIENTED_EDGE('',*,*,#740,.F.);
#740 = EDGE_CURVE('',#741,#732,#743,.T.);
#741 = VERTEX_POINT('',#742);
#742 = CARTESIAN_POINT('',(60.575,-150.450353,0.));
#743 = CIRCLE('',#744,0.299998582341);
#744 = AXIS2_PLACEMENT_3D('',#745,#746,#747);
#745 = CARTESIAN_POINT('',(60.27500141766,-150.4503537553,0.));
#746 = DIRECTION('',(0.,0.,-1.));
#747 = DIRECTION('',(0.999999999997,2.517861388613E-06,0.));
#748 = ORIENTED_EDGE('',*,*,#749,.F.);
#749 = EDGE_CURVE('',#750,#741,#752,.T.);
#750 = VERTEX_POINT('',#751);
#751 = CARTESIAN_POINT('',(60.575,-149.75,0.));
#752 = LINE('',#753,#754);
#753 = CARTESIAN_POINT('',(60.575,-149.75,0.));
#754 = VECTOR('',#755,1.);
#755 = DIRECTION('',(0.,-1.,0.));
#756 = ORIENTED_EDGE('',*,*,#757,.F.);
#757 = EDGE_CURVE('',#758,#750,#760,.T.);
#758 = VERTEX_POINT('',#759);
#759 = CARTESIAN_POINT('',(60.575,-149.049647,0.));
#760 = LINE('',#761,#762);
#761 = CARTESIAN_POINT('',(60.575,-149.049647,0.));
#762 = VECTOR('',#763,1.);
#763 = DIRECTION('',(0.,-1.,0.));
#764 = ORIENTED_EDGE('',*,*,#765,.F.);
#765 = EDGE_CURVE('',#766,#758,#768,.T.);
#766 = VERTEX_POINT('',#767);
#767 = CARTESIAN_POINT('',(60.531066,-148.893345,0.));
#768 = CIRCLE('',#769,0.299998582341);
#769 = AXIS2_PLACEMENT_3D('',#770,#771,#772);
#770 = CARTESIAN_POINT('',(60.27500141766,-149.0496462446,0.));
#771 = DIRECTION('',(0.,0.,-1.));
#772 = DIRECTION('',(0.853552641289,0.52100661085,0.));
#773 = ORIENTED_EDGE('',*,*,#774,.F.);
#774 = EDGE_CURVE('',#775,#766,#777,.T.);
#775 = VERTEX_POINT('',#776);
#776 = CARTESIAN_POINT('',(61.218345,-148.206066,0.));
#777 = CIRCLE('',#778,0.499999603944);
#778 = AXIS2_PLACEMENT_3D('',#779,#780,#781);
#779 = CARTESIAN_POINT('',(60.95784211054,-148.6328421105,0.));
#780 = DIRECTION('',(0.,0.,1.));
#781 = DIRECTION('',(0.521006191615,0.853552897188,-0.));
#782 = ORIENTED_EDGE('',*,*,#783,.F.);
#783 = EDGE_CURVE('',#784,#775,#786,.T.);
#784 = VERTEX_POINT('',#785);
#785 = CARTESIAN_POINT('',(61.374647,-148.25,0.));
#786 = CIRCLE('',#787,0.299998582341);
#787 = AXIS2_PLACEMENT_3D('',#788,#789,#790);
#788 = CARTESIAN_POINT('',(61.374646244645,-147.9500014176,0.));
#789 = DIRECTION('',(0.,0.,-1.));
#790 = DIRECTION('',(2.517861530724E-06,-0.999999999997,0.));
#791 = ORIENTED_EDGE('',*,*,#792,.F.);
#792 = EDGE_CURVE('',#793,#784,#795,.T.);
#793 = VERTEX_POINT('',#794);
#794 = CARTESIAN_POINT('',(62.275,-148.25,0.));
#795 = LINE('',#796,#797);
#796 = CARTESIAN_POINT('',(62.275,-148.25,0.));
#797 = VECTOR('',#798,1.);
#798 = DIRECTION('',(-1.,0.,0.));
#799 = ORIENTED_EDGE('',*,*,#800,.F.);
#800 = EDGE_CURVE('',#801,#793,#803,.T.);
#801 = VERTEX_POINT('',#802);
#802 = CARTESIAN_POINT('',(63.175353,-148.25,0.));
#803 = LINE('',#804,#805);
#804 = CARTESIAN_POINT('',(63.175353,-148.25,0.));
#805 = VECTOR('',#806,1.);
#806 = DIRECTION('',(-1.,0.,0.));
#807 = ORIENTED_EDGE('',*,*,#808,.F.);
#808 = EDGE_CURVE('',#646,#801,#809,.T.);
#809 = CIRCLE('',#810,0.299998582341);
#810 = AXIS2_PLACEMENT_3D('',#811,#812,#813);
#811 = CARTESIAN_POINT('',(63.175353755355,-147.9500014176,0.));
#812 = DIRECTION('',(0.,0.,-1.));
#813 = DIRECTION('',(0.52100661085,-0.853552641289,0.));
#814 = FACE_BOUND('',#815,.F.);
#815 = EDGE_LOOP('',(#816));
#816 = ORIENTED_EDGE('',*,*,#817,.T.);
#817 = EDGE_CURVE('',#818,#818,#820,.T.);
#818 = VERTEX_POINT('',#819);
#819 = CARTESIAN_POINT('',(53.925,-135.04,0.));
#820 = CIRCLE('',#821,0.75);
#821 = AXIS2_PLACEMENT_3D('',#822,#823,#824);
#822 = CARTESIAN_POINT('',(53.925,-134.29,0.));
#823 = DIRECTION('',(-0.,0.,-1.));
#824 = DIRECTION('',(-0.,-1.,0.));
#825 = FACE_BOUND('',#826,.F.);
#826 = EDGE_LOOP('',(#827));
#827 = ORIENTED_EDGE('',*,*,#828,.T.);
#828 = EDGE_CURVE('',#829,#829,#831,.T.);
#829 = VERTEX_POINT('',#830);
#830 = CARTESIAN_POINT('',(57.735,-138.83,0.));
#831 = CIRCLE('',#832,2.);
#832 = AXIS2_PLACEMENT_3D('',#833,#834,#835);
#833 = CARTESIAN_POINT('',(57.735,-136.83,0.));
#834 = DIRECTION('',(-0.,0.,-1.));
#835 = DIRECTION('',(-0.,-1.,0.));
#836 = FACE_BOUND('',#837,.F.);
#837 = EDGE_LOOP('',(#838));
#838 = ORIENTED_EDGE('',*,*,#839,.T.);
#839 = EDGE_CURVE('',#840,#840,#842,.T.);
#840 = VERTEX_POINT('',#841);
#841 = CARTESIAN_POINT('',(72.465,-150.15,0.));
#842 = CIRCLE('',#843,0.4);
#843 = AXIS2_PLACEMENT_3D('',#844,#845,#846);
#844 = CARTESIAN_POINT('',(72.465,-149.75,0.));
#845 = DIRECTION('',(-0.,0.,-1.));
#846 = DIRECTION('',(-0.,-1.,0.));
#847 = FACE_BOUND('',#848,.F.);
#848 = EDGE_LOOP('',(#849));
#849 = ORIENTED_EDGE('',*,*,#850,.T.);
#850 = EDGE_CURVE('',#851,#851,#853,.T.);
#851 = VERTEX_POINT('',#852);
#852 = CARTESIAN_POINT('',(80.085,-150.15,0.));
#853 = CIRCLE('',#854,0.4);
#854 = AXIS2_PLACEMENT_3D('',#855,#856,#857);
#855 = CARTESIAN_POINT('',(80.085,-149.75,0.));
#856 = DIRECTION('',(-0.,0.,-1.));
#857 = DIRECTION('',(-3.5527136788E-14,-1.,0.));
#858 = FACE_BOUND('',#859,.F.);
#859 = EDGE_LOOP('',(#860,#871,#880,#888,#896,#905,#914,#923,#931,#939,
    #948,#957,#966,#974,#982,#991,#1000,#1009,#1017,#1025));
#860 = ORIENTED_EDGE('',*,*,#861,.F.);
#861 = EDGE_CURVE('',#862,#864,#866,.T.);
#862 = VERTEX_POINT('',#863);
#863 = CARTESIAN_POINT('',(87.018934,-148.893345,0.));
#864 = VERTEX_POINT('',#865);
#865 = CARTESIAN_POINT('',(86.331655,-148.206066,0.));
#866 = CIRCLE('',#867,0.499999603944);
#867 = AXIS2_PLACEMENT_3D('',#868,#869,#870);
#868 = CARTESIAN_POINT('',(86.59215788946,-148.6328421105,0.));
#869 = DIRECTION('',(0.,0.,1.));
#870 = DIRECTION('',(0.853552897188,-0.521006191615,0.));
#871 = ORIENTED_EDGE('',*,*,#872,.F.);
#872 = EDGE_CURVE('',#873,#862,#875,.T.);
#873 = VERTEX_POINT('',#874);
#874 = CARTESIAN_POINT('',(86.975,-149.049647,0.));
#875 = CIRCLE('',#876,0.299998582341);
#876 = AXIS2_PLACEMENT_3D('',#877,#878,#879);
#877 = CARTESIAN_POINT('',(87.27499858234,-149.0496462446,0.));
#878 = DIRECTION('',(0.,0.,-1.));
#879 = DIRECTION('',(-0.999999999997,-2.517861199133E-06,-0.));
#880 = ORIENTED_EDGE('',*,*,#881,.F.);
#881 = EDGE_CURVE('',#882,#873,#884,.T.);
#882 = VERTEX_POINT('',#883);
#883 = CARTESIAN_POINT('',(86.975,-149.75,0.));
#884 = LINE('',#885,#886);
#885 = CARTESIAN_POINT('',(86.975,-149.75,0.));
#886 = VECTOR('',#887,1.);
#887 = DIRECTION('',(0.,1.,0.));
#888 = ORIENTED_EDGE('',*,*,#889,.F.);
#889 = EDGE_CURVE('',#890,#882,#892,.T.);
#890 = VERTEX_POINT('',#891);
#891 = CARTESIAN_POINT('',(86.975,-150.450353,0.));
#892 = LINE('',#893,#894);
#893 = CARTESIAN_POINT('',(86.975,-150.450353,0.));
#894 = VECTOR('',#895,1.);
#895 = DIRECTION('',(0.,1.,0.));
#896 = ORIENTED_EDGE('',*,*,#897,.F.);
#897 = EDGE_CURVE('',#898,#890,#900,.T.);
#898 = VERTEX_POINT('',#899);
#899 = CARTESIAN_POINT('',(87.018934,-150.606655,0.));
#900 = CIRCLE('',#901,0.299998582341);
#901 = AXIS2_PLACEMENT_3D('',#902,#903,#904);
#902 = CARTESIAN_POINT('',(87.27499858234,-150.4503537553,0.));
#903 = DIRECTION('',(0.,0.,-1.));
#904 = DIRECTION('',(-0.853552641289,-0.521006610849,-0.));
#905 = ORIENTED_EDGE('',*,*,#906,.F.);
#906 = EDGE_CURVE('',#907,#898,#909,.T.);
#907 = VERTEX_POINT('',#908);
#908 = CARTESIAN_POINT('',(86.331655,-151.293934,0.));
#909 = CIRCLE('',#910,0.499999603944);
#910 = AXIS2_PLACEMENT_3D('',#911,#912,#913);
#911 = CARTESIAN_POINT('',(86.59215788946,-150.8671578894,0.));
#912 = DIRECTION('',(0.,0.,1.));
#913 = DIRECTION('',(-0.521006191615,-0.853552897188,0.));
#914 = ORIENTED_EDGE('',*,*,#915,.F.);
#915 = EDGE_CURVE('',#916,#907,#918,.T.);
#916 = VERTEX_POINT('',#917);
#917 = CARTESIAN_POINT('',(86.175353,-151.25,0.));
#918 = CIRCLE('',#919,0.299998582341);
#919 = AXIS2_PLACEMENT_3D('',#920,#921,#922);
#920 = CARTESIAN_POINT('',(86.175353755355,-151.5499985823,0.));
#921 = DIRECTION('',(0.,0.,-1.));
#922 = DIRECTION('',(-2.517861578095E-06,0.999999999997,0.));
#923 = ORIENTED_EDGE('',*,*,#924,.F.);
#924 = EDGE_CURVE('',#925,#916,#927,.T.);
#925 = VERTEX_POINT('',#926);
#926 = CARTESIAN_POINT('',(85.275,-151.25,0.));
#927 = LINE('',#928,#929);
#928 = CARTESIAN_POINT('',(85.275,-151.25,0.));
#929 = VECTOR('',#930,1.);
#930 = DIRECTION('',(1.,0.,0.));
#931 = ORIENTED_EDGE('',*,*,#932,.F.);
#932 = EDGE_CURVE('',#933,#925,#935,.T.);
#933 = VERTEX_POINT('',#934);
#934 = CARTESIAN_POINT('',(84.374647,-151.25,0.));
#935 = LINE('',#936,#937);
#936 = CARTESIAN_POINT('',(84.374647,-151.25,0.));
#937 = VECTOR('',#938,1.);
#938 = DIRECTION('',(1.,0.,0.));
#939 = ORIENTED_EDGE('',*,*,#940,.F.);
#940 = EDGE_CURVE('',#941,#933,#943,.T.);
#941 = VERTEX_POINT('',#942);
#942 = CARTESIAN_POINT('',(84.218345,-151.293934,0.));
#943 = CIRCLE('',#944,0.299998582341);
#944 = AXIS2_PLACEMENT_3D('',#945,#946,#947);
#945 = CARTESIAN_POINT('',(84.374646244645,-151.5499985823,0.));
#946 = DIRECTION('',(0.,0.,-1.));
#947 = DIRECTION('',(-0.52100661085,0.853552641289,0.));
#948 = ORIENTED_EDGE('',*,*,#949,.F.);
#949 = EDGE_CURVE('',#950,#941,#952,.T.);
#950 = VERTEX_POINT('',#951);
#951 = CARTESIAN_POINT('',(83.531066,-150.606655,0.));
#952 = CIRCLE('',#953,0.499999603944);
#953 = AXIS2_PLACEMENT_3D('',#954,#955,#956);
#954 = CARTESIAN_POINT('',(83.95784211054,-150.8671578894,0.));
#955 = DIRECTION('',(0.,0.,1.));
#956 = DIRECTION('',(-0.853552897188,0.521006191615,0.));
#957 = ORIENTED_EDGE('',*,*,#958,.F.);
#958 = EDGE_CURVE('',#959,#950,#961,.T.);
#959 = VERTEX_POINT('',#960);
#960 = CARTESIAN_POINT('',(83.575,-150.450353,0.));
#961 = CIRCLE('',#962,0.299998582341);
#962 = AXIS2_PLACEMENT_3D('',#963,#964,#965);
#963 = CARTESIAN_POINT('',(83.27500141766,-150.4503537553,0.));
#964 = DIRECTION('',(0.,0.,-1.));
#965 = DIRECTION('',(0.999999999997,2.517861199133E-06,0.));
#966 = ORIENTED_EDGE('',*,*,#967,.F.);
#967 = EDGE_CURVE('',#968,#959,#970,.T.);
#968 = VERTEX_POINT('',#969);
#969 = CARTESIAN_POINT('',(83.575,-149.75,0.));
#970 = LINE('',#971,#972);
#971 = CARTESIAN_POINT('',(83.575,-149.75,0.));
#972 = VECTOR('',#973,1.);
#973 = DIRECTION('',(0.,-1.,0.));
#974 = ORIENTED_EDGE('',*,*,#975,.F.);
#975 = EDGE_CURVE('',#976,#968,#978,.T.);
#976 = VERTEX_POINT('',#977);
#977 = CARTESIAN_POINT('',(83.575,-149.049647,0.));
#978 = LINE('',#979,#980);
#979 = CARTESIAN_POINT('',(83.575,-149.049647,0.));
#980 = VECTOR('',#981,1.);
#981 = DIRECTION('',(0.,-1.,0.));
#982 = ORIENTED_EDGE('',*,*,#983,.F.);
#983 = EDGE_CURVE('',#984,#976,#986,.T.);
#984 = VERTEX_POINT('',#985);
#985 = CARTESIAN_POINT('',(83.531066,-148.893345,0.));
#986 = CIRCLE('',#987,0.299998582341);
#987 = AXIS2_PLACEMENT_3D('',#988,#989,#990);
#988 = CARTESIAN_POINT('',(83.27500141766,-149.0496462446,0.));
#989 = DIRECTION('',(0.,0.,-1.));
#990 = DIRECTION('',(0.853552641289,0.52100661085,0.));
#991 = ORIENTED_EDGE('',*,*,#992,.F.);
#992 = EDGE_CURVE('',#993,#984,#995,.T.);
#993 = VERTEX_POINT('',#994);
#994 = CARTESIAN_POINT('',(84.218345,-148.206066,0.));
#995 = CIRCLE('',#996,0.499999603944);
#996 = AXIS2_PLACEMENT_3D('',#997,#998,#999);
#997 = CARTESIAN_POINT('',(83.95784211054,-148.6328421105,0.));
#998 = DIRECTION('',(0.,0.,1.));
#999 = DIRECTION('',(0.521006191615,0.853552897188,-0.));
#1000 = ORIENTED_EDGE('',*,*,#1001,.F.);
#1001 = EDGE_CURVE('',#1002,#993,#1004,.T.);
#1002 = VERTEX_POINT('',#1003);
#1003 = CARTESIAN_POINT('',(84.374647,-148.25,0.));
#1004 = CIRCLE('',#1005,0.299998582341);
#1005 = AXIS2_PLACEMENT_3D('',#1006,#1007,#1008);
#1006 = CARTESIAN_POINT('',(84.374646244645,-147.9500014176,0.));
#1007 = DIRECTION('',(0.,0.,-1.));
#1008 = DIRECTION('',(2.517861483354E-06,-0.999999999997,0.));
#1009 = ORIENTED_EDGE('',*,*,#1010,.F.);
#1010 = EDGE_CURVE('',#1011,#1002,#1013,.T.);
#1011 = VERTEX_POINT('',#1012);
#1012 = CARTESIAN_POINT('',(85.275,-148.25,0.));
#1013 = LINE('',#1014,#1015);
#1014 = CARTESIAN_POINT('',(85.275,-148.25,0.));
#1015 = VECTOR('',#1016,1.);
#1016 = DIRECTION('',(-1.,0.,0.));
#1017 = ORIENTED_EDGE('',*,*,#1018,.F.);
#1018 = EDGE_CURVE('',#1019,#1011,#1021,.T.);
#1019 = VERTEX_POINT('',#1020);
#1020 = CARTESIAN_POINT('',(86.175353,-148.25,0.));
#1021 = LINE('',#1022,#1023);
#1022 = CARTESIAN_POINT('',(86.175353,-148.25,0.));
#1023 = VECTOR('',#1024,1.);
#1024 = DIRECTION('',(-1.,0.,0.));
#1025 = ORIENTED_EDGE('',*,*,#1026,.F.);
#1026 = EDGE_CURVE('',#864,#1019,#1027,.T.);
#1027 = CIRCLE('',#1028,0.299998582341);
#1028 = AXIS2_PLACEMENT_3D('',#1029,#1030,#1031);
#1029 = CARTESIAN_POINT('',(86.175353755355,-147.9500014176,0.));
#1030 = DIRECTION('',(0.,0.,-1.));
#1031 = DIRECTION('',(0.52100661085,-0.853552641289,0.));
#1032 = FACE_BOUND('',#1033,.F.);
#1033 = EDGE_LOOP('',(#1034));
#1034 = ORIENTED_EDGE('',*,*,#1035,.T.);
#1035 = EDGE_CURVE('',#1036,#1036,#1038,.T.);
#1036 = VERTEX_POINT('',#1037);
#1037 = CARTESIAN_POINT('',(76.925,-135.04,0.));
#1038 = CIRCLE('',#1039,0.75);
#1039 = AXIS2_PLACEMENT_3D('',#1040,#1041,#1042);
#1040 = CARTESIAN_POINT('',(76.925,-134.29,0.));
#1041 = DIRECTION('',(-0.,0.,-1.));
#1042 = DIRECTION('',(-0.,-1.,0.));
#1043 = FACE_BOUND('',#1044,.F.);
#1044 = EDGE_LOOP('',(#1045));
#1045 = ORIENTED_EDGE('',*,*,#1046,.T.);
#1046 = EDGE_CURVE('',#1047,#1047,#1049,.T.);
#1047 = VERTEX_POINT('',#1048);
#1048 = CARTESIAN_POINT('',(80.735,-138.83,0.));
#1049 = CIRCLE('',#1050,2.);
#1050 = AXIS2_PLACEMENT_3D('',#1051,#1052,#1053);
#1051 = CARTESIAN_POINT('',(80.735,-136.83,0.));
#1052 = DIRECTION('',(-0.,0.,-1.));
#1053 = DIRECTION('',(-0.,-1.,0.));
#1054 = FACE_BOUND('',#1055,.F.);
#1055 = EDGE_LOOP('',(#1056));
#1056 = ORIENTED_EDGE('',*,*,#1057,.T.);
#1057 = EDGE_CURVE('',#1058,#1058,#1060,.T.);
#1058 = VERTEX_POINT('',#1059);
#1059 = CARTESIAN_POINT('',(94.385,-177.31,0.));
#1060 = CIRCLE('',#1061,0.4);
#1061 = AXIS2_PLACEMENT_3D('',#1062,#1063,#1064);
#1062 = CARTESIAN_POINT('',(94.385,-176.91,0.));
#1063 = DIRECTION('',(-0.,0.,-1.));
#1064 = DIRECTION('',(3.5527136788E-14,-1.,-0.));
#1065 = FACE_BOUND('',#1066,.F.);
#1066 = EDGE_LOOP('',(#1067));
#1067 = ORIENTED_EDGE('',*,*,#1068,.T.);
#1068 = EDGE_CURVE('',#1069,#1069,#1071,.T.);
#1069 = VERTEX_POINT('',#1070);
#1070 = CARTESIAN_POINT('',(102.005,-177.31,0.));
#1071 = CIRCLE('',#1072,0.4);
#1072 = AXIS2_PLACEMENT_3D('',#1073,#1074,#1075);
#1073 = CARTESIAN_POINT('',(102.005,-176.91,0.));
#1074 = DIRECTION('',(-0.,0.,-1.));
#1075 = DIRECTION('',(-0.,-1.,0.));
#1076 = FACE_BOUND('',#1077,.F.);
#1077 = EDGE_LOOP('',(#1078,#1089,#1098,#1106,#1114,#1123,#1132,#1141,
    #1149,#1157,#1166,#1175,#1184,#1192,#1200,#1209,#1218,#1227,#1235,
    #1243));
#1078 = ORIENTED_EDGE('',*,*,#1079,.F.);
#1079 = EDGE_CURVE('',#1080,#1082,#1084,.T.);
#1080 = VERTEX_POINT('',#1081);
#1081 = CARTESIAN_POINT('',(108.938934,-176.053345,0.));
#1082 = VERTEX_POINT('',#1083);
#1083 = CARTESIAN_POINT('',(108.251655,-175.366066,0.));
#1084 = CIRCLE('',#1085,0.499999603944);
#1085 = AXIS2_PLACEMENT_3D('',#1086,#1087,#1088);
#1086 = CARTESIAN_POINT('',(108.51215788946,-175.7928421105,0.));
#1087 = DIRECTION('',(0.,0.,1.));
#1088 = DIRECTION('',(0.853552897188,-0.521006191615,0.));
#1089 = ORIENTED_EDGE('',*,*,#1090,.F.);
#1090 = EDGE_CURVE('',#1091,#1080,#1093,.T.);
#1091 = VERTEX_POINT('',#1092);
#1092 = CARTESIAN_POINT('',(108.895,-176.209647,0.));
#1093 = CIRCLE('',#1094,0.299998582341);
#1094 = AXIS2_PLACEMENT_3D('',#1095,#1096,#1097);
#1095 = CARTESIAN_POINT('',(109.19499858234,-176.2096462446,0.));
#1096 = DIRECTION('',(0.,0.,-1.));
#1097 = DIRECTION('',(-0.999999999997,-2.517861104394E-06,-0.));
#1098 = ORIENTED_EDGE('',*,*,#1099,.F.);
#1099 = EDGE_CURVE('',#1100,#1091,#1102,.T.);
#1100 = VERTEX_POINT('',#1101);
#1101 = CARTESIAN_POINT('',(108.895,-176.91,0.));
#1102 = LINE('',#1103,#1104);
#1103 = CARTESIAN_POINT('',(108.895,-176.91,0.));
#1104 = VECTOR('',#1105,1.);
#1105 = DIRECTION('',(0.,1.,0.));
#1106 = ORIENTED_EDGE('',*,*,#1107,.F.);
#1107 = EDGE_CURVE('',#1108,#1100,#1110,.T.);
#1108 = VERTEX_POINT('',#1109);
#1109 = CARTESIAN_POINT('',(108.895,-177.610353,0.));
#1110 = LINE('',#1111,#1112);
#1111 = CARTESIAN_POINT('',(108.895,-177.610353,0.));
#1112 = VECTOR('',#1113,1.);
#1113 = DIRECTION('',(0.,1.,0.));
#1114 = ORIENTED_EDGE('',*,*,#1115,.F.);
#1115 = EDGE_CURVE('',#1116,#1108,#1118,.T.);
#1116 = VERTEX_POINT('',#1117);
#1117 = CARTESIAN_POINT('',(108.938934,-177.766655,0.));
#1118 = CIRCLE('',#1119,0.299998582341);
#1119 = AXIS2_PLACEMENT_3D('',#1120,#1121,#1122);
#1120 = CARTESIAN_POINT('',(109.19499858234,-177.6103537553,0.));
#1121 = DIRECTION('',(0.,0.,-1.));
#1122 = DIRECTION('',(-0.853552641289,-0.52100661085,-0.));
#1123 = ORIENTED_EDGE('',*,*,#1124,.F.);
#1124 = EDGE_CURVE('',#1125,#1116,#1127,.T.);
#1125 = VERTEX_POINT('',#1126);
#1126 = CARTESIAN_POINT('',(108.251655,-178.453934,0.));
#1127 = CIRCLE('',#1128,0.499999603944);
#1128 = AXIS2_PLACEMENT_3D('',#1129,#1130,#1131);
#1129 = CARTESIAN_POINT('',(108.51215788946,-178.0271578894,0.));
#1130 = DIRECTION('',(0.,0.,1.));
#1131 = DIRECTION('',(-0.521006191615,-0.853552897188,0.));
#1132 = ORIENTED_EDGE('',*,*,#1133,.F.);
#1133 = EDGE_CURVE('',#1134,#1125,#1136,.T.);
#1134 = VERTEX_POINT('',#1135);
#1135 = CARTESIAN_POINT('',(108.095353,-178.41,0.));
#1136 = CIRCLE('',#1137,0.299998582341);
#1137 = AXIS2_PLACEMENT_3D('',#1138,#1139,#1140);
#1138 = CARTESIAN_POINT('',(108.09535375535,-178.7099985823,0.));
#1139 = DIRECTION('',(0.,0.,-1.));
#1140 = DIRECTION('',(-2.517861483354E-06,0.999999999997,0.));
#1141 = ORIENTED_EDGE('',*,*,#1142,.F.);
#1142 = EDGE_CURVE('',#1143,#1134,#1145,.T.);
#1143 = VERTEX_POINT('',#1144);
#1144 = CARTESIAN_POINT('',(107.195,-178.41,0.));
#1145 = LINE('',#1146,#1147);
#1146 = CARTESIAN_POINT('',(107.195,-178.41,0.));
#1147 = VECTOR('',#1148,1.);
#1148 = DIRECTION('',(1.,0.,0.));
#1149 = ORIENTED_EDGE('',*,*,#1150,.F.);
#1150 = EDGE_CURVE('',#1151,#1143,#1153,.T.);
#1151 = VERTEX_POINT('',#1152);
#1152 = CARTESIAN_POINT('',(106.294647,-178.41,0.));
#1153 = LINE('',#1154,#1155);
#1154 = CARTESIAN_POINT('',(106.294647,-178.41,0.));
#1155 = VECTOR('',#1156,1.);
#1156 = DIRECTION('',(1.,0.,0.));
#1157 = ORIENTED_EDGE('',*,*,#1158,.F.);
#1158 = EDGE_CURVE('',#1159,#1151,#1161,.T.);
#1159 = VERTEX_POINT('',#1160);
#1160 = CARTESIAN_POINT('',(106.138345,-178.453934,0.));
#1161 = CIRCLE('',#1162,0.299998582341);
#1162 = AXIS2_PLACEMENT_3D('',#1163,#1164,#1165);
#1163 = CARTESIAN_POINT('',(106.29464624464,-178.7099985823,0.));
#1164 = DIRECTION('',(0.,0.,-1.));
#1165 = DIRECTION('',(-0.52100661085,0.853552641289,0.));
#1166 = ORIENTED_EDGE('',*,*,#1167,.F.);
#1167 = EDGE_CURVE('',#1168,#1159,#1170,.T.);
#1168 = VERTEX_POINT('',#1169);
#1169 = CARTESIAN_POINT('',(105.451066,-177.766655,0.));
#1170 = CIRCLE('',#1171,0.499999603944);
#1171 = AXIS2_PLACEMENT_3D('',#1172,#1173,#1174);
#1172 = CARTESIAN_POINT('',(105.87784211054,-178.0271578894,0.));
#1173 = DIRECTION('',(0.,0.,1.));
#1174 = DIRECTION('',(-0.853552897188,0.521006191615,0.));
#1175 = ORIENTED_EDGE('',*,*,#1176,.F.);
#1176 = EDGE_CURVE('',#1177,#1168,#1179,.T.);
#1177 = VERTEX_POINT('',#1178);
#1178 = CARTESIAN_POINT('',(105.495,-177.610353,0.));
#1179 = CIRCLE('',#1180,0.299998582341);
#1180 = AXIS2_PLACEMENT_3D('',#1181,#1182,#1183);
#1181 = CARTESIAN_POINT('',(105.19500141766,-177.6103537553,0.));
#1182 = DIRECTION('',(0.,0.,-1.));
#1183 = DIRECTION('',(0.999999999997,2.517861104394E-06,0.));
#1184 = ORIENTED_EDGE('',*,*,#1185,.F.);
#1185 = EDGE_CURVE('',#1186,#1177,#1188,.T.);
#1186 = VERTEX_POINT('',#1187);
#1187 = CARTESIAN_POINT('',(105.495,-176.91,0.));
#1188 = LINE('',#1189,#1190);
#1189 = CARTESIAN_POINT('',(105.495,-176.91,0.));
#1190 = VECTOR('',#1191,1.);
#1191 = DIRECTION('',(0.,-1.,0.));
#1192 = ORIENTED_EDGE('',*,*,#1193,.F.);
#1193 = EDGE_CURVE('',#1194,#1186,#1196,.T.);
#1194 = VERTEX_POINT('',#1195);
#1195 = CARTESIAN_POINT('',(105.495,-176.209647,0.));
#1196 = LINE('',#1197,#1198);
#1197 = CARTESIAN_POINT('',(105.495,-176.209647,0.));
#1198 = VECTOR('',#1199,1.);
#1199 = DIRECTION('',(0.,-1.,0.));
#1200 = ORIENTED_EDGE('',*,*,#1201,.F.);
#1201 = EDGE_CURVE('',#1202,#1194,#1204,.T.);
#1202 = VERTEX_POINT('',#1203);
#1203 = CARTESIAN_POINT('',(105.451066,-176.053345,0.));
#1204 = CIRCLE('',#1205,0.299998582341);
#1205 = AXIS2_PLACEMENT_3D('',#1206,#1207,#1208);
#1206 = CARTESIAN_POINT('',(105.19500141766,-176.2096462446,0.));
#1207 = DIRECTION('',(0.,0.,-1.));
#1208 = DIRECTION('',(0.853552641289,0.52100661085,0.));
#1209 = ORIENTED_EDGE('',*,*,#1210,.F.);
#1210 = EDGE_CURVE('',#1211,#1202,#1213,.T.);
#1211 = VERTEX_POINT('',#1212);
#1212 = CARTESIAN_POINT('',(106.138345,-175.366066,0.));
#1213 = CIRCLE('',#1214,0.499999603944);
#1214 = AXIS2_PLACEMENT_3D('',#1215,#1216,#1217);
#1215 = CARTESIAN_POINT('',(105.87784211054,-175.7928421105,0.));
#1216 = DIRECTION('',(0.,0.,1.));
#1217 = DIRECTION('',(0.521006191615,0.853552897188,-0.));
#1218 = ORIENTED_EDGE('',*,*,#1219,.F.);
#1219 = EDGE_CURVE('',#1220,#1211,#1222,.T.);
#1220 = VERTEX_POINT('',#1221);
#1221 = CARTESIAN_POINT('',(106.294647,-175.41,0.));
#1222 = CIRCLE('',#1223,0.299998582341);
#1223 = AXIS2_PLACEMENT_3D('',#1224,#1225,#1226);
#1224 = CARTESIAN_POINT('',(106.29464624464,-175.1100014176,0.));
#1225 = DIRECTION('',(0.,0.,-1.));
#1226 = DIRECTION('',(2.517861435984E-06,-0.999999999997,0.));
#1227 = ORIENTED_EDGE('',*,*,#1228,.F.);
#1228 = EDGE_CURVE('',#1229,#1220,#1231,.T.);
#1229 = VERTEX_POINT('',#1230);
#1230 = CARTESIAN_POINT('',(107.195,-175.41,0.));
#1231 = LINE('',#1232,#1233);
#1232 = CARTESIAN_POINT('',(107.195,-175.41,0.));
#1233 = VECTOR('',#1234,1.);
#1234 = DIRECTION('',(-1.,0.,0.));
#1235 = ORIENTED_EDGE('',*,*,#1236,.F.);
#1236 = EDGE_CURVE('',#1237,#1229,#1239,.T.);
#1237 = VERTEX_POINT('',#1238);
#1238 = CARTESIAN_POINT('',(108.095353,-175.41,0.));
#1239 = LINE('',#1240,#1241);
#1240 = CARTESIAN_POINT('',(108.095353,-175.41,0.));
#1241 = VECTOR('',#1242,1.);
#1242 = DIRECTION('',(-1.,0.,0.));
#1243 = ORIENTED_EDGE('',*,*,#1244,.F.);
#1244 = EDGE_CURVE('',#1082,#1237,#1245,.T.);
#1245 = CIRCLE('',#1246,0.299998582341);
#1246 = AXIS2_PLACEMENT_3D('',#1247,#1248,#1249);
#1247 = CARTESIAN_POINT('',(108.09535375535,-175.1100014176,0.));
#1248 = DIRECTION('',(0.,0.,-1.));
#1249 = DIRECTION('',(0.52100661085,-0.853552641289,0.));
#1250 = FACE_BOUND('',#1251,.F.);
#1251 = EDGE_LOOP('',(#1252));
#1252 = ORIENTED_EDGE('',*,*,#1253,.T.);
#1253 = EDGE_CURVE('',#1254,#1254,#1256,.T.);
#1254 = VERTEX_POINT('',#1255);
#1255 = CARTESIAN_POINT('',(102.695,-166.91,0.));
#1256 = CIRCLE('',#1257,2.);
#1257 = AXIS2_PLACEMENT_3D('',#1258,#1259,#1260);
#1258 = CARTESIAN_POINT('',(102.695,-164.91,0.));
#1259 = DIRECTION('',(-0.,0.,-1.));
#1260 = DIRECTION('',(-0.,-1.,0.));
#1261 = FACE_BOUND('',#1262,.F.);
#1262 = EDGE_LOOP('',(#1263));
#1263 = ORIENTED_EDGE('',*,*,#1264,.T.);
#1264 = EDGE_CURVE('',#1265,#1265,#1267,.T.);
#1265 = VERTEX_POINT('',#1266);
#1266 = CARTESIAN_POINT('',(98.885,-163.12,0.));
#1267 = CIRCLE('',#1268,0.75);
#1268 = AXIS2_PLACEMENT_3D('',#1269,#1270,#1271);
#1269 = CARTESIAN_POINT('',(98.885,-162.37,0.));
#1270 = DIRECTION('',(-0.,0.,-1.));
#1271 = DIRECTION('',(-0.,-1.,0.));
#1272 = FACE_BOUND('',#1273,.F.);
#1273 = EDGE_LOOP('',(#1274));
#1274 = ORIENTED_EDGE('',*,*,#1275,.T.);
#1275 = EDGE_CURVE('',#1276,#1276,#1278,.T.);
#1276 = VERTEX_POINT('',#1277);
#1277 = CARTESIAN_POINT('',(105.235,-160.58,0.));
#1278 = CIRCLE('',#1279,0.75);
#1279 = AXIS2_PLACEMENT_3D('',#1280,#1281,#1282);
#1280 = CARTESIAN_POINT('',(105.235,-159.83,0.));
#1281 = DIRECTION('',(-0.,0.,-1.));
#1282 = DIRECTION('',(-0.,-1.,0.));
#1283 = FACE_BOUND('',#1284,.F.);
#1284 = EDGE_LOOP('',(#1285));
#1285 = ORIENTED_EDGE('',*,*,#1286,.T.);
#1286 = EDGE_CURVE('',#1287,#1287,#1289,.T.);
#1287 = VERTEX_POINT('',#1288);
#1288 = CARTESIAN_POINT('',(117.385,-177.31,0.));
#1289 = CIRCLE('',#1290,0.4);
#1290 = AXIS2_PLACEMENT_3D('',#1291,#1292,#1293);
#1291 = CARTESIAN_POINT('',(117.385,-176.91,0.));
#1292 = DIRECTION('',(-0.,0.,-1.));
#1293 = DIRECTION('',(3.5527136788E-14,-1.,-0.));
#1294 = FACE_BOUND('',#1295,.F.);
#1295 = EDGE_LOOP('',(#1296));
#1296 = ORIENTED_EDGE('',*,*,#1297,.T.);
#1297 = EDGE_CURVE('',#1298,#1298,#1300,.T.);
#1298 = VERTEX_POINT('',#1299);
#1299 = CARTESIAN_POINT('',(125.005,-177.31,0.));
#1300 = CIRCLE('',#1301,0.4);
#1301 = AXIS2_PLACEMENT_3D('',#1302,#1303,#1304);
#1302 = CARTESIAN_POINT('',(125.005,-176.91,0.));
#1303 = DIRECTION('',(-0.,0.,-1.));
#1304 = DIRECTION('',(-0.,-1.,0.));
#1305 = FACE_BOUND('',#1306,.F.);
#1306 = EDGE_LOOP('',(#1307,#1318,#1327,#1335,#1343,#1352,#1361,#1370,
    #1378,#1386,#1395,#1404,#1413,#1421,#1429,#1438,#1447,#1456,#1464,
    #1472));
#1307 = ORIENTED_EDGE('',*,*,#1308,.F.);
#1308 = EDGE_CURVE('',#1309,#1311,#1313,.T.);
#1309 = VERTEX_POINT('',#1310);
#1310 = CARTESIAN_POINT('',(131.938934,-176.053345,0.));
#1311 = VERTEX_POINT('',#1312);
#1312 = CARTESIAN_POINT('',(131.251655,-175.366066,0.));
#1313 = CIRCLE('',#1314,0.499999603944);
#1314 = AXIS2_PLACEMENT_3D('',#1315,#1316,#1317);
#1315 = CARTESIAN_POINT('',(131.51215788946,-175.7928421105,0.));
#1316 = DIRECTION('',(0.,0.,1.));
#1317 = DIRECTION('',(0.853552897188,-0.521006191616,0.));
#1318 = ORIENTED_EDGE('',*,*,#1319,.F.);
#1319 = EDGE_CURVE('',#1320,#1309,#1322,.T.);
#1320 = VERTEX_POINT('',#1321);
#1321 = CARTESIAN_POINT('',(131.895,-176.209647,0.));
#1322 = CIRCLE('',#1323,0.299998582341);
#1323 = AXIS2_PLACEMENT_3D('',#1324,#1325,#1326);
#1324 = CARTESIAN_POINT('',(132.19499858234,-176.2096462446,0.));
#1325 = DIRECTION('',(0.,0.,-1.));
#1326 = DIRECTION('',(-0.999999999997,-2.517861293873E-06,-0.));
#1327 = ORIENTED_EDGE('',*,*,#1328,.F.);
#1328 = EDGE_CURVE('',#1329,#1320,#1331,.T.);
#1329 = VERTEX_POINT('',#1330);
#1330 = CARTESIAN_POINT('',(131.895,-176.91,0.));
#1331 = LINE('',#1332,#1333);
#1332 = CARTESIAN_POINT('',(131.895,-176.91,0.));
#1333 = VECTOR('',#1334,1.);
#1334 = DIRECTION('',(0.,1.,0.));
#1335 = ORIENTED_EDGE('',*,*,#1336,.F.);
#1336 = EDGE_CURVE('',#1337,#1329,#1339,.T.);
#1337 = VERTEX_POINT('',#1338);
#1338 = CARTESIAN_POINT('',(131.895,-177.610353,0.));
#1339 = LINE('',#1340,#1341);
#1340 = CARTESIAN_POINT('',(131.895,-177.610353,0.));
#1341 = VECTOR('',#1342,1.);
#1342 = DIRECTION('',(0.,1.,0.));
#1343 = ORIENTED_EDGE('',*,*,#1344,.F.);
#1344 = EDGE_CURVE('',#1345,#1337,#1347,.T.);
#1345 = VERTEX_POINT('',#1346);
#1346 = CARTESIAN_POINT('',(131.938934,-177.766655,0.));
#1347 = CIRCLE('',#1348,0.299998582341);
#1348 = AXIS2_PLACEMENT_3D('',#1349,#1350,#1351);
#1349 = CARTESIAN_POINT('',(132.19499858234,-177.6103537553,0.));
#1350 = DIRECTION('',(0.,0.,-1.));
#1351 = DIRECTION('',(-0.853552641289,-0.521006610849,-0.));
#1352 = ORIENTED_EDGE('',*,*,#1353,.F.);
#1353 = EDGE_CURVE('',#1354,#1345,#1356,.T.);
#1354 = VERTEX_POINT('',#1355);
#1355 = CARTESIAN_POINT('',(131.251655,-178.453934,0.));
#1356 = CIRCLE('',#1357,0.499999603944);
#1357 = AXIS2_PLACEMENT_3D('',#1358,#1359,#1360);
#1358 = CARTESIAN_POINT('',(131.51215788946,-178.0271578894,0.));
#1359 = DIRECTION('',(0.,0.,1.));
#1360 = DIRECTION('',(-0.521006191616,-0.853552897188,0.));
#1361 = ORIENTED_EDGE('',*,*,#1362,.F.);
#1362 = EDGE_CURVE('',#1363,#1354,#1365,.T.);
#1363 = VERTEX_POINT('',#1364);
#1364 = CARTESIAN_POINT('',(131.095353,-178.41,0.));
#1365 = CIRCLE('',#1366,0.299998582341);
#1366 = AXIS2_PLACEMENT_3D('',#1367,#1368,#1369);
#1367 = CARTESIAN_POINT('',(131.09535375535,-178.7099985823,0.));
#1368 = DIRECTION('',(0.,0.,-1.));
#1369 = DIRECTION('',(-2.517861578095E-06,0.999999999997,0.));
#1370 = ORIENTED_EDGE('',*,*,#1371,.F.);
#1371 = EDGE_CURVE('',#1372,#1363,#1374,.T.);
#1372 = VERTEX_POINT('',#1373);
#1373 = CARTESIAN_POINT('',(130.195,-178.41,0.));
#1374 = LINE('',#1375,#1376);
#1375 = CARTESIAN_POINT('',(130.195,-178.41,0.));
#1376 = VECTOR('',#1377,1.);
#1377 = DIRECTION('',(1.,0.,0.));
#1378 = ORIENTED_EDGE('',*,*,#1379,.F.);
#1379 = EDGE_CURVE('',#1380,#1372,#1382,.T.);
#1380 = VERTEX_POINT('',#1381);
#1381 = CARTESIAN_POINT('',(129.294647,-178.41,0.));
#1382 = LINE('',#1383,#1384);
#1383 = CARTESIAN_POINT('',(129.294647,-178.41,0.));
#1384 = VECTOR('',#1385,1.);
#1385 = DIRECTION('',(1.,0.,0.));
#1386 = ORIENTED_EDGE('',*,*,#1387,.F.);
#1387 = EDGE_CURVE('',#1388,#1380,#1390,.T.);
#1388 = VERTEX_POINT('',#1389);
#1389 = CARTESIAN_POINT('',(129.138345,-178.453934,0.));
#1390 = CIRCLE('',#1391,0.299998582341);
#1391 = AXIS2_PLACEMENT_3D('',#1392,#1393,#1394);
#1392 = CARTESIAN_POINT('',(129.29464624464,-178.7099985823,0.));
#1393 = DIRECTION('',(0.,0.,-1.));
#1394 = DIRECTION('',(-0.52100661085,0.853552641289,0.));
#1395 = ORIENTED_EDGE('',*,*,#1396,.F.);
#1396 = EDGE_CURVE('',#1397,#1388,#1399,.T.);
#1397 = VERTEX_POINT('',#1398);
#1398 = CARTESIAN_POINT('',(128.451066,-177.766655,0.));
#1399 = CIRCLE('',#1400,0.499999603944);
#1400 = AXIS2_PLACEMENT_3D('',#1401,#1402,#1403);
#1401 = CARTESIAN_POINT('',(128.87784211054,-178.0271578894,0.));
#1402 = DIRECTION('',(0.,0.,1.));
#1403 = DIRECTION('',(-0.853552897188,0.521006191615,0.));
#1404 = ORIENTED_EDGE('',*,*,#1405,.F.);
#1405 = EDGE_CURVE('',#1406,#1397,#1408,.T.);
#1406 = VERTEX_POINT('',#1407);
#1407 = CARTESIAN_POINT('',(128.495,-177.610353,0.));
#1408 = CIRCLE('',#1409,0.299998582341);
#1409 = AXIS2_PLACEMENT_3D('',#1410,#1411,#1412);
#1410 = CARTESIAN_POINT('',(128.19500141766,-177.6103537553,0.));
#1411 = DIRECTION('',(0.,0.,-1.));
#1412 = DIRECTION('',(0.999999999997,2.517861483355E-06,0.));
#1413 = ORIENTED_EDGE('',*,*,#1414,.F.);
#1414 = EDGE_CURVE('',#1415,#1406,#1417,.T.);
#1415 = VERTEX_POINT('',#1416);
#1416 = CARTESIAN_POINT('',(128.495,-176.91,0.));
#1417 = LINE('',#1418,#1419);
#1418 = CARTESIAN_POINT('',(128.495,-176.91,0.));
#1419 = VECTOR('',#1420,1.);
#1420 = DIRECTION('',(0.,-1.,0.));
#1421 = ORIENTED_EDGE('',*,*,#1422,.F.);
#1422 = EDGE_CURVE('',#1423,#1415,#1425,.T.);
#1423 = VERTEX_POINT('',#1424);
#1424 = CARTESIAN_POINT('',(128.495,-176.209647,0.));
#1425 = LINE('',#1426,#1427);
#1426 = CARTESIAN_POINT('',(128.495,-176.209647,0.));
#1427 = VECTOR('',#1428,1.);
#1428 = DIRECTION('',(0.,-1.,0.));
#1429 = ORIENTED_EDGE('',*,*,#1430,.F.);
#1430 = EDGE_CURVE('',#1431,#1423,#1433,.T.);
#1431 = VERTEX_POINT('',#1432);
#1432 = CARTESIAN_POINT('',(128.451066,-176.053345,0.));
#1433 = CIRCLE('',#1434,0.299998582341);
#1434 = AXIS2_PLACEMENT_3D('',#1435,#1436,#1437);
#1435 = CARTESIAN_POINT('',(128.19500141766,-176.2096462446,0.));
#1436 = DIRECTION('',(0.,0.,-1.));
#1437 = DIRECTION('',(0.853552641289,0.52100661085,0.));
#1438 = ORIENTED_EDGE('',*,*,#1439,.F.);
#1439 = EDGE_CURVE('',#1440,#1431,#1442,.T.);
#1440 = VERTEX_POINT('',#1441);
#1441 = CARTESIAN_POINT('',(129.138345,-175.366066,0.));
#1442 = CIRCLE('',#1443,0.499999603944);
#1443 = AXIS2_PLACEMENT_3D('',#1444,#1445,#1446);
#1444 = CARTESIAN_POINT('',(128.87784211054,-175.7928421105,0.));
#1445 = DIRECTION('',(0.,0.,1.));
#1446 = DIRECTION('',(0.521006191615,0.853552897188,-0.));
#1447 = ORIENTED_EDGE('',*,*,#1448,.F.);
#1448 = EDGE_CURVE('',#1449,#1440,#1451,.T.);
#1449 = VERTEX_POINT('',#1450);
#1450 = CARTESIAN_POINT('',(129.294647,-175.41,0.));
#1451 = CIRCLE('',#1452,0.299998582341);
#1452 = AXIS2_PLACEMENT_3D('',#1453,#1454,#1455);
#1453 = CARTESIAN_POINT('',(129.29464624464,-175.1100014176,0.));
#1454 = DIRECTION('',(0.,0.,-1.));
#1455 = DIRECTION('',(2.517861483353E-06,-0.999999999997,0.));
#1456 = ORIENTED_EDGE('',*,*,#1457,.F.);
#1457 = EDGE_CURVE('',#1458,#1449,#1460,.T.);
#1458 = VERTEX_POINT('',#1459);
#1459 = CARTESIAN_POINT('',(130.195,-175.41,0.));
#1460 = LINE('',#1461,#1462);
#1461 = CARTESIAN_POINT('',(130.195,-175.41,0.));
#1462 = VECTOR('',#1463,1.);
#1463 = DIRECTION('',(-1.,0.,0.));
#1464 = ORIENTED_EDGE('',*,*,#1465,.F.);
#1465 = EDGE_CURVE('',#1466,#1458,#1468,.T.);
#1466 = VERTEX_POINT('',#1467);
#1467 = CARTESIAN_POINT('',(131.095353,-175.41,0.));
#1468 = LINE('',#1469,#1470);
#1469 = CARTESIAN_POINT('',(131.095353,-175.41,0.));
#1470 = VECTOR('',#1471,1.);
#1471 = DIRECTION('',(-1.,0.,0.));
#1472 = ORIENTED_EDGE('',*,*,#1473,.F.);
#1473 = EDGE_CURVE('',#1311,#1466,#1474,.T.);
#1474 = CIRCLE('',#1475,0.299998582341);
#1475 = AXIS2_PLACEMENT_3D('',#1476,#1477,#1478);
#1476 = CARTESIAN_POINT('',(131.09535375535,-175.1100014176,0.));
#1477 = DIRECTION('',(0.,0.,-1.));
#1478 = DIRECTION('',(0.52100661085,-0.853552641289,0.));
#1479 = FACE_BOUND('',#1480,.F.);
#1480 = EDGE_LOOP('',(#1481));
#1481 = ORIENTED_EDGE('',*,*,#1482,.T.);
#1482 = EDGE_CURVE('',#1483,#1483,#1485,.T.);
#1483 = VERTEX_POINT('',#1484);
#1484 = CARTESIAN_POINT('',(139.,-180.6,0.));
#1485 = CIRCLE('',#1486,1.6);
#1486 = AXIS2_PLACEMENT_3D('',#1487,#1488,#1489);
#1487 = CARTESIAN_POINT('',(139.,-179.,0.));
#1488 = DIRECTION('',(-0.,0.,-1.));
#1489 = DIRECTION('',(-0.,-1.,0.));
#1490 = FACE_BOUND('',#1491,.F.);
#1491 = EDGE_LOOP('',(#1492));
#1492 = ORIENTED_EDGE('',*,*,#1493,.T.);
#1493 = EDGE_CURVE('',#1494,#1494,#1496,.T.);
#1494 = VERTEX_POINT('',#1495);
#1495 = CARTESIAN_POINT('',(125.42,-166.91,0.));
#1496 = CIRCLE('',#1497,2.);
#1497 = AXIS2_PLACEMENT_3D('',#1498,#1499,#1500);
#1498 = CARTESIAN_POINT('',(125.42,-164.91,0.));
#1499 = DIRECTION('',(-0.,0.,-1.));
#1500 = DIRECTION('',(-0.,-1.,0.));
#1501 = FACE_BOUND('',#1502,.F.);
#1502 = EDGE_LOOP('',(#1503));
#1503 = ORIENTED_EDGE('',*,*,#1504,.T.);
#1504 = EDGE_CURVE('',#1505,#1505,#1507,.T.);
#1505 = VERTEX_POINT('',#1506);
#1506 = CARTESIAN_POINT('',(121.61,-163.12,0.));
#1507 = CIRCLE('',#1508,0.75);
#1508 = AXIS2_PLACEMENT_3D('',#1509,#1510,#1511);
#1509 = CARTESIAN_POINT('',(121.61,-162.37,0.));
#1510 = DIRECTION('',(-0.,0.,-1.));
#1511 = DIRECTION('',(-0.,-1.,0.));
#1512 = FACE_BOUND('',#1513,.F.);
#1513 = EDGE_LOOP('',(#1514));
#1514 = ORIENTED_EDGE('',*,*,#1515,.T.);
#1515 = EDGE_CURVE('',#1516,#1516,#1518,.T.);
#1516 = VERTEX_POINT('',#1517);
#1517 = CARTESIAN_POINT('',(127.96,-160.58,0.));
#1518 = CIRCLE('',#1519,0.75);
#1519 = AXIS2_PLACEMENT_3D('',#1520,#1521,#1522);
#1520 = CARTESIAN_POINT('',(127.96,-159.83,0.));
#1521 = DIRECTION('',(-0.,0.,-1.));
#1522 = DIRECTION('',(-1.894780628694E-14,-1.,0.));
#1523 = FACE_BOUND('',#1524,.F.);
#1524 = EDGE_LOOP('',(#1525));
#1525 = ORIENTED_EDGE('',*,*,#1526,.T.);
#1526 = EDGE_CURVE('',#1527,#1527,#1529,.T.);
#1527 = VERTEX_POINT('',#1528);
#1528 = CARTESIAN_POINT('',(94.465,-150.15,0.));
#1529 = CIRCLE('',#1530,0.4);
#1530 = AXIS2_PLACEMENT_3D('',#1531,#1532,#1533);
#1531 = CARTESIAN_POINT('',(94.465,-149.75,0.));
#1532 = DIRECTION('',(-0.,0.,-1.));
#1533 = DIRECTION('',(-0.,-1.,0.));
#1534 = FACE_BOUND('',#1535,.F.);
#1535 = EDGE_LOOP('',(#1536));
#1536 = ORIENTED_EDGE('',*,*,#1537,.T.);
#1537 = EDGE_CURVE('',#1538,#1538,#1540,.T.);
#1538 = VERTEX_POINT('',#1539);
#1539 = CARTESIAN_POINT('',(102.085,-150.15,0.));
#1540 = CIRCLE('',#1541,0.4);
#1541 = AXIS2_PLACEMENT_3D('',#1542,#1543,#1544);
#1542 = CARTESIAN_POINT('',(102.085,-149.75,0.));
#1543 = DIRECTION('',(-0.,0.,-1.));
#1544 = DIRECTION('',(-3.5527136788E-14,-1.,0.));
#1545 = FACE_BOUND('',#1546,.F.);
#1546 = EDGE_LOOP('',(#1547,#1558,#1567,#1575,#1583,#1592,#1601,#1610,
    #1618,#1626,#1635,#1644,#1653,#1661,#1669,#1678,#1687,#1696,#1704,
    #1712));
#1547 = ORIENTED_EDGE('',*,*,#1548,.F.);
#1548 = EDGE_CURVE('',#1549,#1551,#1553,.T.);
#1549 = VERTEX_POINT('',#1550);
#1550 = CARTESIAN_POINT('',(109.018934,-148.893345,0.));
#1551 = VERTEX_POINT('',#1552);
#1552 = CARTESIAN_POINT('',(108.331655,-148.206066,0.));
#1553 = CIRCLE('',#1554,0.499999603944);
#1554 = AXIS2_PLACEMENT_3D('',#1555,#1556,#1557);
#1555 = CARTESIAN_POINT('',(108.59215788946,-148.6328421105,0.));
#1556 = DIRECTION('',(0.,0.,1.));
#1557 = DIRECTION('',(0.853552897188,-0.521006191615,0.));
#1558 = ORIENTED_EDGE('',*,*,#1559,.F.);
#1559 = EDGE_CURVE('',#1560,#1549,#1562,.T.);
#1560 = VERTEX_POINT('',#1561);
#1561 = CARTESIAN_POINT('',(108.975,-149.049647,0.));
#1562 = CIRCLE('',#1563,0.299998582341);
#1563 = AXIS2_PLACEMENT_3D('',#1564,#1565,#1566);
#1564 = CARTESIAN_POINT('',(109.27499858234,-149.0496462446,0.));
#1565 = DIRECTION('',(0.,0.,-1.));
#1566 = DIRECTION('',(-0.999999999997,-2.517861199133E-06,-0.));
#1567 = ORIENTED_EDGE('',*,*,#1568,.F.);
#1568 = EDGE_CURVE('',#1569,#1560,#1571,.T.);
#1569 = VERTEX_POINT('',#1570);
#1570 = CARTESIAN_POINT('',(108.975,-149.75,0.));
#1571 = LINE('',#1572,#1573);
#1572 = CARTESIAN_POINT('',(108.975,-149.75,0.));
#1573 = VECTOR('',#1574,1.);
#1574 = DIRECTION('',(0.,1.,0.));
#1575 = ORIENTED_EDGE('',*,*,#1576,.F.);
#1576 = EDGE_CURVE('',#1577,#1569,#1579,.T.);
#1577 = VERTEX_POINT('',#1578);
#1578 = CARTESIAN_POINT('',(108.975,-150.450353,0.));
#1579 = LINE('',#1580,#1581);
#1580 = CARTESIAN_POINT('',(108.975,-150.450353,0.));
#1581 = VECTOR('',#1582,1.);
#1582 = DIRECTION('',(0.,1.,0.));
#1583 = ORIENTED_EDGE('',*,*,#1584,.F.);
#1584 = EDGE_CURVE('',#1585,#1577,#1587,.T.);
#1585 = VERTEX_POINT('',#1586);
#1586 = CARTESIAN_POINT('',(109.018934,-150.606655,0.));
#1587 = CIRCLE('',#1588,0.299998582341);
#1588 = AXIS2_PLACEMENT_3D('',#1589,#1590,#1591);
#1589 = CARTESIAN_POINT('',(109.27499858234,-150.4503537553,0.));
#1590 = DIRECTION('',(0.,0.,-1.));
#1591 = DIRECTION('',(-0.853552641289,-0.521006610849,-0.));
#1592 = ORIENTED_EDGE('',*,*,#1593,.F.);
#1593 = EDGE_CURVE('',#1594,#1585,#1596,.T.);
#1594 = VERTEX_POINT('',#1595);
#1595 = CARTESIAN_POINT('',(108.331655,-151.293934,0.));
#1596 = CIRCLE('',#1597,0.499999603944);
#1597 = AXIS2_PLACEMENT_3D('',#1598,#1599,#1600);
#1598 = CARTESIAN_POINT('',(108.59215788946,-150.8671578894,0.));
#1599 = DIRECTION('',(0.,0.,1.));
#1600 = DIRECTION('',(-0.521006191615,-0.853552897188,0.));
#1601 = ORIENTED_EDGE('',*,*,#1602,.F.);
#1602 = EDGE_CURVE('',#1603,#1594,#1605,.T.);
#1603 = VERTEX_POINT('',#1604);
#1604 = CARTESIAN_POINT('',(108.175353,-151.25,0.));
#1605 = CIRCLE('',#1606,0.299998582341);
#1606 = AXIS2_PLACEMENT_3D('',#1607,#1608,#1609);
#1607 = CARTESIAN_POINT('',(108.17535375535,-151.5499985823,0.));
#1608 = DIRECTION('',(0.,0.,-1.));
#1609 = DIRECTION('',(-2.517861578095E-06,0.999999999997,0.));
#1610 = ORIENTED_EDGE('',*,*,#1611,.F.);
#1611 = EDGE_CURVE('',#1612,#1603,#1614,.T.);
#1612 = VERTEX_POINT('',#1613);
#1613 = CARTESIAN_POINT('',(107.275,-151.25,0.));
#1614 = LINE('',#1615,#1616);
#1615 = CARTESIAN_POINT('',(107.275,-151.25,0.));
#1616 = VECTOR('',#1617,1.);
#1617 = DIRECTION('',(1.,0.,0.));
#1618 = ORIENTED_EDGE('',*,*,#1619,.F.);
#1619 = EDGE_CURVE('',#1620,#1612,#1622,.T.);
#1620 = VERTEX_POINT('',#1621);
#1621 = CARTESIAN_POINT('',(106.374647,-151.25,0.));
#1622 = LINE('',#1623,#1624);
#1623 = CARTESIAN_POINT('',(106.374647,-151.25,0.));
#1624 = VECTOR('',#1625,1.);
#1625 = DIRECTION('',(1.,0.,0.));
#1626 = ORIENTED_EDGE('',*,*,#1627,.F.);
#1627 = EDGE_CURVE('',#1628,#1620,#1630,.T.);
#1628 = VERTEX_POINT('',#1629);
#1629 = CARTESIAN_POINT('',(106.218345,-151.293934,0.));
#1630 = CIRCLE('',#1631,0.299998582341);
#1631 = AXIS2_PLACEMENT_3D('',#1632,#1633,#1634);
#1632 = CARTESIAN_POINT('',(106.37464624464,-151.5499985823,0.));
#1633 = DIRECTION('',(0.,0.,-1.));
#1634 = DIRECTION('',(-0.52100661085,0.853552641289,0.));
#1635 = ORIENTED_EDGE('',*,*,#1636,.F.);
#1636 = EDGE_CURVE('',#1637,#1628,#1639,.T.);
#1637 = VERTEX_POINT('',#1638);
#1638 = CARTESIAN_POINT('',(105.531066,-150.606655,0.));
#1639 = CIRCLE('',#1640,0.499999603944);
#1640 = AXIS2_PLACEMENT_3D('',#1641,#1642,#1643);
#1641 = CARTESIAN_POINT('',(105.95784211054,-150.8671578894,0.));
#1642 = DIRECTION('',(0.,0.,1.));
#1643 = DIRECTION('',(-0.853552897188,0.521006191615,0.));
#1644 = ORIENTED_EDGE('',*,*,#1645,.F.);
#1645 = EDGE_CURVE('',#1646,#1637,#1648,.T.);
#1646 = VERTEX_POINT('',#1647);
#1647 = CARTESIAN_POINT('',(105.575,-150.450353,0.));
#1648 = CIRCLE('',#1649,0.299998582341);
#1649 = AXIS2_PLACEMENT_3D('',#1650,#1651,#1652);
#1650 = CARTESIAN_POINT('',(105.27500141766,-150.4503537553,0.));
#1651 = DIRECTION('',(0.,0.,-1.));
#1652 = DIRECTION('',(0.999999999997,2.517861199133E-06,0.));
#1653 = ORIENTED_EDGE('',*,*,#1654,.F.);
#1654 = EDGE_CURVE('',#1655,#1646,#1657,.T.);
#1655 = VERTEX_POINT('',#1656);
#1656 = CARTESIAN_POINT('',(105.575,-149.75,0.));
#1657 = LINE('',#1658,#1659);
#1658 = CARTESIAN_POINT('',(105.575,-149.75,0.));
#1659 = VECTOR('',#1660,1.);
#1660 = DIRECTION('',(0.,-1.,0.));
#1661 = ORIENTED_EDGE('',*,*,#1662,.F.);
#1662 = EDGE_CURVE('',#1663,#1655,#1665,.T.);
#1663 = VERTEX_POINT('',#1664);
#1664 = CARTESIAN_POINT('',(105.575,-149.049647,0.));
#1665 = LINE('',#1666,#1667);
#1666 = CARTESIAN_POINT('',(105.575,-149.049647,0.));
#1667 = VECTOR('',#1668,1.);
#1668 = DIRECTION('',(0.,-1.,0.));
#1669 = ORIENTED_EDGE('',*,*,#1670,.F.);
#1670 = EDGE_CURVE('',#1671,#1663,#1673,.T.);
#1671 = VERTEX_POINT('',#1672);
#1672 = CARTESIAN_POINT('',(105.531066,-148.893345,0.));
#1673 = CIRCLE('',#1674,0.299998582341);
#1674 = AXIS2_PLACEMENT_3D('',#1675,#1676,#1677);
#1675 = CARTESIAN_POINT('',(105.27500141766,-149.0496462446,0.));
#1676 = DIRECTION('',(0.,0.,-1.));
#1677 = DIRECTION('',(0.853552641289,0.52100661085,0.));
#1678 = ORIENTED_EDGE('',*,*,#1679,.F.);
#1679 = EDGE_CURVE('',#1680,#1671,#1682,.T.);
#1680 = VERTEX_POINT('',#1681);
#1681 = CARTESIAN_POINT('',(106.218345,-148.206066,0.));
#1682 = CIRCLE('',#1683,0.499999603944);
#1683 = AXIS2_PLACEMENT_3D('',#1684,#1685,#1686);
#1684 = CARTESIAN_POINT('',(105.95784211054,-148.6328421105,0.));
#1685 = DIRECTION('',(0.,0.,1.));
#1686 = DIRECTION('',(0.521006191615,0.853552897188,-0.));
#1687 = ORIENTED_EDGE('',*,*,#1688,.F.);
#1688 = EDGE_CURVE('',#1689,#1680,#1691,.T.);
#1689 = VERTEX_POINT('',#1690);
#1690 = CARTESIAN_POINT('',(106.374647,-148.25,0.));
#1691 = CIRCLE('',#1692,0.299998582341);
#1692 = AXIS2_PLACEMENT_3D('',#1693,#1694,#1695);
#1693 = CARTESIAN_POINT('',(106.37464624464,-147.9500014176,0.));
#1694 = DIRECTION('',(0.,0.,-1.));
#1695 = DIRECTION('',(2.517861483354E-06,-0.999999999997,0.));
#1696 = ORIENTED_EDGE('',*,*,#1697,.F.);
#1697 = EDGE_CURVE('',#1698,#1689,#1700,.T.);
#1698 = VERTEX_POINT('',#1699);
#1699 = CARTESIAN_POINT('',(107.275,-148.25,0.));
#1700 = LINE('',#1701,#1702);
#1701 = CARTESIAN_POINT('',(107.275,-148.25,0.));
#1702 = VECTOR('',#1703,1.);
#1703 = DIRECTION('',(-1.,0.,0.));
#1704 = ORIENTED_EDGE('',*,*,#1705,.F.);
#1705 = EDGE_CURVE('',#1706,#1698,#1708,.T.);
#1706 = VERTEX_POINT('',#1707);
#1707 = CARTESIAN_POINT('',(108.175353,-148.25,0.));
#1708 = LINE('',#1709,#1710);
#1709 = CARTESIAN_POINT('',(108.175353,-148.25,0.));
#1710 = VECTOR('',#1711,1.);
#1711 = DIRECTION('',(-1.,0.,0.));
#1712 = ORIENTED_EDGE('',*,*,#1713,.F.);
#1713 = EDGE_CURVE('',#1551,#1706,#1714,.T.);
#1714 = CIRCLE('',#1715,0.299998582341);
#1715 = AXIS2_PLACEMENT_3D('',#1716,#1717,#1718);
#1716 = CARTESIAN_POINT('',(108.17535375535,-147.9500014176,0.));
#1717 = DIRECTION('',(0.,0.,-1.));
#1718 = DIRECTION('',(0.52100661085,-0.853552641289,0.));
#1719 = FACE_BOUND('',#1720,.F.);
#1720 = EDGE_LOOP('',(#1721));
#1721 = ORIENTED_EDGE('',*,*,#1722,.T.);
#1722 = EDGE_CURVE('',#1723,#1723,#1725,.T.);
#1723 = VERTEX_POINT('',#1724);
#1724 = CARTESIAN_POINT('',(98.925,-135.04,0.));
#1725 = CIRCLE('',#1726,0.75);
#1726 = AXIS2_PLACEMENT_3D('',#1727,#1728,#1729);
#1727 = CARTESIAN_POINT('',(98.925,-134.29,0.));
#1728 = DIRECTION('',(-0.,0.,-1.));
#1729 = DIRECTION('',(-0.,-1.,0.));
#1730 = FACE_BOUND('',#1731,.F.);
#1731 = EDGE_LOOP('',(#1732));
#1732 = ORIENTED_EDGE('',*,*,#1733,.T.);
#1733 = EDGE_CURVE('',#1734,#1734,#1736,.T.);
#1734 = VERTEX_POINT('',#1735);
#1735 = CARTESIAN_POINT('',(102.735,-138.83,0.));
#1736 = CIRCLE('',#1737,2.);
#1737 = AXIS2_PLACEMENT_3D('',#1738,#1739,#1740);
#1738 = CARTESIAN_POINT('',(102.735,-136.83,0.));
#1739 = DIRECTION('',(-0.,0.,-1.));
#1740 = DIRECTION('',(-0.,-1.,0.));
#1741 = FACE_BOUND('',#1742,.F.);
#1742 = EDGE_LOOP('',(#1743));
#1743 = ORIENTED_EDGE('',*,*,#1744,.T.);
#1744 = EDGE_CURVE('',#1745,#1745,#1747,.T.);
#1745 = VERTEX_POINT('',#1746);
#1746 = CARTESIAN_POINT('',(117.465,-150.23,0.));
#1747 = CIRCLE('',#1748,0.4);
#1748 = AXIS2_PLACEMENT_3D('',#1749,#1750,#1751);
#1749 = CARTESIAN_POINT('',(117.465,-149.83,0.));
#1750 = DIRECTION('',(-0.,0.,-1.));
#1751 = DIRECTION('',(-0.,-1.,0.));
#1752 = FACE_BOUND('',#1753,.F.);
#1753 = EDGE_LOOP('',(#1754));
#1754 = ORIENTED_EDGE('',*,*,#1755,.T.);
#1755 = EDGE_CURVE('',#1756,#1756,#1758,.T.);
#1756 = VERTEX_POINT('',#1757);
#1757 = CARTESIAN_POINT('',(125.085,-150.23,0.));
#1758 = CIRCLE('',#1759,0.4);
#1759 = AXIS2_PLACEMENT_3D('',#1760,#1761,#1762);
#1760 = CARTESIAN_POINT('',(125.085,-149.83,0.));
#1761 = DIRECTION('',(-0.,0.,-1.));
#1762 = DIRECTION('',(-3.5527136788E-14,-1.,0.));
#1763 = FACE_BOUND('',#1764,.F.);
#1764 = EDGE_LOOP('',(#1765,#1776,#1785,#1793,#1801,#1810,#1819,#1828,
    #1836,#1844,#1853,#1862,#1871,#1879,#1887,#1896,#1905,#1914,#1922,
    #1930));
#1765 = ORIENTED_EDGE('',*,*,#1766,.F.);
#1766 = EDGE_CURVE('',#1767,#1769,#1771,.T.);
#1767 = VERTEX_POINT('',#1768);
#1768 = CARTESIAN_POINT('',(132.018934,-148.893345,0.));
#1769 = VERTEX_POINT('',#1770);
#1770 = CARTESIAN_POINT('',(131.331655,-148.206066,0.));
#1771 = CIRCLE('',#1772,0.499999603944);
#1772 = AXIS2_PLACEMENT_3D('',#1773,#1774,#1775);
#1773 = CARTESIAN_POINT('',(131.59215788946,-148.6328421105,0.));
#1774 = DIRECTION('',(0.,0.,1.));
#1775 = DIRECTION('',(0.853552897188,-0.521006191616,0.));
#1776 = ORIENTED_EDGE('',*,*,#1777,.F.);
#1777 = EDGE_CURVE('',#1778,#1767,#1780,.T.);
#1778 = VERTEX_POINT('',#1779);
#1779 = CARTESIAN_POINT('',(131.975,-149.049647,0.));
#1780 = CIRCLE('',#1781,0.299998582341);
#1781 = AXIS2_PLACEMENT_3D('',#1782,#1783,#1784);
#1782 = CARTESIAN_POINT('',(132.27499858234,-149.0496462446,0.));
#1783 = DIRECTION('',(0.,0.,-1.));
#1784 = DIRECTION('',(-0.999999999997,-2.517861578094E-06,-0.));
#1785 = ORIENTED_EDGE('',*,*,#1786,.F.);
#1786 = EDGE_CURVE('',#1787,#1778,#1789,.T.);
#1787 = VERTEX_POINT('',#1788);
#1788 = CARTESIAN_POINT('',(131.975,-149.75,0.));
#1789 = LINE('',#1790,#1791);
#1790 = CARTESIAN_POINT('',(131.975,-149.75,0.));
#1791 = VECTOR('',#1792,1.);
#1792 = DIRECTION('',(0.,1.,0.));
#1793 = ORIENTED_EDGE('',*,*,#1794,.F.);
#1794 = EDGE_CURVE('',#1795,#1787,#1797,.T.);
#1795 = VERTEX_POINT('',#1796);
#1796 = CARTESIAN_POINT('',(131.975,-150.450353,0.));
#1797 = LINE('',#1798,#1799);
#1798 = CARTESIAN_POINT('',(131.975,-150.450353,0.));
#1799 = VECTOR('',#1800,1.);
#1800 = DIRECTION('',(0.,1.,0.));
#1801 = ORIENTED_EDGE('',*,*,#1802,.F.);
#1802 = EDGE_CURVE('',#1803,#1795,#1805,.T.);
#1803 = VERTEX_POINT('',#1804);
#1804 = CARTESIAN_POINT('',(132.018934,-150.606655,0.));
#1805 = CIRCLE('',#1806,0.299998582341);
#1806 = AXIS2_PLACEMENT_3D('',#1807,#1808,#1809);
#1807 = CARTESIAN_POINT('',(132.27499858234,-150.4503537553,0.));
#1808 = DIRECTION('',(0.,0.,-1.));
#1809 = DIRECTION('',(-0.853552641289,-0.52100661085,-0.));
#1810 = ORIENTED_EDGE('',*,*,#1811,.F.);
#1811 = EDGE_CURVE('',#1812,#1803,#1814,.T.);
#1812 = VERTEX_POINT('',#1813);
#1813 = CARTESIAN_POINT('',(131.331655,-151.293934,0.));
#1814 = CIRCLE('',#1815,0.499999603944);
#1815 = AXIS2_PLACEMENT_3D('',#1816,#1817,#1818);
#1816 = CARTESIAN_POINT('',(131.59215788946,-150.8671578894,0.));
#1817 = DIRECTION('',(0.,0.,1.));
#1818 = DIRECTION('',(-0.521006191615,-0.853552897188,0.));
#1819 = ORIENTED_EDGE('',*,*,#1820,.F.);
#1820 = EDGE_CURVE('',#1821,#1812,#1823,.T.);
#1821 = VERTEX_POINT('',#1822);
#1822 = CARTESIAN_POINT('',(131.175353,-151.25,0.));
#1823 = CIRCLE('',#1824,0.299998582341);
#1824 = AXIS2_PLACEMENT_3D('',#1825,#1826,#1827);
#1825 = CARTESIAN_POINT('',(131.17535375535,-151.5499985823,0.));
#1826 = DIRECTION('',(0.,0.,-1.));
#1827 = DIRECTION('',(-2.517861388613E-06,0.999999999997,0.));
#1828 = ORIENTED_EDGE('',*,*,#1829,.F.);
#1829 = EDGE_CURVE('',#1830,#1821,#1832,.T.);
#1830 = VERTEX_POINT('',#1831);
#1831 = CARTESIAN_POINT('',(130.275,-151.25,0.));
#1832 = LINE('',#1833,#1834);
#1833 = CARTESIAN_POINT('',(130.275,-151.25,0.));
#1834 = VECTOR('',#1835,1.);
#1835 = DIRECTION('',(1.,0.,0.));
#1836 = ORIENTED_EDGE('',*,*,#1837,.F.);
#1837 = EDGE_CURVE('',#1838,#1830,#1840,.T.);
#1838 = VERTEX_POINT('',#1839);
#1839 = CARTESIAN_POINT('',(129.374647,-151.25,0.));
#1840 = LINE('',#1841,#1842);
#1841 = CARTESIAN_POINT('',(129.374647,-151.25,0.));
#1842 = VECTOR('',#1843,1.);
#1843 = DIRECTION('',(1.,0.,0.));
#1844 = ORIENTED_EDGE('',*,*,#1845,.F.);
#1845 = EDGE_CURVE('',#1846,#1838,#1848,.T.);
#1846 = VERTEX_POINT('',#1847);
#1847 = CARTESIAN_POINT('',(129.218345,-151.293934,0.));
#1848 = CIRCLE('',#1849,0.299998582341);
#1849 = AXIS2_PLACEMENT_3D('',#1850,#1851,#1852);
#1850 = CARTESIAN_POINT('',(129.37464624464,-151.5499985823,0.));
#1851 = DIRECTION('',(0.,0.,-1.));
#1852 = DIRECTION('',(-0.52100661085,0.853552641289,0.));
#1853 = ORIENTED_EDGE('',*,*,#1854,.F.);
#1854 = EDGE_CURVE('',#1855,#1846,#1857,.T.);
#1855 = VERTEX_POINT('',#1856);
#1856 = CARTESIAN_POINT('',(128.531066,-150.606655,0.));
#1857 = CIRCLE('',#1858,0.499999603944);
#1858 = AXIS2_PLACEMENT_3D('',#1859,#1860,#1861);
#1859 = CARTESIAN_POINT('',(128.95784211054,-150.8671578894,0.));
#1860 = DIRECTION('',(0.,0.,1.));
#1861 = DIRECTION('',(-0.853552897188,0.521006191616,0.));
#1862 = ORIENTED_EDGE('',*,*,#1863,.F.);
#1863 = EDGE_CURVE('',#1864,#1855,#1866,.T.);
#1864 = VERTEX_POINT('',#1865);
#1865 = CARTESIAN_POINT('',(128.575,-150.450353,0.));
#1866 = CIRCLE('',#1867,0.299998582341);
#1867 = AXIS2_PLACEMENT_3D('',#1868,#1869,#1870);
#1868 = CARTESIAN_POINT('',(128.27500141766,-150.4503537553,0.));
#1869 = DIRECTION('',(0.,0.,-1.));
#1870 = DIRECTION('',(0.999999999997,2.517861388613E-06,0.));
#1871 = ORIENTED_EDGE('',*,*,#1872,.F.);
#1872 = EDGE_CURVE('',#1873,#1864,#1875,.T.);
#1873 = VERTEX_POINT('',#1874);
#1874 = CARTESIAN_POINT('',(128.575,-149.75,0.));
#1875 = LINE('',#1876,#1877);
#1876 = CARTESIAN_POINT('',(128.575,-149.75,0.));
#1877 = VECTOR('',#1878,1.);
#1878 = DIRECTION('',(0.,-1.,0.));
#1879 = ORIENTED_EDGE('',*,*,#1880,.F.);
#1880 = EDGE_CURVE('',#1881,#1873,#1883,.T.);
#1881 = VERTEX_POINT('',#1882);
#1882 = CARTESIAN_POINT('',(128.575,-149.049647,0.));
#1883 = LINE('',#1884,#1885);
#1884 = CARTESIAN_POINT('',(128.575,-149.049647,0.));
#1885 = VECTOR('',#1886,1.);
#1886 = DIRECTION('',(0.,-1.,0.));
#1887 = ORIENTED_EDGE('',*,*,#1888,.F.);
#1888 = EDGE_CURVE('',#1889,#1881,#1891,.T.);
#1889 = VERTEX_POINT('',#1890);
#1890 = CARTESIAN_POINT('',(128.531066,-148.893345,0.));
#1891 = CIRCLE('',#1892,0.299998582341);
#1892 = AXIS2_PLACEMENT_3D('',#1893,#1894,#1895);
#1893 = CARTESIAN_POINT('',(128.27500141766,-149.0496462446,0.));
#1894 = DIRECTION('',(0.,0.,-1.));
#1895 = DIRECTION('',(0.853552641289,0.521006610849,0.));
#1896 = ORIENTED_EDGE('',*,*,#1897,.F.);
#1897 = EDGE_CURVE('',#1898,#1889,#1900,.T.);
#1898 = VERTEX_POINT('',#1899);
#1899 = CARTESIAN_POINT('',(129.218345,-148.206066,0.));
#1900 = CIRCLE('',#1901,0.499999603944);
#1901 = AXIS2_PLACEMENT_3D('',#1902,#1903,#1904);
#1902 = CARTESIAN_POINT('',(128.95784211054,-148.6328421105,0.));
#1903 = DIRECTION('',(0.,0.,1.));
#1904 = DIRECTION('',(0.521006191616,0.853552897188,-0.));
#1905 = ORIENTED_EDGE('',*,*,#1906,.F.);
#1906 = EDGE_CURVE('',#1907,#1898,#1909,.T.);
#1907 = VERTEX_POINT('',#1908);
#1908 = CARTESIAN_POINT('',(129.374647,-148.25,0.));
#1909 = CIRCLE('',#1910,0.299998582341);
#1910 = AXIS2_PLACEMENT_3D('',#1911,#1912,#1913);
#1911 = CARTESIAN_POINT('',(129.37464624464,-147.9500014176,0.));
#1912 = DIRECTION('',(0.,0.,-1.));
#1913 = DIRECTION('',(2.517861578094E-06,-0.999999999997,0.));
#1914 = ORIENTED_EDGE('',*,*,#1915,.F.);
#1915 = EDGE_CURVE('',#1916,#1907,#1918,.T.);
#1916 = VERTEX_POINT('',#1917);
#1917 = CARTESIAN_POINT('',(130.275,-148.25,0.));
#1918 = LINE('',#1919,#1920);
#1919 = CARTESIAN_POINT('',(130.275,-148.25,0.));
#1920 = VECTOR('',#1921,1.);
#1921 = DIRECTION('',(-1.,0.,0.));
#1922 = ORIENTED_EDGE('',*,*,#1923,.F.);
#1923 = EDGE_CURVE('',#1924,#1916,#1926,.T.);
#1924 = VERTEX_POINT('',#1925);
#1925 = CARTESIAN_POINT('',(131.175353,-148.25,0.));
#1926 = LINE('',#1927,#1928);
#1927 = CARTESIAN_POINT('',(131.175353,-148.25,0.));
#1928 = VECTOR('',#1929,1.);
#1929 = DIRECTION('',(-1.,0.,0.));
#1930 = ORIENTED_EDGE('',*,*,#1931,.F.);
#1931 = EDGE_CURVE('',#1769,#1924,#1932,.T.);
#1932 = CIRCLE('',#1933,0.299998582341);
#1933 = AXIS2_PLACEMENT_3D('',#1934,#1935,#1936);
#1934 = CARTESIAN_POINT('',(131.17535375535,-147.9500014176,0.));
#1935 = DIRECTION('',(0.,0.,-1.));
#1936 = DIRECTION('',(0.52100661085,-0.853552641289,0.));
#1937 = FACE_BOUND('',#1938,.F.);
#1938 = EDGE_LOOP('',(#1939));
#1939 = ORIENTED_EDGE('',*,*,#1940,.T.);
#1940 = EDGE_CURVE('',#1941,#1941,#1943,.T.);
#1941 = VERTEX_POINT('',#1942);
#1942 = CARTESIAN_POINT('',(121.925,-135.04,0.));
#1943 = CIRCLE('',#1944,0.75);
#1944 = AXIS2_PLACEMENT_3D('',#1945,#1946,#1947);
#1945 = CARTESIAN_POINT('',(121.925,-134.29,0.));
#1946 = DIRECTION('',(-0.,0.,-1.));
#1947 = DIRECTION('',(-0.,-1.,0.));
#1948 = FACE_BOUND('',#1949,.F.);
#1949 = EDGE_LOOP('',(#1950));
#1950 = ORIENTED_EDGE('',*,*,#1951,.T.);
#1951 = EDGE_CURVE('',#1952,#1952,#1954,.T.);
#1952 = VERTEX_POINT('',#1953);
#1953 = CARTESIAN_POINT('',(125.735,-138.83,0.));
#1954 = CIRCLE('',#1955,2.);
#1955 = AXIS2_PLACEMENT_3D('',#1956,#1957,#1958);
#1956 = CARTESIAN_POINT('',(125.735,-136.83,0.));
#1957 = DIRECTION('',(-0.,0.,-1.));
#1958 = DIRECTION('',(-0.,-1.,0.));
#1959 = FACE_BOUND('',#1960,.F.);
#1960 = EDGE_LOOP('',(#1961));
#1961 = ORIENTED_EDGE('',*,*,#1962,.T.);
#1962 = EDGE_CURVE('',#1963,#1963,#1965,.T.);
#1963 = VERTEX_POINT('',#1964);
#1964 = CARTESIAN_POINT('',(60.275,-132.5,0.));
#1965 = CIRCLE('',#1966,0.75);
#1966 = AXIS2_PLACEMENT_3D('',#1967,#1968,#1969);
#1967 = CARTESIAN_POINT('',(60.275,-131.75,0.));
#1968 = DIRECTION('',(-0.,0.,-1.));
#1969 = DIRECTION('',(-0.,-1.,0.));
#1970 = FACE_BOUND('',#1971,.F.);
#1971 = EDGE_LOOP('',(#1972));
#1972 = ORIENTED_EDGE('',*,*,#1973,.T.);
#1973 = EDGE_CURVE('',#1974,#1974,#1976,.T.);
#1974 = VERTEX_POINT('',#1975);
#1975 = CARTESIAN_POINT('',(83.275,-132.5,0.));
#1976 = CIRCLE('',#1977,0.75);
#1977 = AXIS2_PLACEMENT_3D('',#1978,#1979,#1980);
#1978 = CARTESIAN_POINT('',(83.275,-131.75,0.));
#1979 = DIRECTION('',(-0.,0.,-1.));
#1980 = DIRECTION('',(-0.,-1.,0.));
#1981 = FACE_BOUND('',#1982,.F.);
#1982 = EDGE_LOOP('',(#1983));
#1983 = ORIENTED_EDGE('',*,*,#1984,.T.);
#1984 = EDGE_CURVE('',#1985,#1985,#1987,.T.);
#1985 = VERTEX_POINT('',#1986);
#1986 = CARTESIAN_POINT('',(79.5,-117.31,0.));
#1987 = CIRCLE('',#1988,0.5);
#1988 = AXIS2_PLACEMENT_3D('',#1989,#1990,#1991);
#1989 = CARTESIAN_POINT('',(79.5,-116.81,0.));
#1990 = DIRECTION('',(-0.,0.,-1.));
#1991 = DIRECTION('',(-0.,-1.,0.));
#1992 = FACE_BOUND('',#1993,.F.);
#1993 = EDGE_LOOP('',(#1994));
#1994 = ORIENTED_EDGE('',*,*,#1995,.T.);
#1995 = EDGE_CURVE('',#1996,#1996,#1998,.T.);
#1996 = VERTEX_POINT('',#1997);
#1997 = CARTESIAN_POINT('',(79.5,-114.77,0.));
#1998 = CIRCLE('',#1999,0.5);
#1999 = AXIS2_PLACEMENT_3D('',#2000,#2001,#2002);
#2000 = CARTESIAN_POINT('',(79.5,-114.27,0.));
#2001 = DIRECTION('',(-0.,0.,-1.));
#2002 = DIRECTION('',(-0.,-1.,0.));
#2003 = FACE_BOUND('',#2004,.F.);
#2004 = EDGE_LOOP('',(#2005));
#2005 = ORIENTED_EDGE('',*,*,#2006,.T.);
#2006 = EDGE_CURVE('',#2007,#2007,#2009,.T.);
#2007 = VERTEX_POINT('',#2008);
#2008 = CARTESIAN_POINT('',(79.5,-112.23,0.));
#2009 = CIRCLE('',#2010,0.5);
#2010 = AXIS2_PLACEMENT_3D('',#2011,#2012,#2013);
#2011 = CARTESIAN_POINT('',(79.5,-111.73,0.));
#2012 = DIRECTION('',(-0.,0.,-1.));
#2013 = DIRECTION('',(-0.,-1.,0.));
#2014 = FACE_BOUND('',#2015,.F.);
#2015 = EDGE_LOOP('',(#2016));
#2016 = ORIENTED_EDGE('',*,*,#2017,.T.);
#2017 = EDGE_CURVE('',#2018,#2018,#2020,.T.);
#2018 = VERTEX_POINT('',#2019);
#2019 = CARTESIAN_POINT('',(48.,-90.6,0.));
#2020 = CIRCLE('',#2021,1.6);
#2021 = AXIS2_PLACEMENT_3D('',#2022,#2023,#2024);
#2022 = CARTESIAN_POINT('',(48.,-89.,0.));
#2023 = DIRECTION('',(-0.,0.,-1.));
#2024 = DIRECTION('',(-0.,-1.,0.));
#2025 = FACE_BOUND('',#2026,.F.);
#2026 = EDGE_LOOP('',(#2027));
#2027 = ORIENTED_EDGE('',*,*,#2028,.T.);
#2028 = EDGE_CURVE('',#2029,#2029,#2031,.T.);
#2029 = VERTEX_POINT('',#2030);
#2030 = CARTESIAN_POINT('',(79.5,-109.69,0.));
#2031 = CIRCLE('',#2032,0.5);
#2032 = AXIS2_PLACEMENT_3D('',#2033,#2034,#2035);
#2033 = CARTESIAN_POINT('',(79.5,-109.19,0.));
#2034 = DIRECTION('',(-0.,0.,-1.));
#2035 = DIRECTION('',(-0.,-1.,0.));
#2036 = FACE_BOUND('',#2037,.F.);
#2037 = EDGE_LOOP('',(#2038));
#2038 = ORIENTED_EDGE('',*,*,#2039,.T.);
#2039 = EDGE_CURVE('',#2040,#2040,#2042,.T.);
#2040 = VERTEX_POINT('',#2041);
#2041 = CARTESIAN_POINT('',(89.,-104.12,0.));
#2042 = CIRCLE('',#2043,0.5);
#2043 = AXIS2_PLACEMENT_3D('',#2044,#2045,#2046);
#2044 = CARTESIAN_POINT('',(89.,-103.62,0.));
#2045 = DIRECTION('',(-0.,0.,-1.));
#2046 = DIRECTION('',(-0.,-1.,0.));
#2047 = FACE_BOUND('',#2048,.F.);
#2048 = EDGE_LOOP('',(#2049));
#2049 = ORIENTED_EDGE('',*,*,#2050,.T.);
#2050 = EDGE_CURVE('',#2051,#2051,#2053,.T.);
#2051 = VERTEX_POINT('',#2052);
#2052 = CARTESIAN_POINT('',(89.,-101.58,0.));
#2053 = CIRCLE('',#2054,0.5);
#2054 = AXIS2_PLACEMENT_3D('',#2055,#2056,#2057);
#2055 = CARTESIAN_POINT('',(89.,-101.08,0.));
#2056 = DIRECTION('',(-0.,0.,-1.));
#2057 = DIRECTION('',(-0.,-1.,0.));
#2058 = FACE_BOUND('',#2059,.F.);
#2059 = EDGE_LOOP('',(#2060));
#2060 = ORIENTED_EDGE('',*,*,#2061,.T.);
#2061 = EDGE_CURVE('',#2062,#2062,#2064,.T.);
#2062 = VERTEX_POINT('',#2063);
#2063 = CARTESIAN_POINT('',(89.,-99.04,0.));
#2064 = CIRCLE('',#2065,0.5);
#2065 = AXIS2_PLACEMENT_3D('',#2066,#2067,#2068);
#2066 = CARTESIAN_POINT('',(89.,-98.54,0.));
#2067 = DIRECTION('',(-0.,0.,-1.));
#2068 = DIRECTION('',(-0.,-1.,0.));
#2069 = FACE_BOUND('',#2070,.F.);
#2070 = EDGE_LOOP('',(#2071));
#2071 = ORIENTED_EDGE('',*,*,#2072,.T.);
#2072 = EDGE_CURVE('',#2073,#2073,#2075,.T.);
#2073 = VERTEX_POINT('',#2074);
#2074 = CARTESIAN_POINT('',(89.,-96.5,0.));
#2075 = CIRCLE('',#2076,0.5);
#2076 = AXIS2_PLACEMENT_3D('',#2077,#2078,#2079);
#2077 = CARTESIAN_POINT('',(89.,-96.,0.));
#2078 = DIRECTION('',(-0.,0.,-1.));
#2079 = DIRECTION('',(-0.,-1.,0.));
#2080 = FACE_BOUND('',#2081,.F.);
#2081 = EDGE_LOOP('',(#2082));
#2082 = ORIENTED_EDGE('',*,*,#2083,.T.);
#2083 = EDGE_CURVE('',#2084,#2084,#2086,.T.);
#2084 = VERTEX_POINT('',#2085);
#2085 = CARTESIAN_POINT('',(89.,-93.96,0.));
#2086 = CIRCLE('',#2087,0.5);
#2087 = AXIS2_PLACEMENT_3D('',#2088,#2089,#2090);
#2088 = CARTESIAN_POINT('',(89.,-93.46,0.));
#2089 = DIRECTION('',(-0.,0.,-1.));
#2090 = DIRECTION('',(-0.,-1.,0.));
#2091 = FACE_BOUND('',#2092,.F.);
#2092 = EDGE_LOOP('',(#2093));
#2093 = ORIENTED_EDGE('',*,*,#2094,.T.);
#2094 = EDGE_CURVE('',#2095,#2095,#2097,.T.);
#2095 = VERTEX_POINT('',#2096);
#2096 = CARTESIAN_POINT('',(89.,-91.42,0.));
#2097 = CIRCLE('',#2098,0.5);
#2098 = AXIS2_PLACEMENT_3D('',#2099,#2100,#2101);
#2099 = CARTESIAN_POINT('',(89.,-90.92,0.));
#2100 = DIRECTION('',(-0.,0.,-1.));
#2101 = DIRECTION('',(-0.,-1.,0.));
#2102 = FACE_BOUND('',#2103,.F.);
#2103 = EDGE_LOOP('',(#2104));
#2104 = ORIENTED_EDGE('',*,*,#2105,.T.);
#2105 = EDGE_CURVE('',#2106,#2106,#2108,.T.);
#2106 = VERTEX_POINT('',#2107);
#2107 = CARTESIAN_POINT('',(89.,-88.88,0.));
#2108 = CIRCLE('',#2109,0.5);
#2109 = AXIS2_PLACEMENT_3D('',#2110,#2111,#2112);
#2110 = CARTESIAN_POINT('',(89.,-88.38,0.));
#2111 = DIRECTION('',(-0.,0.,-1.));
#2112 = DIRECTION('',(-0.,-1.,0.));
#2113 = FACE_BOUND('',#2114,.F.);
#2114 = EDGE_LOOP('',(#2115));
#2115 = ORIENTED_EDGE('',*,*,#2116,.T.);
#2116 = EDGE_CURVE('',#2117,#2117,#2119,.T.);
#2117 = VERTEX_POINT('',#2118);
#2118 = CARTESIAN_POINT('',(105.275,-132.5,0.));
#2119 = CIRCLE('',#2120,0.75);
#2120 = AXIS2_PLACEMENT_3D('',#2121,#2122,#2123);
#2121 = CARTESIAN_POINT('',(105.275,-131.75,0.));
#2122 = DIRECTION('',(-0.,0.,-1.));
#2123 = DIRECTION('',(-0.,-1.,0.));
#2124 = FACE_BOUND('',#2125,.F.);
#2125 = EDGE_LOOP('',(#2126));
#2126 = ORIENTED_EDGE('',*,*,#2127,.T.);
#2127 = EDGE_CURVE('',#2128,#2128,#2130,.T.);
#2128 = VERTEX_POINT('',#2129);
#2129 = CARTESIAN_POINT('',(128.275,-132.5,0.));
#2130 = CIRCLE('',#2131,0.75);
#2131 = AXIS2_PLACEMENT_3D('',#2132,#2133,#2134);
#2132 = CARTESIAN_POINT('',(128.275,-131.75,0.));
#2133 = DIRECTION('',(-0.,0.,-1.));
#2134 = DIRECTION('',(-0.,-1.,0.));
#2135 = FACE_BOUND('',#2136,.F.);
#2136 = EDGE_LOOP('',(#2137));
#2137 = ORIENTED_EDGE('',*,*,#2138,.T.);
#2138 = EDGE_CURVE('',#2139,#2139,#2141,.T.);
#2139 = VERTEX_POINT('',#2140);
#2140 = CARTESIAN_POINT('',(104.25,-104.12,0.));
#2141 = CIRCLE('',#2142,0.5);
#2142 = AXIS2_PLACEMENT_3D('',#2143,#2144,#2145);
#2143 = CARTESIAN_POINT('',(104.25,-103.62,0.));
#2144 = DIRECTION('',(-0.,0.,-1.));
#2145 = DIRECTION('',(-0.,-1.,0.));
#2146 = FACE_BOUND('',#2147,.F.);
#2147 = EDGE_LOOP('',(#2148));
#2148 = ORIENTED_EDGE('',*,*,#2149,.T.);
#2149 = EDGE_CURVE('',#2150,#2150,#2152,.T.);
#2150 = VERTEX_POINT('',#2151);
#2151 = CARTESIAN_POINT('',(104.25,-101.58,0.));
#2152 = CIRCLE('',#2153,0.5);
#2153 = AXIS2_PLACEMENT_3D('',#2154,#2155,#2156);
#2154 = CARTESIAN_POINT('',(104.25,-101.08,0.));
#2155 = DIRECTION('',(-0.,0.,-1.));
#2156 = DIRECTION('',(-0.,-1.,0.));
#2157 = FACE_BOUND('',#2158,.F.);
#2158 = EDGE_LOOP('',(#2159));
#2159 = ORIENTED_EDGE('',*,*,#2160,.T.);
#2160 = EDGE_CURVE('',#2161,#2161,#2163,.T.);
#2161 = VERTEX_POINT('',#2162);
#2162 = CARTESIAN_POINT('',(111.5,-101.5,0.));
#2163 = CIRCLE('',#2164,0.5);
#2164 = AXIS2_PLACEMENT_3D('',#2165,#2166,#2167);
#2165 = CARTESIAN_POINT('',(111.5,-101.,0.));
#2166 = DIRECTION('',(-0.,0.,-1.));
#2167 = DIRECTION('',(-0.,-1.,0.));
#2168 = FACE_BOUND('',#2169,.F.);
#2169 = EDGE_LOOP('',(#2170));
#2170 = ORIENTED_EDGE('',*,*,#2171,.T.);
#2171 = EDGE_CURVE('',#2172,#2172,#2174,.T.);
#2172 = VERTEX_POINT('',#2173);
#2173 = CARTESIAN_POINT('',(104.25,-99.04,0.));
#2174 = CIRCLE('',#2175,0.5);
#2175 = AXIS2_PLACEMENT_3D('',#2176,#2177,#2178);
#2176 = CARTESIAN_POINT('',(104.25,-98.54,0.));
#2177 = DIRECTION('',(-0.,0.,-1.));
#2178 = DIRECTION('',(-0.,-1.,0.));
#2179 = FACE_BOUND('',#2180,.F.);
#2180 = EDGE_LOOP('',(#2181));
#2181 = ORIENTED_EDGE('',*,*,#2182,.T.);
#2182 = EDGE_CURVE('',#2183,#2183,#2185,.T.);
#2183 = VERTEX_POINT('',#2184);
#2184 = CARTESIAN_POINT('',(104.25,-96.5,0.));
#2185 = CIRCLE('',#2186,0.5);
#2186 = AXIS2_PLACEMENT_3D('',#2187,#2188,#2189);
#2187 = CARTESIAN_POINT('',(104.25,-96.,0.));
#2188 = DIRECTION('',(-0.,0.,-1.));
#2189 = DIRECTION('',(-0.,-1.,0.));
#2190 = FACE_BOUND('',#2191,.F.);
#2191 = EDGE_LOOP('',(#2192));
#2192 = ORIENTED_EDGE('',*,*,#2193,.T.);
#2193 = EDGE_CURVE('',#2194,#2194,#2196,.T.);
#2194 = VERTEX_POINT('',#2195);
#2195 = CARTESIAN_POINT('',(104.25,-93.96,0.));
#2196 = CIRCLE('',#2197,0.5);
#2197 = AXIS2_PLACEMENT_3D('',#2198,#2199,#2200);
#2198 = CARTESIAN_POINT('',(104.25,-93.46,0.));
#2199 = DIRECTION('',(-0.,0.,-1.));
#2200 = DIRECTION('',(-0.,-1.,0.));
#2201 = FACE_BOUND('',#2202,.F.);
#2202 = EDGE_LOOP('',(#2203));
#2203 = ORIENTED_EDGE('',*,*,#2204,.T.);
#2204 = EDGE_CURVE('',#2205,#2205,#2207,.T.);
#2205 = VERTEX_POINT('',#2206);
#2206 = CARTESIAN_POINT('',(104.25,-91.42,0.));
#2207 = CIRCLE('',#2208,0.5);
#2208 = AXIS2_PLACEMENT_3D('',#2209,#2210,#2211);
#2209 = CARTESIAN_POINT('',(104.25,-90.92,0.));
#2210 = DIRECTION('',(-0.,0.,-1.));
#2211 = DIRECTION('',(-0.,-1.,0.));
#2212 = FACE_BOUND('',#2213,.F.);
#2213 = EDGE_LOOP('',(#2214));
#2214 = ORIENTED_EDGE('',*,*,#2215,.T.);
#2215 = EDGE_CURVE('',#2216,#2216,#2218,.T.);
#2216 = VERTEX_POINT('',#2217);
#2217 = CARTESIAN_POINT('',(104.25,-88.88,0.));
#2218 = CIRCLE('',#2219,0.5);
#2219 = AXIS2_PLACEMENT_3D('',#2220,#2221,#2222);
#2220 = CARTESIAN_POINT('',(104.25,-88.38,0.));
#2221 = DIRECTION('',(-0.,0.,-1.));
#2222 = DIRECTION('',(-0.,-1.,0.));
#2223 = FACE_BOUND('',#2224,.F.);
#2224 = EDGE_LOOP('',(#2225));
#2225 = ORIENTED_EDGE('',*,*,#2226,.T.);
#2226 = EDGE_CURVE('',#2227,#2227,#2229,.T.);
#2227 = VERTEX_POINT('',#2228);
#2228 = CARTESIAN_POINT('',(111.5,-99.,0.));
#2229 = CIRCLE('',#2230,0.5);
#2230 = AXIS2_PLACEMENT_3D('',#2231,#2232,#2233);
#2231 = CARTESIAN_POINT('',(111.5,-98.5,0.));
#2232 = DIRECTION('',(-0.,0.,-1.));
#2233 = DIRECTION('',(-0.,-1.,0.));
#2234 = FACE_BOUND('',#2235,.F.);
#2235 = EDGE_LOOP('',(#2236));
#2236 = ORIENTED_EDGE('',*,*,#2237,.T.);
#2237 = EDGE_CURVE('',#2238,#2238,#2240,.T.);
#2238 = VERTEX_POINT('',#2239);
#2239 = CARTESIAN_POINT('',(111.5,-96.5,0.));
#2240 = CIRCLE('',#2241,0.5);
#2241 = AXIS2_PLACEMENT_3D('',#2242,#2243,#2244);
#2242 = CARTESIAN_POINT('',(111.5,-96.,0.));
#2243 = DIRECTION('',(-0.,0.,-1.));
#2244 = DIRECTION('',(-0.,-1.,0.));
#2245 = FACE_BOUND('',#2246,.F.);
#2246 = EDGE_LOOP('',(#2247,#2258,#2266,#2275));
#2247 = ORIENTED_EDGE('',*,*,#2248,.T.);
#2248 = EDGE_CURVE('',#2249,#2251,#2253,.T.);
#2249 = VERTEX_POINT('',#2250);
#2250 = CARTESIAN_POINT('',(119.65,-103.35,0.));
#2251 = VERTEX_POINT('',#2252);
#2252 = CARTESIAN_POINT('',(119.65,-104.85,0.));
#2253 = CIRCLE('',#2254,0.75);
#2254 = AXIS2_PLACEMENT_3D('',#2255,#2256,#2257);
#2255 = CARTESIAN_POINT('',(119.65,-104.1,0.));
#2256 = DIRECTION('',(-0.,0.,-1.));
#2257 = DIRECTION('',(-0.,-1.,0.));
#2258 = ORIENTED_EDGE('',*,*,#2259,.T.);
#2259 = EDGE_CURVE('',#2251,#2260,#2262,.T.);
#2260 = VERTEX_POINT('',#2261);
#2261 = CARTESIAN_POINT('',(118.35,-104.85,0.));
#2262 = LINE('',#2263,#2264);
#2263 = CARTESIAN_POINT('',(59.175,-104.85,0.));
#2264 = VECTOR('',#2265,1.);
#2265 = DIRECTION('',(-1.,0.,0.));
#2266 = ORIENTED_EDGE('',*,*,#2267,.T.);
#2267 = EDGE_CURVE('',#2260,#2268,#2270,.T.);
#2268 = VERTEX_POINT('',#2269);
#2269 = CARTESIAN_POINT('',(118.35,-103.35,0.));
#2270 = CIRCLE('',#2271,0.75);
#2271 = AXIS2_PLACEMENT_3D('',#2272,#2273,#2274);
#2272 = CARTESIAN_POINT('',(118.35,-104.1,0.));
#2273 = DIRECTION('',(-0.,0.,-1.));
#2274 = DIRECTION('',(0.,1.,0.));
#2275 = ORIENTED_EDGE('',*,*,#2276,.T.);
#2276 = EDGE_CURVE('',#2268,#2249,#2277,.T.);
#2277 = LINE('',#2278,#2279);
#2278 = CARTESIAN_POINT('',(59.825,-103.35,0.));
#2279 = VECTOR('',#2280,1.);
#2280 = DIRECTION('',(1.,0.,-0.));
#2281 = FACE_BOUND('',#2282,.F.);
#2282 = EDGE_LOOP('',(#2283));
#2283 = ORIENTED_EDGE('',*,*,#2284,.T.);
#2284 = EDGE_CURVE('',#2285,#2285,#2287,.T.);
#2285 = VERTEX_POINT('',#2286);
#2286 = CARTESIAN_POINT('',(126.,-101.5,0.));
#2287 = CIRCLE('',#2288,0.5);
#2288 = AXIS2_PLACEMENT_3D('',#2289,#2290,#2291);
#2289 = CARTESIAN_POINT('',(126.,-101.,0.));
#2290 = DIRECTION('',(-0.,0.,-1.));
#2291 = DIRECTION('',(-0.,-1.,0.));
#2292 = FACE_BOUND('',#2293,.F.);
#2293 = EDGE_LOOP('',(#2294));
#2294 = ORIENTED_EDGE('',*,*,#2295,.T.);
#2295 = EDGE_CURVE('',#2296,#2296,#2298,.T.);
#2296 = VERTEX_POINT('',#2297);
#2297 = CARTESIAN_POINT('',(126.,-96.5,0.));
#2298 = CIRCLE('',#2299,0.5);
#2299 = AXIS2_PLACEMENT_3D('',#2300,#2301,#2302);
#2300 = CARTESIAN_POINT('',(126.,-96.,0.));
#2301 = DIRECTION('',(-0.,0.,-1.));
#2302 = DIRECTION('',(-0.,-1.,0.));
#2303 = FACE_BOUND('',#2304,.F.);
#2304 = EDGE_LOOP('',(#2305,#2316,#2324,#2333));
#2305 = ORIENTED_EDGE('',*,*,#2306,.T.);
#2306 = EDGE_CURVE('',#2307,#2309,#2311,.T.);
#2307 = VERTEX_POINT('',#2308);
#2308 = CARTESIAN_POINT('',(119.65,-92.15,0.));
#2309 = VERTEX_POINT('',#2310);
#2310 = CARTESIAN_POINT('',(119.65,-93.65,0.));
#2311 = CIRCLE('',#2312,0.75);
#2312 = AXIS2_PLACEMENT_3D('',#2313,#2314,#2315);
#2313 = CARTESIAN_POINT('',(119.65,-92.9,0.));
#2314 = DIRECTION('',(-0.,0.,-1.));
#2315 = DIRECTION('',(-0.,-1.,0.));
#2316 = ORIENTED_EDGE('',*,*,#2317,.T.);
#2317 = EDGE_CURVE('',#2309,#2318,#2320,.T.);
#2318 = VERTEX_POINT('',#2319);
#2319 = CARTESIAN_POINT('',(118.35,-93.65,0.));
#2320 = LINE('',#2321,#2322);
#2321 = CARTESIAN_POINT('',(59.175,-93.65,0.));
#2322 = VECTOR('',#2323,1.);
#2323 = DIRECTION('',(-1.,0.,0.));
#2324 = ORIENTED_EDGE('',*,*,#2325,.T.);
#2325 = EDGE_CURVE('',#2318,#2326,#2328,.T.);
#2326 = VERTEX_POINT('',#2327);
#2327 = CARTESIAN_POINT('',(118.35,-92.15,0.));
#2328 = CIRCLE('',#2329,0.75);
#2329 = AXIS2_PLACEMENT_3D('',#2330,#2331,#2332);
#2330 = CARTESIAN_POINT('',(118.35,-92.9,0.));
#2331 = DIRECTION('',(-0.,0.,-1.));
#2332 = DIRECTION('',(0.,1.,0.));
#2333 = ORIENTED_EDGE('',*,*,#2334,.T.);
#2334 = EDGE_CURVE('',#2326,#2307,#2335,.T.);
#2335 = LINE('',#2336,#2337);
#2336 = CARTESIAN_POINT('',(59.825,-92.15,0.));
#2337 = VECTOR('',#2338,1.);
#2338 = DIRECTION('',(1.,0.,-0.));
#2339 = FACE_BOUND('',#2340,.F.);
#2340 = EDGE_LOOP('',(#2341));
#2341 = ORIENTED_EDGE('',*,*,#2342,.T.);
#2342 = EDGE_CURVE('',#2343,#2343,#2345,.T.);
#2343 = VERTEX_POINT('',#2344);
#2344 = CARTESIAN_POINT('',(139.,-90.6,0.));
#2345 = CIRCLE('',#2346,1.6);
#2346 = AXIS2_PLACEMENT_3D('',#2347,#2348,#2349);
#2347 = CARTESIAN_POINT('',(139.,-89.,0.));
#2348 = DIRECTION('',(-0.,0.,-1.));
#2349 = DIRECTION('',(-0.,-1.,0.));
#2350 = PLANE('',#2351);
#2351 = AXIS2_PLACEMENT_3D('',#2352,#2353,#2354);
#2352 = CARTESIAN_POINT('',(0.,0.,0.));
#2353 = DIRECTION('',(0.,0.,1.));
#2354 = DIRECTION('',(1.,0.,-0.));
#2355 = ADVANCED_FACE('',(#2356,#2367,#2378,#2389,#2400,#2574,#2585,
    #2596,#2607,#2618,#2629,#2803,#2814,#2825,#2836,#2847,#2858,#3032,
    #3043,#3054,#3065,#3076,#3250,#3261,#3272,#3283,#3294,#3468,#3479,
    #3490,#3501,#3512,#3523,#3697,#3708,#3719,#3730,#3741,#3752,#3763,
    #3937,#3948,#3959,#3970,#3981,#4155,#4166,#4177,#4188,#4199,#4210,
    #4221,#4232,#4243,#4254,#4265,#4276,#4287,#4298,#4309,#4320,#4331,
    #4342,#4353,#4364,#4375,#4386,#4397,#4408,#4419,#4430,#4441,#4452,
    #4463,#4499,#4510,#4521,#4557),#4568,.T.);
#2356 = FACE_BOUND('',#2357,.T.);
#2357 = EDGE_LOOP('',(#2358,#2359,#2360,#2366));
#2358 = ORIENTED_EDGE('',*,*,#49,.F.);
#2359 = ORIENTED_EDGE('',*,*,#89,.F.);
#2360 = ORIENTED_EDGE('',*,*,#2361,.F.);
#2361 = EDGE_CURVE('',#112,#82,#2362,.T.);
#2362 = LINE('',#2363,#2364);
#2363 = CARTESIAN_POINT('',(44.,-84.,1.51));
#2364 = VECTOR('',#2365,1.);
#2365 = DIRECTION('',(1.,0.,0.));
#2366 = ORIENTED_EDGE('',*,*,#111,.F.);
#2367 = FACE_BOUND('',#2368,.T.);
#2368 = EDGE_LOOP('',(#2369));
#2369 = ORIENTED_EDGE('',*,*,#2370,.T.);
#2370 = EDGE_CURVE('',#2371,#2371,#2373,.T.);
#2371 = VERTEX_POINT('',#2372);
#2372 = CARTESIAN_POINT('',(48.,-180.6,1.51));
#2373 = CIRCLE('',#2374,1.6);
#2374 = AXIS2_PLACEMENT_3D('',#2375,#2376,#2377);
#2375 = CARTESIAN_POINT('',(48.,-179.,1.51));
#2376 = DIRECTION('',(-0.,0.,-1.));
#2377 = DIRECTION('',(-0.,-1.,0.));
#2378 = FACE_BOUND('',#2379,.T.);
#2379 = EDGE_LOOP('',(#2380));
#2380 = ORIENTED_EDGE('',*,*,#2381,.T.);
#2381 = EDGE_CURVE('',#2382,#2382,#2384,.T.);
#2382 = VERTEX_POINT('',#2383);
#2383 = CARTESIAN_POINT('',(53.38,-178.31,1.51));
#2384 = CIRCLE('',#2385,0.4);
#2385 = AXIS2_PLACEMENT_3D('',#2386,#2387,#2388);
#2386 = CARTESIAN_POINT('',(53.38,-177.91,1.51));
#2387 = DIRECTION('',(-0.,0.,-1.));
#2388 = DIRECTION('',(1.7763568394E-14,-1.,-0.));
#2389 = FACE_BOUND('',#2390,.T.);
#2390 = EDGE_LOOP('',(#2391));
#2391 = ORIENTED_EDGE('',*,*,#2392,.T.);
#2392 = EDGE_CURVE('',#2393,#2393,#2395,.T.);
#2393 = VERTEX_POINT('',#2394);
#2394 = CARTESIAN_POINT('',(61.,-178.31,1.51));
#2395 = CIRCLE('',#2396,0.4);
#2396 = AXIS2_PLACEMENT_3D('',#2397,#2398,#2399);
#2397 = CARTESIAN_POINT('',(61.,-177.91,1.51));
#2398 = DIRECTION('',(-0.,0.,-1.));
#2399 = DIRECTION('',(-0.,-1.,0.));
#2400 = FACE_BOUND('',#2401,.T.);
#2401 = EDGE_LOOP('',(#2402,#2413,#2422,#2430,#2438,#2447,#2456,#2465,
    #2473,#2481,#2490,#2499,#2508,#2516,#2524,#2533,#2542,#2551,#2559,
    #2567));
#2402 = ORIENTED_EDGE('',*,*,#2403,.F.);
#2403 = EDGE_CURVE('',#2404,#2406,#2408,.T.);
#2404 = VERTEX_POINT('',#2405);
#2405 = CARTESIAN_POINT('',(68.743934,-177.053345,1.51));
#2406 = VERTEX_POINT('',#2407);
#2407 = CARTESIAN_POINT('',(68.056655,-176.366066,1.51));
#2408 = CIRCLE('',#2409,0.499999603944);
#2409 = AXIS2_PLACEMENT_3D('',#2410,#2411,#2412);
#2410 = CARTESIAN_POINT('',(68.31715788946,-176.7928421105,1.51));
#2411 = DIRECTION('',(0.,0.,1.));
#2412 = DIRECTION('',(0.853552897188,-0.521006191616,0.));
#2413 = ORIENTED_EDGE('',*,*,#2414,.F.);
#2414 = EDGE_CURVE('',#2415,#2404,#2417,.T.);
#2415 = VERTEX_POINT('',#2416);
#2416 = CARTESIAN_POINT('',(68.7,-177.209647,1.51));
#2417 = CIRCLE('',#2418,0.299998582341);
#2418 = AXIS2_PLACEMENT_3D('',#2419,#2420,#2421);
#2419 = CARTESIAN_POINT('',(68.99999858234,-177.2096462446,1.51));
#2420 = DIRECTION('',(0.,0.,-1.));
#2421 = DIRECTION('',(-0.999999999997,-2.517861388614E-06,-0.));
#2422 = ORIENTED_EDGE('',*,*,#2423,.F.);
#2423 = EDGE_CURVE('',#2424,#2415,#2426,.T.);
#2424 = VERTEX_POINT('',#2425);
#2425 = CARTESIAN_POINT('',(68.7,-177.91,1.51));
#2426 = LINE('',#2427,#2428);
#2427 = CARTESIAN_POINT('',(68.7,-177.91,1.51));
#2428 = VECTOR('',#2429,1.);
#2429 = DIRECTION('',(0.,1.,0.));
#2430 = ORIENTED_EDGE('',*,*,#2431,.F.);
#2431 = EDGE_CURVE('',#2432,#2424,#2434,.T.);
#2432 = VERTEX_POINT('',#2433);
#2433 = CARTESIAN_POINT('',(68.7,-178.610353,1.51));
#2434 = LINE('',#2435,#2436);
#2435 = CARTESIAN_POINT('',(68.7,-178.610353,1.51));
#2436 = VECTOR('',#2437,1.);
#2437 = DIRECTION('',(0.,1.,0.));
#2438 = ORIENTED_EDGE('',*,*,#2439,.F.);
#2439 = EDGE_CURVE('',#2440,#2432,#2442,.T.);
#2440 = VERTEX_POINT('',#2441);
#2441 = CARTESIAN_POINT('',(68.743934,-178.766655,1.51));
#2442 = CIRCLE('',#2443,0.299998582341);
#2443 = AXIS2_PLACEMENT_3D('',#2444,#2445,#2446);
#2444 = CARTESIAN_POINT('',(68.99999858234,-178.6103537553,1.51));
#2445 = DIRECTION('',(0.,0.,-1.));
#2446 = DIRECTION('',(-0.853552641289,-0.52100661085,-0.));
#2447 = ORIENTED_EDGE('',*,*,#2448,.F.);
#2448 = EDGE_CURVE('',#2449,#2440,#2451,.T.);
#2449 = VERTEX_POINT('',#2450);
#2450 = CARTESIAN_POINT('',(68.056655,-179.453934,1.51));
#2451 = CIRCLE('',#2452,0.499999603944);
#2452 = AXIS2_PLACEMENT_3D('',#2453,#2454,#2455);
#2453 = CARTESIAN_POINT('',(68.31715788946,-179.0271578894,1.51));
#2454 = DIRECTION('',(0.,0.,1.));
#2455 = DIRECTION('',(-0.521006191615,-0.853552897188,0.));
#2456 = ORIENTED_EDGE('',*,*,#2457,.F.);
#2457 = EDGE_CURVE('',#2458,#2449,#2460,.T.);
#2458 = VERTEX_POINT('',#2459);
#2459 = CARTESIAN_POINT('',(67.900353,-179.41,1.51));
#2460 = CIRCLE('',#2461,0.299998582341);
#2461 = AXIS2_PLACEMENT_3D('',#2462,#2463,#2464);
#2462 = CARTESIAN_POINT('',(67.900353755355,-179.7099985823,1.51));
#2463 = DIRECTION('',(0.,0.,-1.));
#2464 = DIRECTION('',(-2.517861530724E-06,0.999999999997,0.));
#2465 = ORIENTED_EDGE('',*,*,#2466,.F.);
#2466 = EDGE_CURVE('',#2467,#2458,#2469,.T.);
#2467 = VERTEX_POINT('',#2468);
#2468 = CARTESIAN_POINT('',(67.,-179.41,1.51));
#2469 = LINE('',#2470,#2471);
#2470 = CARTESIAN_POINT('',(67.,-179.41,1.51));
#2471 = VECTOR('',#2472,1.);
#2472 = DIRECTION('',(1.,0.,0.));
#2473 = ORIENTED_EDGE('',*,*,#2474,.F.);
#2474 = EDGE_CURVE('',#2475,#2467,#2477,.T.);
#2475 = VERTEX_POINT('',#2476);
#2476 = CARTESIAN_POINT('',(66.099647,-179.41,1.51));
#2477 = LINE('',#2478,#2479);
#2478 = CARTESIAN_POINT('',(66.099647,-179.41,1.51));
#2479 = VECTOR('',#2480,1.);
#2480 = DIRECTION('',(1.,0.,0.));
#2481 = ORIENTED_EDGE('',*,*,#2482,.F.);
#2482 = EDGE_CURVE('',#2483,#2475,#2485,.T.);
#2483 = VERTEX_POINT('',#2484);
#2484 = CARTESIAN_POINT('',(65.943345,-179.453934,1.51));
#2485 = CIRCLE('',#2486,0.299998582341);
#2486 = AXIS2_PLACEMENT_3D('',#2487,#2488,#2489);
#2487 = CARTESIAN_POINT('',(66.099646244645,-179.7099985823,1.51));
#2488 = DIRECTION('',(0.,0.,-1.));
#2489 = DIRECTION('',(-0.52100661085,0.853552641289,0.));
#2490 = ORIENTED_EDGE('',*,*,#2491,.F.);
#2491 = EDGE_CURVE('',#2492,#2483,#2494,.T.);
#2492 = VERTEX_POINT('',#2493);
#2493 = CARTESIAN_POINT('',(65.256066,-178.766655,1.51));
#2494 = CIRCLE('',#2495,0.499999603944);
#2495 = AXIS2_PLACEMENT_3D('',#2496,#2497,#2498);
#2496 = CARTESIAN_POINT('',(65.68284211054,-179.0271578894,1.51));
#2497 = DIRECTION('',(0.,0.,1.));
#2498 = DIRECTION('',(-0.853552897188,0.521006191616,0.));
#2499 = ORIENTED_EDGE('',*,*,#2500,.F.);
#2500 = EDGE_CURVE('',#2501,#2492,#2503,.T.);
#2501 = VERTEX_POINT('',#2502);
#2502 = CARTESIAN_POINT('',(65.3,-178.610353,1.51));
#2503 = CIRCLE('',#2504,0.299998582341);
#2504 = AXIS2_PLACEMENT_3D('',#2505,#2506,#2507);
#2505 = CARTESIAN_POINT('',(65.00000141766,-178.6103537553,1.51));
#2506 = DIRECTION('',(0.,0.,-1.));
#2507 = DIRECTION('',(0.999999999997,2.517861388614E-06,0.));
#2508 = ORIENTED_EDGE('',*,*,#2509,.F.);
#2509 = EDGE_CURVE('',#2510,#2501,#2512,.T.);
#2510 = VERTEX_POINT('',#2511);
#2511 = CARTESIAN_POINT('',(65.3,-177.91,1.51));
#2512 = LINE('',#2513,#2514);
#2513 = CARTESIAN_POINT('',(65.3,-177.91,1.51));
#2514 = VECTOR('',#2515,1.);
#2515 = DIRECTION('',(0.,-1.,0.));
#2516 = ORIENTED_EDGE('',*,*,#2517,.F.);
#2517 = EDGE_CURVE('',#2518,#2510,#2520,.T.);
#2518 = VERTEX_POINT('',#2519);
#2519 = CARTESIAN_POINT('',(65.3,-177.209647,1.51));
#2520 = LINE('',#2521,#2522);
#2521 = CARTESIAN_POINT('',(65.3,-177.209647,1.51));
#2522 = VECTOR('',#2523,1.);
#2523 = DIRECTION('',(0.,-1.,0.));
#2524 = ORIENTED_EDGE('',*,*,#2525,.F.);
#2525 = EDGE_CURVE('',#2526,#2518,#2528,.T.);
#2526 = VERTEX_POINT('',#2527);
#2527 = CARTESIAN_POINT('',(65.256066,-177.053345,1.51));
#2528 = CIRCLE('',#2529,0.299998582341);
#2529 = AXIS2_PLACEMENT_3D('',#2530,#2531,#2532);
#2530 = CARTESIAN_POINT('',(65.00000141766,-177.2096462446,1.51));
#2531 = DIRECTION('',(0.,0.,-1.));
#2532 = DIRECTION('',(0.853552641289,0.52100661085,0.));
#2533 = ORIENTED_EDGE('',*,*,#2534,.F.);
#2534 = EDGE_CURVE('',#2535,#2526,#2537,.T.);
#2535 = VERTEX_POINT('',#2536);
#2536 = CARTESIAN_POINT('',(65.943345,-176.366066,1.51));
#2537 = CIRCLE('',#2538,0.499999603944);
#2538 = AXIS2_PLACEMENT_3D('',#2539,#2540,#2541);
#2539 = CARTESIAN_POINT('',(65.68284211054,-176.7928421105,1.51));
#2540 = DIRECTION('',(0.,0.,1.));
#2541 = DIRECTION('',(0.521006191615,0.853552897188,-0.));
#2542 = ORIENTED_EDGE('',*,*,#2543,.F.);
#2543 = EDGE_CURVE('',#2544,#2535,#2546,.T.);
#2544 = VERTEX_POINT('',#2545);
#2545 = CARTESIAN_POINT('',(66.099647,-176.41,1.51));
#2546 = CIRCLE('',#2547,0.299998582341);
#2547 = AXIS2_PLACEMENT_3D('',#2548,#2549,#2550);
#2548 = CARTESIAN_POINT('',(66.099646244645,-176.1100014176,1.51));
#2549 = DIRECTION('',(0.,0.,-1.));
#2550 = DIRECTION('',(2.517861530724E-06,-0.999999999997,0.));
#2551 = ORIENTED_EDGE('',*,*,#2552,.F.);
#2552 = EDGE_CURVE('',#2553,#2544,#2555,.T.);
#2553 = VERTEX_POINT('',#2554);
#2554 = CARTESIAN_POINT('',(67.,-176.41,1.51));
#2555 = LINE('',#2556,#2557);
#2556 = CARTESIAN_POINT('',(67.,-176.41,1.51));
#2557 = VECTOR('',#2558,1.);
#2558 = DIRECTION('',(-1.,0.,0.));
#2559 = ORIENTED_EDGE('',*,*,#2560,.F.);
#2560 = EDGE_CURVE('',#2561,#2553,#2563,.T.);
#2561 = VERTEX_POINT('',#2562);
#2562 = CARTESIAN_POINT('',(67.900353,-176.41,1.51));
#2563 = LINE('',#2564,#2565);
#2564 = CARTESIAN_POINT('',(67.900353,-176.41,1.51));
#2565 = VECTOR('',#2566,1.);
#2566 = DIRECTION('',(-1.,0.,0.));
#2567 = ORIENTED_EDGE('',*,*,#2568,.F.);
#2568 = EDGE_CURVE('',#2406,#2561,#2569,.T.);
#2569 = CIRCLE('',#2570,0.299998582341);
#2570 = AXIS2_PLACEMENT_3D('',#2571,#2572,#2573);
#2571 = CARTESIAN_POINT('',(67.900353755355,-176.1100014176,1.51));
#2572 = DIRECTION('',(0.,0.,-1.));
#2573 = DIRECTION('',(0.52100661085,-0.853552641289,0.));
#2574 = FACE_BOUND('',#2575,.T.);
#2575 = EDGE_LOOP('',(#2576));
#2576 = ORIENTED_EDGE('',*,*,#2577,.T.);
#2577 = EDGE_CURVE('',#2578,#2578,#2580,.T.);
#2578 = VERTEX_POINT('',#2579);
#2579 = CARTESIAN_POINT('',(57.695,-167.41,1.51));
#2580 = CIRCLE('',#2581,2.);
#2581 = AXIS2_PLACEMENT_3D('',#2582,#2583,#2584);
#2582 = CARTESIAN_POINT('',(57.695,-165.41,1.51));
#2583 = DIRECTION('',(-0.,0.,-1.));
#2584 = DIRECTION('',(-0.,-1.,0.));
#2585 = FACE_BOUND('',#2586,.T.);
#2586 = EDGE_LOOP('',(#2587));
#2587 = ORIENTED_EDGE('',*,*,#2588,.T.);
#2588 = EDGE_CURVE('',#2589,#2589,#2591,.T.);
#2589 = VERTEX_POINT('',#2590);
#2590 = CARTESIAN_POINT('',(53.885,-163.62,1.51));
#2591 = CIRCLE('',#2592,0.75);
#2592 = AXIS2_PLACEMENT_3D('',#2593,#2594,#2595);
#2593 = CARTESIAN_POINT('',(53.885,-162.87,1.51));
#2594 = DIRECTION('',(-0.,0.,-1.));
#2595 = DIRECTION('',(-0.,-1.,0.));
#2596 = FACE_BOUND('',#2597,.T.);
#2597 = EDGE_LOOP('',(#2598));
#2598 = ORIENTED_EDGE('',*,*,#2599,.T.);
#2599 = EDGE_CURVE('',#2600,#2600,#2602,.T.);
#2600 = VERTEX_POINT('',#2601);
#2601 = CARTESIAN_POINT('',(60.235,-161.08,1.51));
#2602 = CIRCLE('',#2603,0.75);
#2603 = AXIS2_PLACEMENT_3D('',#2604,#2605,#2606);
#2604 = CARTESIAN_POINT('',(60.235,-160.33,1.51));
#2605 = DIRECTION('',(-0.,0.,-1.));
#2606 = DIRECTION('',(-0.,-1.,0.));
#2607 = FACE_BOUND('',#2608,.T.);
#2608 = EDGE_LOOP('',(#2609));
#2609 = ORIENTED_EDGE('',*,*,#2610,.T.);
#2610 = EDGE_CURVE('',#2611,#2611,#2613,.T.);
#2611 = VERTEX_POINT('',#2612);
#2612 = CARTESIAN_POINT('',(72.385,-177.31,1.51));
#2613 = CIRCLE('',#2614,0.4);
#2614 = AXIS2_PLACEMENT_3D('',#2615,#2616,#2617);
#2615 = CARTESIAN_POINT('',(72.385,-176.91,1.51));
#2616 = DIRECTION('',(-0.,0.,-1.));
#2617 = DIRECTION('',(3.5527136788E-14,-1.,-0.));
#2618 = FACE_BOUND('',#2619,.T.);
#2619 = EDGE_LOOP('',(#2620));
#2620 = ORIENTED_EDGE('',*,*,#2621,.T.);
#2621 = EDGE_CURVE('',#2622,#2622,#2624,.T.);
#2622 = VERTEX_POINT('',#2623);
#2623 = CARTESIAN_POINT('',(80.005,-177.31,1.51));
#2624 = CIRCLE('',#2625,0.4);
#2625 = AXIS2_PLACEMENT_3D('',#2626,#2627,#2628);
#2626 = CARTESIAN_POINT('',(80.005,-176.91,1.51));
#2627 = DIRECTION('',(-0.,0.,-1.));
#2628 = DIRECTION('',(-0.,-1.,0.));
#2629 = FACE_BOUND('',#2630,.T.);
#2630 = EDGE_LOOP('',(#2631,#2642,#2651,#2659,#2667,#2676,#2685,#2694,
    #2702,#2710,#2719,#2728,#2737,#2745,#2753,#2762,#2771,#2780,#2788,
    #2796));
#2631 = ORIENTED_EDGE('',*,*,#2632,.F.);
#2632 = EDGE_CURVE('',#2633,#2635,#2637,.T.);
#2633 = VERTEX_POINT('',#2634);
#2634 = CARTESIAN_POINT('',(87.018934,-175.393345,1.51));
#2635 = VERTEX_POINT('',#2636);
#2636 = CARTESIAN_POINT('',(86.331655,-174.706066,1.51));
#2637 = CIRCLE('',#2638,0.499999603944);
#2638 = AXIS2_PLACEMENT_3D('',#2639,#2640,#2641);
#2639 = CARTESIAN_POINT('',(86.59215788946,-175.1328421105,1.51));
#2640 = DIRECTION('',(0.,0.,1.));
#2641 = DIRECTION('',(0.853552897188,-0.521006191615,0.));
#2642 = ORIENTED_EDGE('',*,*,#2643,.F.);
#2643 = EDGE_CURVE('',#2644,#2633,#2646,.T.);
#2644 = VERTEX_POINT('',#2645);
#2645 = CARTESIAN_POINT('',(86.975,-175.549647,1.51));
#2646 = CIRCLE('',#2647,0.299998582341);
#2647 = AXIS2_PLACEMENT_3D('',#2648,#2649,#2650);
#2648 = CARTESIAN_POINT('',(87.27499858234,-175.5496462446,1.51));
#2649 = DIRECTION('',(0.,0.,-1.));
#2650 = DIRECTION('',(-0.999999999997,-2.517861199133E-06,-0.));
#2651 = ORIENTED_EDGE('',*,*,#2652,.F.);
#2652 = EDGE_CURVE('',#2653,#2644,#2655,.T.);
#2653 = VERTEX_POINT('',#2654);
#2654 = CARTESIAN_POINT('',(86.975,-176.25,1.51));
#2655 = LINE('',#2656,#2657);
#2656 = CARTESIAN_POINT('',(86.975,-176.25,1.51));
#2657 = VECTOR('',#2658,1.);
#2658 = DIRECTION('',(0.,1.,0.));
#2659 = ORIENTED_EDGE('',*,*,#2660,.F.);
#2660 = EDGE_CURVE('',#2661,#2653,#2663,.T.);
#2661 = VERTEX_POINT('',#2662);
#2662 = CARTESIAN_POINT('',(86.975,-176.950353,1.51));
#2663 = LINE('',#2664,#2665);
#2664 = CARTESIAN_POINT('',(86.975,-176.950353,1.51));
#2665 = VECTOR('',#2666,1.);
#2666 = DIRECTION('',(0.,1.,0.));
#2667 = ORIENTED_EDGE('',*,*,#2668,.F.);
#2668 = EDGE_CURVE('',#2669,#2661,#2671,.T.);
#2669 = VERTEX_POINT('',#2670);
#2670 = CARTESIAN_POINT('',(87.018934,-177.106655,1.51));
#2671 = CIRCLE('',#2672,0.299998582341);
#2672 = AXIS2_PLACEMENT_3D('',#2673,#2674,#2675);
#2673 = CARTESIAN_POINT('',(87.27499858234,-176.9503537553,1.51));
#2674 = DIRECTION('',(0.,0.,-1.));
#2675 = DIRECTION('',(-0.853552641289,-0.521006610849,-0.));
#2676 = ORIENTED_EDGE('',*,*,#2677,.F.);
#2677 = EDGE_CURVE('',#2678,#2669,#2680,.T.);
#2678 = VERTEX_POINT('',#2679);
#2679 = CARTESIAN_POINT('',(86.331655,-177.793934,1.51));
#2680 = CIRCLE('',#2681,0.499999603944);
#2681 = AXIS2_PLACEMENT_3D('',#2682,#2683,#2684);
#2682 = CARTESIAN_POINT('',(86.59215788946,-177.3671578894,1.51));
#2683 = DIRECTION('',(0.,0.,1.));
#2684 = DIRECTION('',(-0.521006191615,-0.853552897188,0.));
#2685 = ORIENTED_EDGE('',*,*,#2686,.F.);
#2686 = EDGE_CURVE('',#2687,#2678,#2689,.T.);
#2687 = VERTEX_POINT('',#2688);
#2688 = CARTESIAN_POINT('',(86.175353,-177.75,1.51));
#2689 = CIRCLE('',#2690,0.299998582341);
#2690 = AXIS2_PLACEMENT_3D('',#2691,#2692,#2693);
#2691 = CARTESIAN_POINT('',(86.175353755355,-178.0499985823,1.51));
#2692 = DIRECTION('',(0.,0.,-1.));
#2693 = DIRECTION('',(-2.517861578095E-06,0.999999999997,0.));
#2694 = ORIENTED_EDGE('',*,*,#2695,.F.);
#2695 = EDGE_CURVE('',#2696,#2687,#2698,.T.);
#2696 = VERTEX_POINT('',#2697);
#2697 = CARTESIAN_POINT('',(85.275,-177.75,1.51));
#2698 = LINE('',#2699,#2700);
#2699 = CARTESIAN_POINT('',(85.275,-177.75,1.51));
#2700 = VECTOR('',#2701,1.);
#2701 = DIRECTION('',(1.,0.,0.));
#2702 = ORIENTED_EDGE('',*,*,#2703,.F.);
#2703 = EDGE_CURVE('',#2704,#2696,#2706,.T.);
#2704 = VERTEX_POINT('',#2705);
#2705 = CARTESIAN_POINT('',(84.374647,-177.75,1.51));
#2706 = LINE('',#2707,#2708);
#2707 = CARTESIAN_POINT('',(84.374647,-177.75,1.51));
#2708 = VECTOR('',#2709,1.);
#2709 = DIRECTION('',(1.,0.,0.));
#2710 = ORIENTED_EDGE('',*,*,#2711,.F.);
#2711 = EDGE_CURVE('',#2712,#2704,#2714,.T.);
#2712 = VERTEX_POINT('',#2713);
#2713 = CARTESIAN_POINT('',(84.218345,-177.793934,1.51));
#2714 = CIRCLE('',#2715,0.299998582341);
#2715 = AXIS2_PLACEMENT_3D('',#2716,#2717,#2718);
#2716 = CARTESIAN_POINT('',(84.374646244645,-178.0499985823,1.51));
#2717 = DIRECTION('',(0.,0.,-1.));
#2718 = DIRECTION('',(-0.52100661085,0.853552641289,0.));
#2719 = ORIENTED_EDGE('',*,*,#2720,.F.);
#2720 = EDGE_CURVE('',#2721,#2712,#2723,.T.);
#2721 = VERTEX_POINT('',#2722);
#2722 = CARTESIAN_POINT('',(83.531066,-177.106655,1.51));
#2723 = CIRCLE('',#2724,0.499999603944);
#2724 = AXIS2_PLACEMENT_3D('',#2725,#2726,#2727);
#2725 = CARTESIAN_POINT('',(83.95784211054,-177.3671578894,1.51));
#2726 = DIRECTION('',(0.,0.,1.));
#2727 = DIRECTION('',(-0.853552897188,0.521006191615,0.));
#2728 = ORIENTED_EDGE('',*,*,#2729,.F.);
#2729 = EDGE_CURVE('',#2730,#2721,#2732,.T.);
#2730 = VERTEX_POINT('',#2731);
#2731 = CARTESIAN_POINT('',(83.575,-176.950353,1.51));
#2732 = CIRCLE('',#2733,0.299998582341);
#2733 = AXIS2_PLACEMENT_3D('',#2734,#2735,#2736);
#2734 = CARTESIAN_POINT('',(83.27500141766,-176.9503537553,1.51));
#2735 = DIRECTION('',(0.,0.,-1.));
#2736 = DIRECTION('',(0.999999999997,2.517861199133E-06,0.));
#2737 = ORIENTED_EDGE('',*,*,#2738,.F.);
#2738 = EDGE_CURVE('',#2739,#2730,#2741,.T.);
#2739 = VERTEX_POINT('',#2740);
#2740 = CARTESIAN_POINT('',(83.575,-176.25,1.51));
#2741 = LINE('',#2742,#2743);
#2742 = CARTESIAN_POINT('',(83.575,-176.25,1.51));
#2743 = VECTOR('',#2744,1.);
#2744 = DIRECTION('',(0.,-1.,0.));
#2745 = ORIENTED_EDGE('',*,*,#2746,.F.);
#2746 = EDGE_CURVE('',#2747,#2739,#2749,.T.);
#2747 = VERTEX_POINT('',#2748);
#2748 = CARTESIAN_POINT('',(83.575,-175.549647,1.51));
#2749 = LINE('',#2750,#2751);
#2750 = CARTESIAN_POINT('',(83.575,-175.549647,1.51));
#2751 = VECTOR('',#2752,1.);
#2752 = DIRECTION('',(0.,-1.,0.));
#2753 = ORIENTED_EDGE('',*,*,#2754,.F.);
#2754 = EDGE_CURVE('',#2755,#2747,#2757,.T.);
#2755 = VERTEX_POINT('',#2756);
#2756 = CARTESIAN_POINT('',(83.531066,-175.393345,1.51));
#2757 = CIRCLE('',#2758,0.299998582341);
#2758 = AXIS2_PLACEMENT_3D('',#2759,#2760,#2761);
#2759 = CARTESIAN_POINT('',(83.27500141766,-175.5496462446,1.51));
#2760 = DIRECTION('',(0.,0.,-1.));
#2761 = DIRECTION('',(0.853552641289,0.52100661085,0.));
#2762 = ORIENTED_EDGE('',*,*,#2763,.F.);
#2763 = EDGE_CURVE('',#2764,#2755,#2766,.T.);
#2764 = VERTEX_POINT('',#2765);
#2765 = CARTESIAN_POINT('',(84.218345,-174.706066,1.51));
#2766 = CIRCLE('',#2767,0.499999603944);
#2767 = AXIS2_PLACEMENT_3D('',#2768,#2769,#2770);
#2768 = CARTESIAN_POINT('',(83.95784211054,-175.1328421105,1.51));
#2769 = DIRECTION('',(0.,0.,1.));
#2770 = DIRECTION('',(0.521006191615,0.853552897188,-0.));
#2771 = ORIENTED_EDGE('',*,*,#2772,.F.);
#2772 = EDGE_CURVE('',#2773,#2764,#2775,.T.);
#2773 = VERTEX_POINT('',#2774);
#2774 = CARTESIAN_POINT('',(84.374647,-174.75,1.51));
#2775 = CIRCLE('',#2776,0.299998582341);
#2776 = AXIS2_PLACEMENT_3D('',#2777,#2778,#2779);
#2777 = CARTESIAN_POINT('',(84.374646244645,-174.4500014176,1.51));
#2778 = DIRECTION('',(0.,0.,-1.));
#2779 = DIRECTION('',(2.517861483354E-06,-0.999999999997,0.));
#2780 = ORIENTED_EDGE('',*,*,#2781,.F.);
#2781 = EDGE_CURVE('',#2782,#2773,#2784,.T.);
#2782 = VERTEX_POINT('',#2783);
#2783 = CARTESIAN_POINT('',(85.275,-174.75,1.51));
#2784 = LINE('',#2785,#2786);
#2785 = CARTESIAN_POINT('',(85.275,-174.75,1.51));
#2786 = VECTOR('',#2787,1.);
#2787 = DIRECTION('',(-1.,0.,0.));
#2788 = ORIENTED_EDGE('',*,*,#2789,.F.);
#2789 = EDGE_CURVE('',#2790,#2782,#2792,.T.);
#2790 = VERTEX_POINT('',#2791);
#2791 = CARTESIAN_POINT('',(86.175353,-174.75,1.51));
#2792 = LINE('',#2793,#2794);
#2793 = CARTESIAN_POINT('',(86.175353,-174.75,1.51));
#2794 = VECTOR('',#2795,1.);
#2795 = DIRECTION('',(-1.,0.,0.));
#2796 = ORIENTED_EDGE('',*,*,#2797,.F.);
#2797 = EDGE_CURVE('',#2635,#2790,#2798,.T.);
#2798 = CIRCLE('',#2799,0.299998582341);
#2799 = AXIS2_PLACEMENT_3D('',#2800,#2801,#2802);
#2800 = CARTESIAN_POINT('',(86.175353755355,-174.4500014176,1.51));
#2801 = DIRECTION('',(0.,0.,-1.));
#2802 = DIRECTION('',(0.52100661085,-0.853552641289,0.));
#2803 = FACE_BOUND('',#2804,.T.);
#2804 = EDGE_LOOP('',(#2805));
#2805 = ORIENTED_EDGE('',*,*,#2806,.T.);
#2806 = EDGE_CURVE('',#2807,#2807,#2809,.T.);
#2807 = VERTEX_POINT('',#2808);
#2808 = CARTESIAN_POINT('',(79.92,-166.91,1.51));
#2809 = CIRCLE('',#2810,2.);
#2810 = AXIS2_PLACEMENT_3D('',#2811,#2812,#2813);
#2811 = CARTESIAN_POINT('',(79.92,-164.91,1.51));
#2812 = DIRECTION('',(-0.,0.,-1.));
#2813 = DIRECTION('',(-0.,-1.,0.));
#2814 = FACE_BOUND('',#2815,.T.);
#2815 = EDGE_LOOP('',(#2816));
#2816 = ORIENTED_EDGE('',*,*,#2817,.T.);
#2817 = EDGE_CURVE('',#2818,#2818,#2820,.T.);
#2818 = VERTEX_POINT('',#2819);
#2819 = CARTESIAN_POINT('',(76.11,-163.12,1.51));
#2820 = CIRCLE('',#2821,0.75);
#2821 = AXIS2_PLACEMENT_3D('',#2822,#2823,#2824);
#2822 = CARTESIAN_POINT('',(76.11,-162.37,1.51));
#2823 = DIRECTION('',(-0.,0.,-1.));
#2824 = DIRECTION('',(-0.,-1.,0.));
#2825 = FACE_BOUND('',#2826,.T.);
#2826 = EDGE_LOOP('',(#2827));
#2827 = ORIENTED_EDGE('',*,*,#2828,.T.);
#2828 = EDGE_CURVE('',#2829,#2829,#2831,.T.);
#2829 = VERTEX_POINT('',#2830);
#2830 = CARTESIAN_POINT('',(82.46,-160.58,1.51));
#2831 = CIRCLE('',#2832,0.75);
#2832 = AXIS2_PLACEMENT_3D('',#2833,#2834,#2835);
#2833 = CARTESIAN_POINT('',(82.46,-159.83,1.51));
#2834 = DIRECTION('',(-0.,0.,-1.));
#2835 = DIRECTION('',(-0.,-1.,0.));
#2836 = FACE_BOUND('',#2837,.T.);
#2837 = EDGE_LOOP('',(#2838));
#2838 = ORIENTED_EDGE('',*,*,#2839,.T.);
#2839 = EDGE_CURVE('',#2840,#2840,#2842,.T.);
#2840 = VERTEX_POINT('',#2841);
#2841 = CARTESIAN_POINT('',(49.465,-150.23,1.51));
#2842 = CIRCLE('',#2843,0.4);
#2843 = AXIS2_PLACEMENT_3D('',#2844,#2845,#2846);
#2844 = CARTESIAN_POINT('',(49.465,-149.83,1.51));
#2845 = DIRECTION('',(-0.,0.,-1.));
#2846 = DIRECTION('',(-0.,-1.,0.));
#2847 = FACE_BOUND('',#2848,.T.);
#2848 = EDGE_LOOP('',(#2849));
#2849 = ORIENTED_EDGE('',*,*,#2850,.T.);
#2850 = EDGE_CURVE('',#2851,#2851,#2853,.T.);
#2851 = VERTEX_POINT('',#2852);
#2852 = CARTESIAN_POINT('',(57.085,-150.23,1.51));
#2853 = CIRCLE('',#2854,0.4);
#2854 = AXIS2_PLACEMENT_3D('',#2855,#2856,#2857);
#2855 = CARTESIAN_POINT('',(57.085,-149.83,1.51));
#2856 = DIRECTION('',(-0.,0.,-1.));
#2857 = DIRECTION('',(-0.,-1.,0.));
#2858 = FACE_BOUND('',#2859,.T.);
#2859 = EDGE_LOOP('',(#2860,#2871,#2880,#2888,#2896,#2905,#2914,#2923,
    #2931,#2939,#2948,#2957,#2966,#2974,#2982,#2991,#3000,#3009,#3017,
    #3025));
#2860 = ORIENTED_EDGE('',*,*,#2861,.F.);
#2861 = EDGE_CURVE('',#2862,#2864,#2866,.T.);
#2862 = VERTEX_POINT('',#2863);
#2863 = CARTESIAN_POINT('',(64.018934,-148.893345,1.51));
#2864 = VERTEX_POINT('',#2865);
#2865 = CARTESIAN_POINT('',(63.331655,-148.206066,1.51));
#2866 = CIRCLE('',#2867,0.499999603944);
#2867 = AXIS2_PLACEMENT_3D('',#2868,#2869,#2870);
#2868 = CARTESIAN_POINT('',(63.59215788946,-148.6328421105,1.51));
#2869 = DIRECTION('',(0.,0.,1.));
#2870 = DIRECTION('',(0.853552897188,-0.521006191615,0.));
#2871 = ORIENTED_EDGE('',*,*,#2872,.F.);
#2872 = EDGE_CURVE('',#2873,#2862,#2875,.T.);
#2873 = VERTEX_POINT('',#2874);
#2874 = CARTESIAN_POINT('',(63.975,-149.049647,1.51));
#2875 = CIRCLE('',#2876,0.299998582341);
#2876 = AXIS2_PLACEMENT_3D('',#2877,#2878,#2879);
#2877 = CARTESIAN_POINT('',(64.27499858234,-149.0496462446,1.51));
#2878 = DIRECTION('',(0.,0.,-1.));
#2879 = DIRECTION('',(-0.999999999997,-2.517861388613E-06,-0.));
#2880 = ORIENTED_EDGE('',*,*,#2881,.F.);
#2881 = EDGE_CURVE('',#2882,#2873,#2884,.T.);
#2882 = VERTEX_POINT('',#2883);
#2883 = CARTESIAN_POINT('',(63.975,-149.75,1.51));
#2884 = LINE('',#2885,#2886);
#2885 = CARTESIAN_POINT('',(63.975,-149.75,1.51));
#2886 = VECTOR('',#2887,1.);
#2887 = DIRECTION('',(0.,1.,0.));
#2888 = ORIENTED_EDGE('',*,*,#2889,.F.);
#2889 = EDGE_CURVE('',#2890,#2882,#2892,.T.);
#2890 = VERTEX_POINT('',#2891);
#2891 = CARTESIAN_POINT('',(63.975,-150.450353,1.51));
#2892 = LINE('',#2893,#2894);
#2893 = CARTESIAN_POINT('',(63.975,-150.450353,1.51));
#2894 = VECTOR('',#2895,1.);
#2895 = DIRECTION('',(0.,1.,0.));
#2896 = ORIENTED_EDGE('',*,*,#2897,.F.);
#2897 = EDGE_CURVE('',#2898,#2890,#2900,.T.);
#2898 = VERTEX_POINT('',#2899);
#2899 = CARTESIAN_POINT('',(64.018934,-150.606655,1.51));
#2900 = CIRCLE('',#2901,0.299998582341);
#2901 = AXIS2_PLACEMENT_3D('',#2902,#2903,#2904);
#2902 = CARTESIAN_POINT('',(64.27499858234,-150.4503537553,1.51));
#2903 = DIRECTION('',(0.,0.,-1.));
#2904 = DIRECTION('',(-0.853552641289,-0.521006610849,-0.));
#2905 = ORIENTED_EDGE('',*,*,#2906,.F.);
#2906 = EDGE_CURVE('',#2907,#2898,#2909,.T.);
#2907 = VERTEX_POINT('',#2908);
#2908 = CARTESIAN_POINT('',(63.331655,-151.293934,1.51));
#2909 = CIRCLE('',#2910,0.499999603944);
#2910 = AXIS2_PLACEMENT_3D('',#2911,#2912,#2913);
#2911 = CARTESIAN_POINT('',(63.59215788946,-150.8671578894,1.51));
#2912 = DIRECTION('',(0.,0.,1.));
#2913 = DIRECTION('',(-0.521006191615,-0.853552897188,0.));
#2914 = ORIENTED_EDGE('',*,*,#2915,.F.);
#2915 = EDGE_CURVE('',#2916,#2907,#2918,.T.);
#2916 = VERTEX_POINT('',#2917);
#2917 = CARTESIAN_POINT('',(63.175353,-151.25,1.51));
#2918 = CIRCLE('',#2919,0.299998582341);
#2919 = AXIS2_PLACEMENT_3D('',#2920,#2921,#2922);
#2920 = CARTESIAN_POINT('',(63.175353755355,-151.5499985823,1.51));
#2921 = DIRECTION('',(0.,0.,-1.));
#2922 = DIRECTION('',(-2.517861507039E-06,0.999999999997,0.));
#2923 = ORIENTED_EDGE('',*,*,#2924,.F.);
#2924 = EDGE_CURVE('',#2925,#2916,#2927,.T.);
#2925 = VERTEX_POINT('',#2926);
#2926 = CARTESIAN_POINT('',(62.275,-151.25,1.51));
#2927 = LINE('',#2928,#2929);
#2928 = CARTESIAN_POINT('',(62.275,-151.25,1.51));
#2929 = VECTOR('',#2930,1.);
#2930 = DIRECTION('',(1.,0.,0.));
#2931 = ORIENTED_EDGE('',*,*,#2932,.F.);
#2932 = EDGE_CURVE('',#2933,#2925,#2935,.T.);
#2933 = VERTEX_POINT('',#2934);
#2934 = CARTESIAN_POINT('',(61.374647,-151.25,1.51));
#2935 = LINE('',#2936,#2937);
#2936 = CARTESIAN_POINT('',(61.374647,-151.25,1.51));
#2937 = VECTOR('',#2938,1.);
#2938 = DIRECTION('',(1.,0.,0.));
#2939 = ORIENTED_EDGE('',*,*,#2940,.F.);
#2940 = EDGE_CURVE('',#2941,#2933,#2943,.T.);
#2941 = VERTEX_POINT('',#2942);
#2942 = CARTESIAN_POINT('',(61.218345,-151.293934,1.51));
#2943 = CIRCLE('',#2944,0.299998582341);
#2944 = AXIS2_PLACEMENT_3D('',#2945,#2946,#2947);
#2945 = CARTESIAN_POINT('',(61.374646244645,-151.5499985823,1.51));
#2946 = DIRECTION('',(0.,0.,-1.));
#2947 = DIRECTION('',(-0.52100661085,0.853552641289,0.));
#2948 = ORIENTED_EDGE('',*,*,#2949,.F.);
#2949 = EDGE_CURVE('',#2950,#2941,#2952,.T.);
#2950 = VERTEX_POINT('',#2951);
#2951 = CARTESIAN_POINT('',(60.531066,-150.606655,1.51));
#2952 = CIRCLE('',#2953,0.499999603944);
#2953 = AXIS2_PLACEMENT_3D('',#2954,#2955,#2956);
#2954 = CARTESIAN_POINT('',(60.95784211054,-150.8671578894,1.51));
#2955 = DIRECTION('',(0.,0.,1.));
#2956 = DIRECTION('',(-0.853552897188,0.521006191616,0.));
#2957 = ORIENTED_EDGE('',*,*,#2958,.F.);
#2958 = EDGE_CURVE('',#2959,#2950,#2961,.T.);
#2959 = VERTEX_POINT('',#2960);
#2960 = CARTESIAN_POINT('',(60.575,-150.450353,1.51));
#2961 = CIRCLE('',#2962,0.299998582341);
#2962 = AXIS2_PLACEMENT_3D('',#2963,#2964,#2965);
#2963 = CARTESIAN_POINT('',(60.27500141766,-150.4503537553,1.51));
#2964 = DIRECTION('',(0.,0.,-1.));
#2965 = DIRECTION('',(0.999999999997,2.517861388613E-06,0.));
#2966 = ORIENTED_EDGE('',*,*,#2967,.F.);
#2967 = EDGE_CURVE('',#2968,#2959,#2970,.T.);
#2968 = VERTEX_POINT('',#2969);
#2969 = CARTESIAN_POINT('',(60.575,-149.75,1.51));
#2970 = LINE('',#2971,#2972);
#2971 = CARTESIAN_POINT('',(60.575,-149.75,1.51));
#2972 = VECTOR('',#2973,1.);
#2973 = DIRECTION('',(0.,-1.,0.));
#2974 = ORIENTED_EDGE('',*,*,#2975,.F.);
#2975 = EDGE_CURVE('',#2976,#2968,#2978,.T.);
#2976 = VERTEX_POINT('',#2977);
#2977 = CARTESIAN_POINT('',(60.575,-149.049647,1.51));
#2978 = LINE('',#2979,#2980);
#2979 = CARTESIAN_POINT('',(60.575,-149.049647,1.51));
#2980 = VECTOR('',#2981,1.);
#2981 = DIRECTION('',(0.,-1.,0.));
#2982 = ORIENTED_EDGE('',*,*,#2983,.F.);
#2983 = EDGE_CURVE('',#2984,#2976,#2986,.T.);
#2984 = VERTEX_POINT('',#2985);
#2985 = CARTESIAN_POINT('',(60.531066,-148.893345,1.51));
#2986 = CIRCLE('',#2987,0.299998582341);
#2987 = AXIS2_PLACEMENT_3D('',#2988,#2989,#2990);
#2988 = CARTESIAN_POINT('',(60.27500141766,-149.0496462446,1.51));
#2989 = DIRECTION('',(0.,0.,-1.));
#2990 = DIRECTION('',(0.853552641289,0.52100661085,0.));
#2991 = ORIENTED_EDGE('',*,*,#2992,.F.);
#2992 = EDGE_CURVE('',#2993,#2984,#2995,.T.);
#2993 = VERTEX_POINT('',#2994);
#2994 = CARTESIAN_POINT('',(61.218345,-148.206066,1.51));
#2995 = CIRCLE('',#2996,0.499999603944);
#2996 = AXIS2_PLACEMENT_3D('',#2997,#2998,#2999);
#2997 = CARTESIAN_POINT('',(60.95784211054,-148.6328421105,1.51));
#2998 = DIRECTION('',(0.,0.,1.));
#2999 = DIRECTION('',(0.521006191615,0.853552897188,-0.));
#3000 = ORIENTED_EDGE('',*,*,#3001,.F.);
#3001 = EDGE_CURVE('',#3002,#2993,#3004,.T.);
#3002 = VERTEX_POINT('',#3003);
#3003 = CARTESIAN_POINT('',(61.374647,-148.25,1.51));
#3004 = CIRCLE('',#3005,0.299998582341);
#3005 = AXIS2_PLACEMENT_3D('',#3006,#3007,#3008);
#3006 = CARTESIAN_POINT('',(61.374646244645,-147.9500014176,1.51));
#3007 = DIRECTION('',(0.,0.,-1.));
#3008 = DIRECTION('',(2.517861530724E-06,-0.999999999997,0.));
#3009 = ORIENTED_EDGE('',*,*,#3010,.F.);
#3010 = EDGE_CURVE('',#3011,#3002,#3013,.T.);
#3011 = VERTEX_POINT('',#3012);
#3012 = CARTESIAN_POINT('',(62.275,-148.25,1.51));
#3013 = LINE('',#3014,#3015);
#3014 = CARTESIAN_POINT('',(62.275,-148.25,1.51));
#3015 = VECTOR('',#3016,1.);
#3016 = DIRECTION('',(-1.,0.,0.));
#3017 = ORIENTED_EDGE('',*,*,#3018,.F.);
#3018 = EDGE_CURVE('',#3019,#3011,#3021,.T.);
#3019 = VERTEX_POINT('',#3020);
#3020 = CARTESIAN_POINT('',(63.175353,-148.25,1.51));
#3021 = LINE('',#3022,#3023);
#3022 = CARTESIAN_POINT('',(63.175353,-148.25,1.51));
#3023 = VECTOR('',#3024,1.);
#3024 = DIRECTION('',(-1.,0.,0.));
#3025 = ORIENTED_EDGE('',*,*,#3026,.F.);
#3026 = EDGE_CURVE('',#2864,#3019,#3027,.T.);
#3027 = CIRCLE('',#3028,0.299998582341);
#3028 = AXIS2_PLACEMENT_3D('',#3029,#3030,#3031);
#3029 = CARTESIAN_POINT('',(63.175353755355,-147.9500014176,1.51));
#3030 = DIRECTION('',(0.,0.,-1.));
#3031 = DIRECTION('',(0.52100661085,-0.853552641289,0.));
#3032 = FACE_BOUND('',#3033,.T.);
#3033 = EDGE_LOOP('',(#3034));
#3034 = ORIENTED_EDGE('',*,*,#3035,.T.);
#3035 = EDGE_CURVE('',#3036,#3036,#3038,.T.);
#3036 = VERTEX_POINT('',#3037);
#3037 = CARTESIAN_POINT('',(53.925,-135.04,1.51));
#3038 = CIRCLE('',#3039,0.75);
#3039 = AXIS2_PLACEMENT_3D('',#3040,#3041,#3042);
#3040 = CARTESIAN_POINT('',(53.925,-134.29,1.51));
#3041 = DIRECTION('',(-0.,0.,-1.));
#3042 = DIRECTION('',(-0.,-1.,0.));
#3043 = FACE_BOUND('',#3044,.T.);
#3044 = EDGE_LOOP('',(#3045));
#3045 = ORIENTED_EDGE('',*,*,#3046,.T.);
#3046 = EDGE_CURVE('',#3047,#3047,#3049,.T.);
#3047 = VERTEX_POINT('',#3048);
#3048 = CARTESIAN_POINT('',(57.735,-138.83,1.51));
#3049 = CIRCLE('',#3050,2.);
#3050 = AXIS2_PLACEMENT_3D('',#3051,#3052,#3053);
#3051 = CARTESIAN_POINT('',(57.735,-136.83,1.51));
#3052 = DIRECTION('',(-0.,0.,-1.));
#3053 = DIRECTION('',(-0.,-1.,0.));
#3054 = FACE_BOUND('',#3055,.T.);
#3055 = EDGE_LOOP('',(#3056));
#3056 = ORIENTED_EDGE('',*,*,#3057,.T.);
#3057 = EDGE_CURVE('',#3058,#3058,#3060,.T.);
#3058 = VERTEX_POINT('',#3059);
#3059 = CARTESIAN_POINT('',(72.465,-150.15,1.51));
#3060 = CIRCLE('',#3061,0.4);
#3061 = AXIS2_PLACEMENT_3D('',#3062,#3063,#3064);
#3062 = CARTESIAN_POINT('',(72.465,-149.75,1.51));
#3063 = DIRECTION('',(-0.,0.,-1.));
#3064 = DIRECTION('',(-0.,-1.,0.));
#3065 = FACE_BOUND('',#3066,.T.);
#3066 = EDGE_LOOP('',(#3067));
#3067 = ORIENTED_EDGE('',*,*,#3068,.T.);
#3068 = EDGE_CURVE('',#3069,#3069,#3071,.T.);
#3069 = VERTEX_POINT('',#3070);
#3070 = CARTESIAN_POINT('',(80.085,-150.15,1.51));
#3071 = CIRCLE('',#3072,0.4);
#3072 = AXIS2_PLACEMENT_3D('',#3073,#3074,#3075);
#3073 = CARTESIAN_POINT('',(80.085,-149.75,1.51));
#3074 = DIRECTION('',(-0.,0.,-1.));
#3075 = DIRECTION('',(-3.5527136788E-14,-1.,0.));
#3076 = FACE_BOUND('',#3077,.T.);
#3077 = EDGE_LOOP('',(#3078,#3089,#3098,#3106,#3114,#3123,#3132,#3141,
    #3149,#3157,#3166,#3175,#3184,#3192,#3200,#3209,#3218,#3227,#3235,
    #3243));
#3078 = ORIENTED_EDGE('',*,*,#3079,.F.);
#3079 = EDGE_CURVE('',#3080,#3082,#3084,.T.);
#3080 = VERTEX_POINT('',#3081);
#3081 = CARTESIAN_POINT('',(87.018934,-148.893345,1.51));
#3082 = VERTEX_POINT('',#3083);
#3083 = CARTESIAN_POINT('',(86.331655,-148.206066,1.51));
#3084 = CIRCLE('',#3085,0.499999603944);
#3085 = AXIS2_PLACEMENT_3D('',#3086,#3087,#3088);
#3086 = CARTESIAN_POINT('',(86.59215788946,-148.6328421105,1.51));
#3087 = DIRECTION('',(0.,0.,1.));
#3088 = DIRECTION('',(0.853552897188,-0.521006191615,0.));
#3089 = ORIENTED_EDGE('',*,*,#3090,.F.);
#3090 = EDGE_CURVE('',#3091,#3080,#3093,.T.);
#3091 = VERTEX_POINT('',#3092);
#3092 = CARTESIAN_POINT('',(86.975,-149.049647,1.51));
#3093 = CIRCLE('',#3094,0.299998582341);
#3094 = AXIS2_PLACEMENT_3D('',#3095,#3096,#3097);
#3095 = CARTESIAN_POINT('',(87.27499858234,-149.0496462446,1.51));
#3096 = DIRECTION('',(0.,0.,-1.));
#3097 = DIRECTION('',(-0.999999999997,-2.517861199133E-06,-0.));
#3098 = ORIENTED_EDGE('',*,*,#3099,.F.);
#3099 = EDGE_CURVE('',#3100,#3091,#3102,.T.);
#3100 = VERTEX_POINT('',#3101);
#3101 = CARTESIAN_POINT('',(86.975,-149.75,1.51));
#3102 = LINE('',#3103,#3104);
#3103 = CARTESIAN_POINT('',(86.975,-149.75,1.51));
#3104 = VECTOR('',#3105,1.);
#3105 = DIRECTION('',(0.,1.,0.));
#3106 = ORIENTED_EDGE('',*,*,#3107,.F.);
#3107 = EDGE_CURVE('',#3108,#3100,#3110,.T.);
#3108 = VERTEX_POINT('',#3109);
#3109 = CARTESIAN_POINT('',(86.975,-150.450353,1.51));
#3110 = LINE('',#3111,#3112);
#3111 = CARTESIAN_POINT('',(86.975,-150.450353,1.51));
#3112 = VECTOR('',#3113,1.);
#3113 = DIRECTION('',(0.,1.,0.));
#3114 = ORIENTED_EDGE('',*,*,#3115,.F.);
#3115 = EDGE_CURVE('',#3116,#3108,#3118,.T.);
#3116 = VERTEX_POINT('',#3117);
#3117 = CARTESIAN_POINT('',(87.018934,-150.606655,1.51));
#3118 = CIRCLE('',#3119,0.299998582341);
#3119 = AXIS2_PLACEMENT_3D('',#3120,#3121,#3122);
#3120 = CARTESIAN_POINT('',(87.27499858234,-150.4503537553,1.51));
#3121 = DIRECTION('',(0.,0.,-1.));
#3122 = DIRECTION('',(-0.853552641289,-0.521006610849,-0.));
#3123 = ORIENTED_EDGE('',*,*,#3124,.F.);
#3124 = EDGE_CURVE('',#3125,#3116,#3127,.T.);
#3125 = VERTEX_POINT('',#3126);
#3126 = CARTESIAN_POINT('',(86.331655,-151.293934,1.51));
#3127 = CIRCLE('',#3128,0.499999603944);
#3128 = AXIS2_PLACEMENT_3D('',#3129,#3130,#3131);
#3129 = CARTESIAN_POINT('',(86.59215788946,-150.8671578894,1.51));
#3130 = DIRECTION('',(0.,0.,1.));
#3131 = DIRECTION('',(-0.521006191615,-0.853552897188,0.));
#3132 = ORIENTED_EDGE('',*,*,#3133,.F.);
#3133 = EDGE_CURVE('',#3134,#3125,#3136,.T.);
#3134 = VERTEX_POINT('',#3135);
#3135 = CARTESIAN_POINT('',(86.175353,-151.25,1.51));
#3136 = CIRCLE('',#3137,0.299998582341);
#3137 = AXIS2_PLACEMENT_3D('',#3138,#3139,#3140);
#3138 = CARTESIAN_POINT('',(86.175353755355,-151.5499985823,1.51));
#3139 = DIRECTION('',(0.,0.,-1.));
#3140 = DIRECTION('',(-2.517861578095E-06,0.999999999997,0.));
#3141 = ORIENTED_EDGE('',*,*,#3142,.F.);
#3142 = EDGE_CURVE('',#3143,#3134,#3145,.T.);
#3143 = VERTEX_POINT('',#3144);
#3144 = CARTESIAN_POINT('',(85.275,-151.25,1.51));
#3145 = LINE('',#3146,#3147);
#3146 = CARTESIAN_POINT('',(85.275,-151.25,1.51));
#3147 = VECTOR('',#3148,1.);
#3148 = DIRECTION('',(1.,0.,0.));
#3149 = ORIENTED_EDGE('',*,*,#3150,.F.);
#3150 = EDGE_CURVE('',#3151,#3143,#3153,.T.);
#3151 = VERTEX_POINT('',#3152);
#3152 = CARTESIAN_POINT('',(84.374647,-151.25,1.51));
#3153 = LINE('',#3154,#3155);
#3154 = CARTESIAN_POINT('',(84.374647,-151.25,1.51));
#3155 = VECTOR('',#3156,1.);
#3156 = DIRECTION('',(1.,0.,0.));
#3157 = ORIENTED_EDGE('',*,*,#3158,.F.);
#3158 = EDGE_CURVE('',#3159,#3151,#3161,.T.);
#3159 = VERTEX_POINT('',#3160);
#3160 = CARTESIAN_POINT('',(84.218345,-151.293934,1.51));
#3161 = CIRCLE('',#3162,0.299998582341);
#3162 = AXIS2_PLACEMENT_3D('',#3163,#3164,#3165);
#3163 = CARTESIAN_POINT('',(84.374646244645,-151.5499985823,1.51));
#3164 = DIRECTION('',(0.,0.,-1.));
#3165 = DIRECTION('',(-0.52100661085,0.853552641289,0.));
#3166 = ORIENTED_EDGE('',*,*,#3167,.F.);
#3167 = EDGE_CURVE('',#3168,#3159,#3170,.T.);
#3168 = VERTEX_POINT('',#3169);
#3169 = CARTESIAN_POINT('',(83.531066,-150.606655,1.51));
#3170 = CIRCLE('',#3171,0.499999603944);
#3171 = AXIS2_PLACEMENT_3D('',#3172,#3173,#3174);
#3172 = CARTESIAN_POINT('',(83.95784211054,-150.8671578894,1.51));
#3173 = DIRECTION('',(0.,0.,1.));
#3174 = DIRECTION('',(-0.853552897188,0.521006191615,0.));
#3175 = ORIENTED_EDGE('',*,*,#3176,.F.);
#3176 = EDGE_CURVE('',#3177,#3168,#3179,.T.);
#3177 = VERTEX_POINT('',#3178);
#3178 = CARTESIAN_POINT('',(83.575,-150.450353,1.51));
#3179 = CIRCLE('',#3180,0.299998582341);
#3180 = AXIS2_PLACEMENT_3D('',#3181,#3182,#3183);
#3181 = CARTESIAN_POINT('',(83.27500141766,-150.4503537553,1.51));
#3182 = DIRECTION('',(0.,0.,-1.));
#3183 = DIRECTION('',(0.999999999997,2.517861199133E-06,0.));
#3184 = ORIENTED_EDGE('',*,*,#3185,.F.);
#3185 = EDGE_CURVE('',#3186,#3177,#3188,.T.);
#3186 = VERTEX_POINT('',#3187);
#3187 = CARTESIAN_POINT('',(83.575,-149.75,1.51));
#3188 = LINE('',#3189,#3190);
#3189 = CARTESIAN_POINT('',(83.575,-149.75,1.51));
#3190 = VECTOR('',#3191,1.);
#3191 = DIRECTION('',(0.,-1.,0.));
#3192 = ORIENTED_EDGE('',*,*,#3193,.F.);
#3193 = EDGE_CURVE('',#3194,#3186,#3196,.T.);
#3194 = VERTEX_POINT('',#3195);
#3195 = CARTESIAN_POINT('',(83.575,-149.049647,1.51));
#3196 = LINE('',#3197,#3198);
#3197 = CARTESIAN_POINT('',(83.575,-149.049647,1.51));
#3198 = VECTOR('',#3199,1.);
#3199 = DIRECTION('',(0.,-1.,0.));
#3200 = ORIENTED_EDGE('',*,*,#3201,.F.);
#3201 = EDGE_CURVE('',#3202,#3194,#3204,.T.);
#3202 = VERTEX_POINT('',#3203);
#3203 = CARTESIAN_POINT('',(83.531066,-148.893345,1.51));
#3204 = CIRCLE('',#3205,0.299998582341);
#3205 = AXIS2_PLACEMENT_3D('',#3206,#3207,#3208);
#3206 = CARTESIAN_POINT('',(83.27500141766,-149.0496462446,1.51));
#3207 = DIRECTION('',(0.,0.,-1.));
#3208 = DIRECTION('',(0.853552641289,0.52100661085,0.));
#3209 = ORIENTED_EDGE('',*,*,#3210,.F.);
#3210 = EDGE_CURVE('',#3211,#3202,#3213,.T.);
#3211 = VERTEX_POINT('',#3212);
#3212 = CARTESIAN_POINT('',(84.218345,-148.206066,1.51));
#3213 = CIRCLE('',#3214,0.499999603944);
#3214 = AXIS2_PLACEMENT_3D('',#3215,#3216,#3217);
#3215 = CARTESIAN_POINT('',(83.95784211054,-148.6328421105,1.51));
#3216 = DIRECTION('',(0.,0.,1.));
#3217 = DIRECTION('',(0.521006191615,0.853552897188,-0.));
#3218 = ORIENTED_EDGE('',*,*,#3219,.F.);
#3219 = EDGE_CURVE('',#3220,#3211,#3222,.T.);
#3220 = VERTEX_POINT('',#3221);
#3221 = CARTESIAN_POINT('',(84.374647,-148.25,1.51));
#3222 = CIRCLE('',#3223,0.299998582341);
#3223 = AXIS2_PLACEMENT_3D('',#3224,#3225,#3226);
#3224 = CARTESIAN_POINT('',(84.374646244645,-147.9500014176,1.51));
#3225 = DIRECTION('',(0.,0.,-1.));
#3226 = DIRECTION('',(2.517861483354E-06,-0.999999999997,0.));
#3227 = ORIENTED_EDGE('',*,*,#3228,.F.);
#3228 = EDGE_CURVE('',#3229,#3220,#3231,.T.);
#3229 = VERTEX_POINT('',#3230);
#3230 = CARTESIAN_POINT('',(85.275,-148.25,1.51));
#3231 = LINE('',#3232,#3233);
#3232 = CARTESIAN_POINT('',(85.275,-148.25,1.51));
#3233 = VECTOR('',#3234,1.);
#3234 = DIRECTION('',(-1.,0.,0.));
#3235 = ORIENTED_EDGE('',*,*,#3236,.F.);
#3236 = EDGE_CURVE('',#3237,#3229,#3239,.T.);
#3237 = VERTEX_POINT('',#3238);
#3238 = CARTESIAN_POINT('',(86.175353,-148.25,1.51));
#3239 = LINE('',#3240,#3241);
#3240 = CARTESIAN_POINT('',(86.175353,-148.25,1.51));
#3241 = VECTOR('',#3242,1.);
#3242 = DIRECTION('',(-1.,0.,0.));
#3243 = ORIENTED_EDGE('',*,*,#3244,.F.);
#3244 = EDGE_CURVE('',#3082,#3237,#3245,.T.);
#3245 = CIRCLE('',#3246,0.299998582341);
#3246 = AXIS2_PLACEMENT_3D('',#3247,#3248,#3249);
#3247 = CARTESIAN_POINT('',(86.175353755355,-147.9500014176,1.51));
#3248 = DIRECTION('',(0.,0.,-1.));
#3249 = DIRECTION('',(0.52100661085,-0.853552641289,0.));
#3250 = FACE_BOUND('',#3251,.T.);
#3251 = EDGE_LOOP('',(#3252));
#3252 = ORIENTED_EDGE('',*,*,#3253,.T.);
#3253 = EDGE_CURVE('',#3254,#3254,#3256,.T.);
#3254 = VERTEX_POINT('',#3255);
#3255 = CARTESIAN_POINT('',(76.925,-135.04,1.51));
#3256 = CIRCLE('',#3257,0.75);
#3257 = AXIS2_PLACEMENT_3D('',#3258,#3259,#3260);
#3258 = CARTESIAN_POINT('',(76.925,-134.29,1.51));
#3259 = DIRECTION('',(-0.,0.,-1.));
#3260 = DIRECTION('',(-0.,-1.,0.));
#3261 = FACE_BOUND('',#3262,.T.);
#3262 = EDGE_LOOP('',(#3263));
#3263 = ORIENTED_EDGE('',*,*,#3264,.T.);
#3264 = EDGE_CURVE('',#3265,#3265,#3267,.T.);
#3265 = VERTEX_POINT('',#3266);
#3266 = CARTESIAN_POINT('',(80.735,-138.83,1.51));
#3267 = CIRCLE('',#3268,2.);
#3268 = AXIS2_PLACEMENT_3D('',#3269,#3270,#3271);
#3269 = CARTESIAN_POINT('',(80.735,-136.83,1.51));
#3270 = DIRECTION('',(-0.,0.,-1.));
#3271 = DIRECTION('',(-0.,-1.,0.));
#3272 = FACE_BOUND('',#3273,.T.);
#3273 = EDGE_LOOP('',(#3274));
#3274 = ORIENTED_EDGE('',*,*,#3275,.T.);
#3275 = EDGE_CURVE('',#3276,#3276,#3278,.T.);
#3276 = VERTEX_POINT('',#3277);
#3277 = CARTESIAN_POINT('',(94.385,-177.31,1.51));
#3278 = CIRCLE('',#3279,0.4);
#3279 = AXIS2_PLACEMENT_3D('',#3280,#3281,#3282);
#3280 = CARTESIAN_POINT('',(94.385,-176.91,1.51));
#3281 = DIRECTION('',(-0.,0.,-1.));
#3282 = DIRECTION('',(3.5527136788E-14,-1.,-0.));
#3283 = FACE_BOUND('',#3284,.T.);
#3284 = EDGE_LOOP('',(#3285));
#3285 = ORIENTED_EDGE('',*,*,#3286,.T.);
#3286 = EDGE_CURVE('',#3287,#3287,#3289,.T.);
#3287 = VERTEX_POINT('',#3288);
#3288 = CARTESIAN_POINT('',(102.005,-177.31,1.51));
#3289 = CIRCLE('',#3290,0.4);
#3290 = AXIS2_PLACEMENT_3D('',#3291,#3292,#3293);
#3291 = CARTESIAN_POINT('',(102.005,-176.91,1.51));
#3292 = DIRECTION('',(-0.,0.,-1.));
#3293 = DIRECTION('',(-0.,-1.,0.));
#3294 = FACE_BOUND('',#3295,.T.);
#3295 = EDGE_LOOP('',(#3296,#3307,#3316,#3324,#3332,#3341,#3350,#3359,
    #3367,#3375,#3384,#3393,#3402,#3410,#3418,#3427,#3436,#3445,#3453,
    #3461));
#3296 = ORIENTED_EDGE('',*,*,#3297,.F.);
#3297 = EDGE_CURVE('',#3298,#3300,#3302,.T.);
#3298 = VERTEX_POINT('',#3299);
#3299 = CARTESIAN_POINT('',(108.938934,-176.053345,1.51));
#3300 = VERTEX_POINT('',#3301);
#3301 = CARTESIAN_POINT('',(108.251655,-175.366066,1.51));
#3302 = CIRCLE('',#3303,0.499999603944);
#3303 = AXIS2_PLACEMENT_3D('',#3304,#3305,#3306);
#3304 = CARTESIAN_POINT('',(108.51215788946,-175.7928421105,1.51));
#3305 = DIRECTION('',(0.,0.,1.));
#3306 = DIRECTION('',(0.853552897188,-0.521006191615,0.));
#3307 = ORIENTED_EDGE('',*,*,#3308,.F.);
#3308 = EDGE_CURVE('',#3309,#3298,#3311,.T.);
#3309 = VERTEX_POINT('',#3310);
#3310 = CARTESIAN_POINT('',(108.895,-176.209647,1.51));
#3311 = CIRCLE('',#3312,0.299998582341);
#3312 = AXIS2_PLACEMENT_3D('',#3313,#3314,#3315);
#3313 = CARTESIAN_POINT('',(109.19499858234,-176.2096462446,1.51));
#3314 = DIRECTION('',(0.,0.,-1.));
#3315 = DIRECTION('',(-0.999999999997,-2.517861104394E-06,-0.));
#3316 = ORIENTED_EDGE('',*,*,#3317,.F.);
#3317 = EDGE_CURVE('',#3318,#3309,#3320,.T.);
#3318 = VERTEX_POINT('',#3319);
#3319 = CARTESIAN_POINT('',(108.895,-176.91,1.51));
#3320 = LINE('',#3321,#3322);
#3321 = CARTESIAN_POINT('',(108.895,-176.91,1.51));
#3322 = VECTOR('',#3323,1.);
#3323 = DIRECTION('',(0.,1.,0.));
#3324 = ORIENTED_EDGE('',*,*,#3325,.F.);
#3325 = EDGE_CURVE('',#3326,#3318,#3328,.T.);
#3326 = VERTEX_POINT('',#3327);
#3327 = CARTESIAN_POINT('',(108.895,-177.610353,1.51));
#3328 = LINE('',#3329,#3330);
#3329 = CARTESIAN_POINT('',(108.895,-177.610353,1.51));
#3330 = VECTOR('',#3331,1.);
#3331 = DIRECTION('',(0.,1.,0.));
#3332 = ORIENTED_EDGE('',*,*,#3333,.F.);
#3333 = EDGE_CURVE('',#3334,#3326,#3336,.T.);
#3334 = VERTEX_POINT('',#3335);
#3335 = CARTESIAN_POINT('',(108.938934,-177.766655,1.51));
#3336 = CIRCLE('',#3337,0.299998582341);
#3337 = AXIS2_PLACEMENT_3D('',#3338,#3339,#3340);
#3338 = CARTESIAN_POINT('',(109.19499858234,-177.6103537553,1.51));
#3339 = DIRECTION('',(0.,0.,-1.));
#3340 = DIRECTION('',(-0.853552641289,-0.52100661085,-0.));
#3341 = ORIENTED_EDGE('',*,*,#3342,.F.);
#3342 = EDGE_CURVE('',#3343,#3334,#3345,.T.);
#3343 = VERTEX_POINT('',#3344);
#3344 = CARTESIAN_POINT('',(108.251655,-178.453934,1.51));
#3345 = CIRCLE('',#3346,0.499999603944);
#3346 = AXIS2_PLACEMENT_3D('',#3347,#3348,#3349);
#3347 = CARTESIAN_POINT('',(108.51215788946,-178.0271578894,1.51));
#3348 = DIRECTION('',(0.,0.,1.));
#3349 = DIRECTION('',(-0.521006191615,-0.853552897188,0.));
#3350 = ORIENTED_EDGE('',*,*,#3351,.F.);
#3351 = EDGE_CURVE('',#3352,#3343,#3354,.T.);
#3352 = VERTEX_POINT('',#3353);
#3353 = CARTESIAN_POINT('',(108.095353,-178.41,1.51));
#3354 = CIRCLE('',#3355,0.299998582341);
#3355 = AXIS2_PLACEMENT_3D('',#3356,#3357,#3358);
#3356 = CARTESIAN_POINT('',(108.09535375535,-178.7099985823,1.51));
#3357 = DIRECTION('',(0.,0.,-1.));
#3358 = DIRECTION('',(-2.517861483354E-06,0.999999999997,0.));
#3359 = ORIENTED_EDGE('',*,*,#3360,.F.);
#3360 = EDGE_CURVE('',#3361,#3352,#3363,.T.);
#3361 = VERTEX_POINT('',#3362);
#3362 = CARTESIAN_POINT('',(107.195,-178.41,1.51));
#3363 = LINE('',#3364,#3365);
#3364 = CARTESIAN_POINT('',(107.195,-178.41,1.51));
#3365 = VECTOR('',#3366,1.);
#3366 = DIRECTION('',(1.,0.,0.));
#3367 = ORIENTED_EDGE('',*,*,#3368,.F.);
#3368 = EDGE_CURVE('',#3369,#3361,#3371,.T.);
#3369 = VERTEX_POINT('',#3370);
#3370 = CARTESIAN_POINT('',(106.294647,-178.41,1.51));
#3371 = LINE('',#3372,#3373);
#3372 = CARTESIAN_POINT('',(106.294647,-178.41,1.51));
#3373 = VECTOR('',#3374,1.);
#3374 = DIRECTION('',(1.,0.,0.));
#3375 = ORIENTED_EDGE('',*,*,#3376,.F.);
#3376 = EDGE_CURVE('',#3377,#3369,#3379,.T.);
#3377 = VERTEX_POINT('',#3378);
#3378 = CARTESIAN_POINT('',(106.138345,-178.453934,1.51));
#3379 = CIRCLE('',#3380,0.299998582341);
#3380 = AXIS2_PLACEMENT_3D('',#3381,#3382,#3383);
#3381 = CARTESIAN_POINT('',(106.29464624464,-178.7099985823,1.51));
#3382 = DIRECTION('',(0.,0.,-1.));
#3383 = DIRECTION('',(-0.52100661085,0.853552641289,0.));
#3384 = ORIENTED_EDGE('',*,*,#3385,.F.);
#3385 = EDGE_CURVE('',#3386,#3377,#3388,.T.);
#3386 = VERTEX_POINT('',#3387);
#3387 = CARTESIAN_POINT('',(105.451066,-177.766655,1.51));
#3388 = CIRCLE('',#3389,0.499999603944);
#3389 = AXIS2_PLACEMENT_3D('',#3390,#3391,#3392);
#3390 = CARTESIAN_POINT('',(105.87784211054,-178.0271578894,1.51));
#3391 = DIRECTION('',(0.,0.,1.));
#3392 = DIRECTION('',(-0.853552897188,0.521006191615,0.));
#3393 = ORIENTED_EDGE('',*,*,#3394,.F.);
#3394 = EDGE_CURVE('',#3395,#3386,#3397,.T.);
#3395 = VERTEX_POINT('',#3396);
#3396 = CARTESIAN_POINT('',(105.495,-177.610353,1.51));
#3397 = CIRCLE('',#3398,0.299998582341);
#3398 = AXIS2_PLACEMENT_3D('',#3399,#3400,#3401);
#3399 = CARTESIAN_POINT('',(105.19500141766,-177.6103537553,1.51));
#3400 = DIRECTION('',(0.,0.,-1.));
#3401 = DIRECTION('',(0.999999999997,2.517861104394E-06,0.));
#3402 = ORIENTED_EDGE('',*,*,#3403,.F.);
#3403 = EDGE_CURVE('',#3404,#3395,#3406,.T.);
#3404 = VERTEX_POINT('',#3405);
#3405 = CARTESIAN_POINT('',(105.495,-176.91,1.51));
#3406 = LINE('',#3407,#3408);
#3407 = CARTESIAN_POINT('',(105.495,-176.91,1.51));
#3408 = VECTOR('',#3409,1.);
#3409 = DIRECTION('',(0.,-1.,0.));
#3410 = ORIENTED_EDGE('',*,*,#3411,.F.);
#3411 = EDGE_CURVE('',#3412,#3404,#3414,.T.);
#3412 = VERTEX_POINT('',#3413);
#3413 = CARTESIAN_POINT('',(105.495,-176.209647,1.51));
#3414 = LINE('',#3415,#3416);
#3415 = CARTESIAN_POINT('',(105.495,-176.209647,1.51));
#3416 = VECTOR('',#3417,1.);
#3417 = DIRECTION('',(0.,-1.,0.));
#3418 = ORIENTED_EDGE('',*,*,#3419,.F.);
#3419 = EDGE_CURVE('',#3420,#3412,#3422,.T.);
#3420 = VERTEX_POINT('',#3421);
#3421 = CARTESIAN_POINT('',(105.451066,-176.053345,1.51));
#3422 = CIRCLE('',#3423,0.299998582341);
#3423 = AXIS2_PLACEMENT_3D('',#3424,#3425,#3426);
#3424 = CARTESIAN_POINT('',(105.19500141766,-176.2096462446,1.51));
#3425 = DIRECTION('',(0.,0.,-1.));
#3426 = DIRECTION('',(0.853552641289,0.52100661085,0.));
#3427 = ORIENTED_EDGE('',*,*,#3428,.F.);
#3428 = EDGE_CURVE('',#3429,#3420,#3431,.T.);
#3429 = VERTEX_POINT('',#3430);
#3430 = CARTESIAN_POINT('',(106.138345,-175.366066,1.51));
#3431 = CIRCLE('',#3432,0.499999603944);
#3432 = AXIS2_PLACEMENT_3D('',#3433,#3434,#3435);
#3433 = CARTESIAN_POINT('',(105.87784211054,-175.7928421105,1.51));
#3434 = DIRECTION('',(0.,0.,1.));
#3435 = DIRECTION('',(0.521006191615,0.853552897188,-0.));
#3436 = ORIENTED_EDGE('',*,*,#3437,.F.);
#3437 = EDGE_CURVE('',#3438,#3429,#3440,.T.);
#3438 = VERTEX_POINT('',#3439);
#3439 = CARTESIAN_POINT('',(106.294647,-175.41,1.51));
#3440 = CIRCLE('',#3441,0.299998582341);
#3441 = AXIS2_PLACEMENT_3D('',#3442,#3443,#3444);
#3442 = CARTESIAN_POINT('',(106.29464624464,-175.1100014176,1.51));
#3443 = DIRECTION('',(0.,0.,-1.));
#3444 = DIRECTION('',(2.517861435984E-06,-0.999999999997,0.));
#3445 = ORIENTED_EDGE('',*,*,#3446,.F.);
#3446 = EDGE_CURVE('',#3447,#3438,#3449,.T.);
#3447 = VERTEX_POINT('',#3448);
#3448 = CARTESIAN_POINT('',(107.195,-175.41,1.51));
#3449 = LINE('',#3450,#3451);
#3450 = CARTESIAN_POINT('',(107.195,-175.41,1.51));
#3451 = VECTOR('',#3452,1.);
#3452 = DIRECTION('',(-1.,0.,0.));
#3453 = ORIENTED_EDGE('',*,*,#3454,.F.);
#3454 = EDGE_CURVE('',#3455,#3447,#3457,.T.);
#3455 = VERTEX_POINT('',#3456);
#3456 = CARTESIAN_POINT('',(108.095353,-175.41,1.51));
#3457 = LINE('',#3458,#3459);
#3458 = CARTESIAN_POINT('',(108.095353,-175.41,1.51));
#3459 = VECTOR('',#3460,1.);
#3460 = DIRECTION('',(-1.,0.,0.));
#3461 = ORIENTED_EDGE('',*,*,#3462,.F.);
#3462 = EDGE_CURVE('',#3300,#3455,#3463,.T.);
#3463 = CIRCLE('',#3464,0.299998582341);
#3464 = AXIS2_PLACEMENT_3D('',#3465,#3466,#3467);
#3465 = CARTESIAN_POINT('',(108.09535375535,-175.1100014176,1.51));
#3466 = DIRECTION('',(0.,0.,-1.));
#3467 = DIRECTION('',(0.52100661085,-0.853552641289,0.));
#3468 = FACE_BOUND('',#3469,.T.);
#3469 = EDGE_LOOP('',(#3470));
#3470 = ORIENTED_EDGE('',*,*,#3471,.T.);
#3471 = EDGE_CURVE('',#3472,#3472,#3474,.T.);
#3472 = VERTEX_POINT('',#3473);
#3473 = CARTESIAN_POINT('',(102.695,-166.91,1.51));
#3474 = CIRCLE('',#3475,2.);
#3475 = AXIS2_PLACEMENT_3D('',#3476,#3477,#3478);
#3476 = CARTESIAN_POINT('',(102.695,-164.91,1.51));
#3477 = DIRECTION('',(-0.,0.,-1.));
#3478 = DIRECTION('',(-0.,-1.,0.));
#3479 = FACE_BOUND('',#3480,.T.);
#3480 = EDGE_LOOP('',(#3481));
#3481 = ORIENTED_EDGE('',*,*,#3482,.T.);
#3482 = EDGE_CURVE('',#3483,#3483,#3485,.T.);
#3483 = VERTEX_POINT('',#3484);
#3484 = CARTESIAN_POINT('',(98.885,-163.12,1.51));
#3485 = CIRCLE('',#3486,0.75);
#3486 = AXIS2_PLACEMENT_3D('',#3487,#3488,#3489);
#3487 = CARTESIAN_POINT('',(98.885,-162.37,1.51));
#3488 = DIRECTION('',(-0.,0.,-1.));
#3489 = DIRECTION('',(-0.,-1.,0.));
#3490 = FACE_BOUND('',#3491,.T.);
#3491 = EDGE_LOOP('',(#3492));
#3492 = ORIENTED_EDGE('',*,*,#3493,.T.);
#3493 = EDGE_CURVE('',#3494,#3494,#3496,.T.);
#3494 = VERTEX_POINT('',#3495);
#3495 = CARTESIAN_POINT('',(105.235,-160.58,1.51));
#3496 = CIRCLE('',#3497,0.75);
#3497 = AXIS2_PLACEMENT_3D('',#3498,#3499,#3500);
#3498 = CARTESIAN_POINT('',(105.235,-159.83,1.51));
#3499 = DIRECTION('',(-0.,0.,-1.));
#3500 = DIRECTION('',(-0.,-1.,0.));
#3501 = FACE_BOUND('',#3502,.T.);
#3502 = EDGE_LOOP('',(#3503));
#3503 = ORIENTED_EDGE('',*,*,#3504,.T.);
#3504 = EDGE_CURVE('',#3505,#3505,#3507,.T.);
#3505 = VERTEX_POINT('',#3506);
#3506 = CARTESIAN_POINT('',(117.385,-177.31,1.51));
#3507 = CIRCLE('',#3508,0.4);
#3508 = AXIS2_PLACEMENT_3D('',#3509,#3510,#3511);
#3509 = CARTESIAN_POINT('',(117.385,-176.91,1.51));
#3510 = DIRECTION('',(-0.,0.,-1.));
#3511 = DIRECTION('',(3.5527136788E-14,-1.,-0.));
#3512 = FACE_BOUND('',#3513,.T.);
#3513 = EDGE_LOOP('',(#3514));
#3514 = ORIENTED_EDGE('',*,*,#3515,.T.);
#3515 = EDGE_CURVE('',#3516,#3516,#3518,.T.);
#3516 = VERTEX_POINT('',#3517);
#3517 = CARTESIAN_POINT('',(125.005,-177.31,1.51));
#3518 = CIRCLE('',#3519,0.4);
#3519 = AXIS2_PLACEMENT_3D('',#3520,#3521,#3522);
#3520 = CARTESIAN_POINT('',(125.005,-176.91,1.51));
#3521 = DIRECTION('',(-0.,0.,-1.));
#3522 = DIRECTION('',(-0.,-1.,0.));
#3523 = FACE_BOUND('',#3524,.T.);
#3524 = EDGE_LOOP('',(#3525,#3536,#3545,#3553,#3561,#3570,#3579,#3588,
    #3596,#3604,#3613,#3622,#3631,#3639,#3647,#3656,#3665,#3674,#3682,
    #3690));
#3525 = ORIENTED_EDGE('',*,*,#3526,.F.);
#3526 = EDGE_CURVE('',#3527,#3529,#3531,.T.);
#3527 = VERTEX_POINT('',#3528);
#3528 = CARTESIAN_POINT('',(131.938934,-176.053345,1.51));
#3529 = VERTEX_POINT('',#3530);
#3530 = CARTESIAN_POINT('',(131.251655,-175.366066,1.51));
#3531 = CIRCLE('',#3532,0.499999603944);
#3532 = AXIS2_PLACEMENT_3D('',#3533,#3534,#3535);
#3533 = CARTESIAN_POINT('',(131.51215788946,-175.7928421105,1.51));
#3534 = DIRECTION('',(0.,0.,1.));
#3535 = DIRECTION('',(0.853552897188,-0.521006191616,0.));
#3536 = ORIENTED_EDGE('',*,*,#3537,.F.);
#3537 = EDGE_CURVE('',#3538,#3527,#3540,.T.);
#3538 = VERTEX_POINT('',#3539);
#3539 = CARTESIAN_POINT('',(131.895,-176.209647,1.51));
#3540 = CIRCLE('',#3541,0.299998582341);
#3541 = AXIS2_PLACEMENT_3D('',#3542,#3543,#3544);
#3542 = CARTESIAN_POINT('',(132.19499858234,-176.2096462446,1.51));
#3543 = DIRECTION('',(0.,0.,-1.));
#3544 = DIRECTION('',(-0.999999999997,-2.517861293873E-06,-0.));
#3545 = ORIENTED_EDGE('',*,*,#3546,.F.);
#3546 = EDGE_CURVE('',#3547,#3538,#3549,.T.);
#3547 = VERTEX_POINT('',#3548);
#3548 = CARTESIAN_POINT('',(131.895,-176.91,1.51));
#3549 = LINE('',#3550,#3551);
#3550 = CARTESIAN_POINT('',(131.895,-176.91,1.51));
#3551 = VECTOR('',#3552,1.);
#3552 = DIRECTION('',(0.,1.,0.));
#3553 = ORIENTED_EDGE('',*,*,#3554,.F.);
#3554 = EDGE_CURVE('',#3555,#3547,#3557,.T.);
#3555 = VERTEX_POINT('',#3556);
#3556 = CARTESIAN_POINT('',(131.895,-177.610353,1.51));
#3557 = LINE('',#3558,#3559);
#3558 = CARTESIAN_POINT('',(131.895,-177.610353,1.51));
#3559 = VECTOR('',#3560,1.);
#3560 = DIRECTION('',(0.,1.,0.));
#3561 = ORIENTED_EDGE('',*,*,#3562,.F.);
#3562 = EDGE_CURVE('',#3563,#3555,#3565,.T.);
#3563 = VERTEX_POINT('',#3564);
#3564 = CARTESIAN_POINT('',(131.938934,-177.766655,1.51));
#3565 = CIRCLE('',#3566,0.299998582341);
#3566 = AXIS2_PLACEMENT_3D('',#3567,#3568,#3569);
#3567 = CARTESIAN_POINT('',(132.19499858234,-177.6103537553,1.51));
#3568 = DIRECTION('',(0.,0.,-1.));
#3569 = DIRECTION('',(-0.853552641289,-0.521006610849,-0.));
#3570 = ORIENTED_EDGE('',*,*,#3571,.F.);
#3571 = EDGE_CURVE('',#3572,#3563,#3574,.T.);
#3572 = VERTEX_POINT('',#3573);
#3573 = CARTESIAN_POINT('',(131.251655,-178.453934,1.51));
#3574 = CIRCLE('',#3575,0.499999603944);
#3575 = AXIS2_PLACEMENT_3D('',#3576,#3577,#3578);
#3576 = CARTESIAN_POINT('',(131.51215788946,-178.0271578894,1.51));
#3577 = DIRECTION('',(0.,0.,1.));
#3578 = DIRECTION('',(-0.521006191616,-0.853552897188,0.));
#3579 = ORIENTED_EDGE('',*,*,#3580,.F.);
#3580 = EDGE_CURVE('',#3581,#3572,#3583,.T.);
#3581 = VERTEX_POINT('',#3582);
#3582 = CARTESIAN_POINT('',(131.095353,-178.41,1.51));
#3583 = CIRCLE('',#3584,0.299998582341);
#3584 = AXIS2_PLACEMENT_3D('',#3585,#3586,#3587);
#3585 = CARTESIAN_POINT('',(131.09535375535,-178.7099985823,1.51));
#3586 = DIRECTION('',(0.,0.,-1.));
#3587 = DIRECTION('',(-2.517861578095E-06,0.999999999997,0.));
#3588 = ORIENTED_EDGE('',*,*,#3589,.F.);
#3589 = EDGE_CURVE('',#3590,#3581,#3592,.T.);
#3590 = VERTEX_POINT('',#3591);
#3591 = CARTESIAN_POINT('',(130.195,-178.41,1.51));
#3592 = LINE('',#3593,#3594);
#3593 = CARTESIAN_POINT('',(130.195,-178.41,1.51));
#3594 = VECTOR('',#3595,1.);
#3595 = DIRECTION('',(1.,0.,0.));
#3596 = ORIENTED_EDGE('',*,*,#3597,.F.);
#3597 = EDGE_CURVE('',#3598,#3590,#3600,.T.);
#3598 = VERTEX_POINT('',#3599);
#3599 = CARTESIAN_POINT('',(129.294647,-178.41,1.51));
#3600 = LINE('',#3601,#3602);
#3601 = CARTESIAN_POINT('',(129.294647,-178.41,1.51));
#3602 = VECTOR('',#3603,1.);
#3603 = DIRECTION('',(1.,0.,0.));
#3604 = ORIENTED_EDGE('',*,*,#3605,.F.);
#3605 = EDGE_CURVE('',#3606,#3598,#3608,.T.);
#3606 = VERTEX_POINT('',#3607);
#3607 = CARTESIAN_POINT('',(129.138345,-178.453934,1.51));
#3608 = CIRCLE('',#3609,0.299998582341);
#3609 = AXIS2_PLACEMENT_3D('',#3610,#3611,#3612);
#3610 = CARTESIAN_POINT('',(129.29464624464,-178.7099985823,1.51));
#3611 = DIRECTION('',(0.,0.,-1.));
#3612 = DIRECTION('',(-0.52100661085,0.853552641289,0.));
#3613 = ORIENTED_EDGE('',*,*,#3614,.F.);
#3614 = EDGE_CURVE('',#3615,#3606,#3617,.T.);
#3615 = VERTEX_POINT('',#3616);
#3616 = CARTESIAN_POINT('',(128.451066,-177.766655,1.51));
#3617 = CIRCLE('',#3618,0.499999603944);
#3618 = AXIS2_PLACEMENT_3D('',#3619,#3620,#3621);
#3619 = CARTESIAN_POINT('',(128.87784211054,-178.0271578894,1.51));
#3620 = DIRECTION('',(0.,0.,1.));
#3621 = DIRECTION('',(-0.853552897188,0.521006191615,0.));
#3622 = ORIENTED_EDGE('',*,*,#3623,.F.);
#3623 = EDGE_CURVE('',#3624,#3615,#3626,.T.);
#3624 = VERTEX_POINT('',#3625);
#3625 = CARTESIAN_POINT('',(128.495,-177.610353,1.51));
#3626 = CIRCLE('',#3627,0.299998582341);
#3627 = AXIS2_PLACEMENT_3D('',#3628,#3629,#3630);
#3628 = CARTESIAN_POINT('',(128.19500141766,-177.6103537553,1.51));
#3629 = DIRECTION('',(0.,0.,-1.));
#3630 = DIRECTION('',(0.999999999997,2.517861483355E-06,0.));
#3631 = ORIENTED_EDGE('',*,*,#3632,.F.);
#3632 = EDGE_CURVE('',#3633,#3624,#3635,.T.);
#3633 = VERTEX_POINT('',#3634);
#3634 = CARTESIAN_POINT('',(128.495,-176.91,1.51));
#3635 = LINE('',#3636,#3637);
#3636 = CARTESIAN_POINT('',(128.495,-176.91,1.51));
#3637 = VECTOR('',#3638,1.);
#3638 = DIRECTION('',(0.,-1.,0.));
#3639 = ORIENTED_EDGE('',*,*,#3640,.F.);
#3640 = EDGE_CURVE('',#3641,#3633,#3643,.T.);
#3641 = VERTEX_POINT('',#3642);
#3642 = CARTESIAN_POINT('',(128.495,-176.209647,1.51));
#3643 = LINE('',#3644,#3645);
#3644 = CARTESIAN_POINT('',(128.495,-176.209647,1.51));
#3645 = VECTOR('',#3646,1.);
#3646 = DIRECTION('',(0.,-1.,0.));
#3647 = ORIENTED_EDGE('',*,*,#3648,.F.);
#3648 = EDGE_CURVE('',#3649,#3641,#3651,.T.);
#3649 = VERTEX_POINT('',#3650);
#3650 = CARTESIAN_POINT('',(128.451066,-176.053345,1.51));
#3651 = CIRCLE('',#3652,0.299998582341);
#3652 = AXIS2_PLACEMENT_3D('',#3653,#3654,#3655);
#3653 = CARTESIAN_POINT('',(128.19500141766,-176.2096462446,1.51));
#3654 = DIRECTION('',(0.,0.,-1.));
#3655 = DIRECTION('',(0.853552641289,0.52100661085,0.));
#3656 = ORIENTED_EDGE('',*,*,#3657,.F.);
#3657 = EDGE_CURVE('',#3658,#3649,#3660,.T.);
#3658 = VERTEX_POINT('',#3659);
#3659 = CARTESIAN_POINT('',(129.138345,-175.366066,1.51));
#3660 = CIRCLE('',#3661,0.499999603944);
#3661 = AXIS2_PLACEMENT_3D('',#3662,#3663,#3664);
#3662 = CARTESIAN_POINT('',(128.87784211054,-175.7928421105,1.51));
#3663 = DIRECTION('',(0.,0.,1.));
#3664 = DIRECTION('',(0.521006191615,0.853552897188,-0.));
#3665 = ORIENTED_EDGE('',*,*,#3666,.F.);
#3666 = EDGE_CURVE('',#3667,#3658,#3669,.T.);
#3667 = VERTEX_POINT('',#3668);
#3668 = CARTESIAN_POINT('',(129.294647,-175.41,1.51));
#3669 = CIRCLE('',#3670,0.299998582341);
#3670 = AXIS2_PLACEMENT_3D('',#3671,#3672,#3673);
#3671 = CARTESIAN_POINT('',(129.29464624464,-175.1100014176,1.51));
#3672 = DIRECTION('',(0.,0.,-1.));
#3673 = DIRECTION('',(2.517861483353E-06,-0.999999999997,0.));
#3674 = ORIENTED_EDGE('',*,*,#3675,.F.);
#3675 = EDGE_CURVE('',#3676,#3667,#3678,.T.);
#3676 = VERTEX_POINT('',#3677);
#3677 = CARTESIAN_POINT('',(130.195,-175.41,1.51));
#3678 = LINE('',#3679,#3680);
#3679 = CARTESIAN_POINT('',(130.195,-175.41,1.51));
#3680 = VECTOR('',#3681,1.);
#3681 = DIRECTION('',(-1.,0.,0.));
#3682 = ORIENTED_EDGE('',*,*,#3683,.F.);
#3683 = EDGE_CURVE('',#3684,#3676,#3686,.T.);
#3684 = VERTEX_POINT('',#3685);
#3685 = CARTESIAN_POINT('',(131.095353,-175.41,1.51));
#3686 = LINE('',#3687,#3688);
#3687 = CARTESIAN_POINT('',(131.095353,-175.41,1.51));
#3688 = VECTOR('',#3689,1.);
#3689 = DIRECTION('',(-1.,0.,0.));
#3690 = ORIENTED_EDGE('',*,*,#3691,.F.);
#3691 = EDGE_CURVE('',#3529,#3684,#3692,.T.);
#3692 = CIRCLE('',#3693,0.299998582341);
#3693 = AXIS2_PLACEMENT_3D('',#3694,#3695,#3696);
#3694 = CARTESIAN_POINT('',(131.09535375535,-175.1100014176,1.51));
#3695 = DIRECTION('',(0.,0.,-1.));
#3696 = DIRECTION('',(0.52100661085,-0.853552641289,0.));
#3697 = FACE_BOUND('',#3698,.T.);
#3698 = EDGE_LOOP('',(#3699));
#3699 = ORIENTED_EDGE('',*,*,#3700,.T.);
#3700 = EDGE_CURVE('',#3701,#3701,#3703,.T.);
#3701 = VERTEX_POINT('',#3702);
#3702 = CARTESIAN_POINT('',(139.,-180.6,1.51));
#3703 = CIRCLE('',#3704,1.6);
#3704 = AXIS2_PLACEMENT_3D('',#3705,#3706,#3707);
#3705 = CARTESIAN_POINT('',(139.,-179.,1.51));
#3706 = DIRECTION('',(-0.,0.,-1.));
#3707 = DIRECTION('',(-0.,-1.,0.));
#3708 = FACE_BOUND('',#3709,.T.);
#3709 = EDGE_LOOP('',(#3710));
#3710 = ORIENTED_EDGE('',*,*,#3711,.T.);
#3711 = EDGE_CURVE('',#3712,#3712,#3714,.T.);
#3712 = VERTEX_POINT('',#3713);
#3713 = CARTESIAN_POINT('',(125.42,-166.91,1.51));
#3714 = CIRCLE('',#3715,2.);
#3715 = AXIS2_PLACEMENT_3D('',#3716,#3717,#3718);
#3716 = CARTESIAN_POINT('',(125.42,-164.91,1.51));
#3717 = DIRECTION('',(-0.,0.,-1.));
#3718 = DIRECTION('',(-0.,-1.,0.));
#3719 = FACE_BOUND('',#3720,.T.);
#3720 = EDGE_LOOP('',(#3721));
#3721 = ORIENTED_EDGE('',*,*,#3722,.T.);
#3722 = EDGE_CURVE('',#3723,#3723,#3725,.T.);
#3723 = VERTEX_POINT('',#3724);
#3724 = CARTESIAN_POINT('',(121.61,-163.12,1.51));
#3725 = CIRCLE('',#3726,0.75);
#3726 = AXIS2_PLACEMENT_3D('',#3727,#3728,#3729);
#3727 = CARTESIAN_POINT('',(121.61,-162.37,1.51));
#3728 = DIRECTION('',(-0.,0.,-1.));
#3729 = DIRECTION('',(-0.,-1.,0.));
#3730 = FACE_BOUND('',#3731,.T.);
#3731 = EDGE_LOOP('',(#3732));
#3732 = ORIENTED_EDGE('',*,*,#3733,.T.);
#3733 = EDGE_CURVE('',#3734,#3734,#3736,.T.);
#3734 = VERTEX_POINT('',#3735);
#3735 = CARTESIAN_POINT('',(127.96,-160.58,1.51));
#3736 = CIRCLE('',#3737,0.75);
#3737 = AXIS2_PLACEMENT_3D('',#3738,#3739,#3740);
#3738 = CARTESIAN_POINT('',(127.96,-159.83,1.51));
#3739 = DIRECTION('',(-0.,0.,-1.));
#3740 = DIRECTION('',(-1.894780628694E-14,-1.,0.));
#3741 = FACE_BOUND('',#3742,.T.);
#3742 = EDGE_LOOP('',(#3743));
#3743 = ORIENTED_EDGE('',*,*,#3744,.T.);
#3744 = EDGE_CURVE('',#3745,#3745,#3747,.T.);
#3745 = VERTEX_POINT('',#3746);
#3746 = CARTESIAN_POINT('',(94.465,-150.15,1.51));
#3747 = CIRCLE('',#3748,0.4);
#3748 = AXIS2_PLACEMENT_3D('',#3749,#3750,#3751);
#3749 = CARTESIAN_POINT('',(94.465,-149.75,1.51));
#3750 = DIRECTION('',(-0.,0.,-1.));
#3751 = DIRECTION('',(-0.,-1.,0.));
#3752 = FACE_BOUND('',#3753,.T.);
#3753 = EDGE_LOOP('',(#3754));
#3754 = ORIENTED_EDGE('',*,*,#3755,.T.);
#3755 = EDGE_CURVE('',#3756,#3756,#3758,.T.);
#3756 = VERTEX_POINT('',#3757);
#3757 = CARTESIAN_POINT('',(102.085,-150.15,1.51));
#3758 = CIRCLE('',#3759,0.4);
#3759 = AXIS2_PLACEMENT_3D('',#3760,#3761,#3762);
#3760 = CARTESIAN_POINT('',(102.085,-149.75,1.51));
#3761 = DIRECTION('',(-0.,0.,-1.));
#3762 = DIRECTION('',(-3.5527136788E-14,-1.,0.));
#3763 = FACE_BOUND('',#3764,.T.);
#3764 = EDGE_LOOP('',(#3765,#3776,#3785,#3793,#3801,#3810,#3819,#3828,
    #3836,#3844,#3853,#3862,#3871,#3879,#3887,#3896,#3905,#3914,#3922,
    #3930));
#3765 = ORIENTED_EDGE('',*,*,#3766,.F.);
#3766 = EDGE_CURVE('',#3767,#3769,#3771,.T.);
#3767 = VERTEX_POINT('',#3768);
#3768 = CARTESIAN_POINT('',(109.018934,-148.893345,1.51));
#3769 = VERTEX_POINT('',#3770);
#3770 = CARTESIAN_POINT('',(108.331655,-148.206066,1.51));
#3771 = CIRCLE('',#3772,0.499999603944);
#3772 = AXIS2_PLACEMENT_3D('',#3773,#3774,#3775);
#3773 = CARTESIAN_POINT('',(108.59215788946,-148.6328421105,1.51));
#3774 = DIRECTION('',(0.,0.,1.));
#3775 = DIRECTION('',(0.853552897188,-0.521006191615,0.));
#3776 = ORIENTED_EDGE('',*,*,#3777,.F.);
#3777 = EDGE_CURVE('',#3778,#3767,#3780,.T.);
#3778 = VERTEX_POINT('',#3779);
#3779 = CARTESIAN_POINT('',(108.975,-149.049647,1.51));
#3780 = CIRCLE('',#3781,0.299998582341);
#3781 = AXIS2_PLACEMENT_3D('',#3782,#3783,#3784);
#3782 = CARTESIAN_POINT('',(109.27499858234,-149.0496462446,1.51));
#3783 = DIRECTION('',(0.,0.,-1.));
#3784 = DIRECTION('',(-0.999999999997,-2.517861199133E-06,-0.));
#3785 = ORIENTED_EDGE('',*,*,#3786,.F.);
#3786 = EDGE_CURVE('',#3787,#3778,#3789,.T.);
#3787 = VERTEX_POINT('',#3788);
#3788 = CARTESIAN_POINT('',(108.975,-149.75,1.51));
#3789 = LINE('',#3790,#3791);
#3790 = CARTESIAN_POINT('',(108.975,-149.75,1.51));
#3791 = VECTOR('',#3792,1.);
#3792 = DIRECTION('',(0.,1.,0.));
#3793 = ORIENTED_EDGE('',*,*,#3794,.F.);
#3794 = EDGE_CURVE('',#3795,#3787,#3797,.T.);
#3795 = VERTEX_POINT('',#3796);
#3796 = CARTESIAN_POINT('',(108.975,-150.450353,1.51));
#3797 = LINE('',#3798,#3799);
#3798 = CARTESIAN_POINT('',(108.975,-150.450353,1.51));
#3799 = VECTOR('',#3800,1.);
#3800 = DIRECTION('',(0.,1.,0.));
#3801 = ORIENTED_EDGE('',*,*,#3802,.F.);
#3802 = EDGE_CURVE('',#3803,#3795,#3805,.T.);
#3803 = VERTEX_POINT('',#3804);
#3804 = CARTESIAN_POINT('',(109.018934,-150.606655,1.51));
#3805 = CIRCLE('',#3806,0.299998582341);
#3806 = AXIS2_PLACEMENT_3D('',#3807,#3808,#3809);
#3807 = CARTESIAN_POINT('',(109.27499858234,-150.4503537553,1.51));
#3808 = DIRECTION('',(0.,0.,-1.));
#3809 = DIRECTION('',(-0.853552641289,-0.521006610849,-0.));
#3810 = ORIENTED_EDGE('',*,*,#3811,.F.);
#3811 = EDGE_CURVE('',#3812,#3803,#3814,.T.);
#3812 = VERTEX_POINT('',#3813);
#3813 = CARTESIAN_POINT('',(108.331655,-151.293934,1.51));
#3814 = CIRCLE('',#3815,0.499999603944);
#3815 = AXIS2_PLACEMENT_3D('',#3816,#3817,#3818);
#3816 = CARTESIAN_POINT('',(108.59215788946,-150.8671578894,1.51));
#3817 = DIRECTION('',(0.,0.,1.));
#3818 = DIRECTION('',(-0.521006191615,-0.853552897188,0.));
#3819 = ORIENTED_EDGE('',*,*,#3820,.F.);
#3820 = EDGE_CURVE('',#3821,#3812,#3823,.T.);
#3821 = VERTEX_POINT('',#3822);
#3822 = CARTESIAN_POINT('',(108.175353,-151.25,1.51));
#3823 = CIRCLE('',#3824,0.299998582341);
#3824 = AXIS2_PLACEMENT_3D('',#3825,#3826,#3827);
#3825 = CARTESIAN_POINT('',(108.17535375535,-151.5499985823,1.51));
#3826 = DIRECTION('',(0.,0.,-1.));
#3827 = DIRECTION('',(-2.517861578095E-06,0.999999999997,0.));
#3828 = ORIENTED_EDGE('',*,*,#3829,.F.);
#3829 = EDGE_CURVE('',#3830,#3821,#3832,.T.);
#3830 = VERTEX_POINT('',#3831);
#3831 = CARTESIAN_POINT('',(107.275,-151.25,1.51));
#3832 = LINE('',#3833,#3834);
#3833 = CARTESIAN_POINT('',(107.275,-151.25,1.51));
#3834 = VECTOR('',#3835,1.);
#3835 = DIRECTION('',(1.,0.,0.));
#3836 = ORIENTED_EDGE('',*,*,#3837,.F.);
#3837 = EDGE_CURVE('',#3838,#3830,#3840,.T.);
#3838 = VERTEX_POINT('',#3839);
#3839 = CARTESIAN_POINT('',(106.374647,-151.25,1.51));
#3840 = LINE('',#3841,#3842);
#3841 = CARTESIAN_POINT('',(106.374647,-151.25,1.51));
#3842 = VECTOR('',#3843,1.);
#3843 = DIRECTION('',(1.,0.,0.));
#3844 = ORIENTED_EDGE('',*,*,#3845,.F.);
#3845 = EDGE_CURVE('',#3846,#3838,#3848,.T.);
#3846 = VERTEX_POINT('',#3847);
#3847 = CARTESIAN_POINT('',(106.218345,-151.293934,1.51));
#3848 = CIRCLE('',#3849,0.299998582341);
#3849 = AXIS2_PLACEMENT_3D('',#3850,#3851,#3852);
#3850 = CARTESIAN_POINT('',(106.37464624464,-151.5499985823,1.51));
#3851 = DIRECTION('',(0.,0.,-1.));
#3852 = DIRECTION('',(-0.52100661085,0.853552641289,0.));
#3853 = ORIENTED_EDGE('',*,*,#3854,.F.);
#3854 = EDGE_CURVE('',#3855,#3846,#3857,.T.);
#3855 = VERTEX_POINT('',#3856);
#3856 = CARTESIAN_POINT('',(105.531066,-150.606655,1.51));
#3857 = CIRCLE('',#3858,0.499999603944);
#3858 = AXIS2_PLACEMENT_3D('',#3859,#3860,#3861);
#3859 = CARTESIAN_POINT('',(105.95784211054,-150.8671578894,1.51));
#3860 = DIRECTION('',(0.,0.,1.));
#3861 = DIRECTION('',(-0.853552897188,0.521006191615,0.));
#3862 = ORIENTED_EDGE('',*,*,#3863,.F.);
#3863 = EDGE_CURVE('',#3864,#3855,#3866,.T.);
#3864 = VERTEX_POINT('',#3865);
#3865 = CARTESIAN_POINT('',(105.575,-150.450353,1.51));
#3866 = CIRCLE('',#3867,0.299998582341);
#3867 = AXIS2_PLACEMENT_3D('',#3868,#3869,#3870);
#3868 = CARTESIAN_POINT('',(105.27500141766,-150.4503537553,1.51));
#3869 = DIRECTION('',(0.,0.,-1.));
#3870 = DIRECTION('',(0.999999999997,2.517861199133E-06,0.));
#3871 = ORIENTED_EDGE('',*,*,#3872,.F.);
#3872 = EDGE_CURVE('',#3873,#3864,#3875,.T.);
#3873 = VERTEX_POINT('',#3874);
#3874 = CARTESIAN_POINT('',(105.575,-149.75,1.51));
#3875 = LINE('',#3876,#3877);
#3876 = CARTESIAN_POINT('',(105.575,-149.75,1.51));
#3877 = VECTOR('',#3878,1.);
#3878 = DIRECTION('',(0.,-1.,0.));
#3879 = ORIENTED_EDGE('',*,*,#3880,.F.);
#3880 = EDGE_CURVE('',#3881,#3873,#3883,.T.);
#3881 = VERTEX_POINT('',#3882);
#3882 = CARTESIAN_POINT('',(105.575,-149.049647,1.51));
#3883 = LINE('',#3884,#3885);
#3884 = CARTESIAN_POINT('',(105.575,-149.049647,1.51));
#3885 = VECTOR('',#3886,1.);
#3886 = DIRECTION('',(0.,-1.,0.));
#3887 = ORIENTED_EDGE('',*,*,#3888,.F.);
#3888 = EDGE_CURVE('',#3889,#3881,#3891,.T.);
#3889 = VERTEX_POINT('',#3890);
#3890 = CARTESIAN_POINT('',(105.531066,-148.893345,1.51));
#3891 = CIRCLE('',#3892,0.299998582341);
#3892 = AXIS2_PLACEMENT_3D('',#3893,#3894,#3895);
#3893 = CARTESIAN_POINT('',(105.27500141766,-149.0496462446,1.51));
#3894 = DIRECTION('',(0.,0.,-1.));
#3895 = DIRECTION('',(0.853552641289,0.52100661085,0.));
#3896 = ORIENTED_EDGE('',*,*,#3897,.F.);
#3897 = EDGE_CURVE('',#3898,#3889,#3900,.T.);
#3898 = VERTEX_POINT('',#3899);
#3899 = CARTESIAN_POINT('',(106.218345,-148.206066,1.51));
#3900 = CIRCLE('',#3901,0.499999603944);
#3901 = AXIS2_PLACEMENT_3D('',#3902,#3903,#3904);
#3902 = CARTESIAN_POINT('',(105.95784211054,-148.6328421105,1.51));
#3903 = DIRECTION('',(0.,0.,1.));
#3904 = DIRECTION('',(0.521006191615,0.853552897188,-0.));
#3905 = ORIENTED_EDGE('',*,*,#3906,.F.);
#3906 = EDGE_CURVE('',#3907,#3898,#3909,.T.);
#3907 = VERTEX_POINT('',#3908);
#3908 = CARTESIAN_POINT('',(106.374647,-148.25,1.51));
#3909 = CIRCLE('',#3910,0.299998582341);
#3910 = AXIS2_PLACEMENT_3D('',#3911,#3912,#3913);
#3911 = CARTESIAN_POINT('',(106.37464624464,-147.9500014176,1.51));
#3912 = DIRECTION('',(0.,0.,-1.));
#3913 = DIRECTION('',(2.517861483354E-06,-0.999999999997,0.));
#3914 = ORIENTED_EDGE('',*,*,#3915,.F.);
#3915 = EDGE_CURVE('',#3916,#3907,#3918,.T.);
#3916 = VERTEX_POINT('',#3917);
#3917 = CARTESIAN_POINT('',(107.275,-148.25,1.51));
#3918 = LINE('',#3919,#3920);
#3919 = CARTESIAN_POINT('',(107.275,-148.25,1.51));
#3920 = VECTOR('',#3921,1.);
#3921 = DIRECTION('',(-1.,0.,0.));
#3922 = ORIENTED_EDGE('',*,*,#3923,.F.);
#3923 = EDGE_CURVE('',#3924,#3916,#3926,.T.);
#3924 = VERTEX_POINT('',#3925);
#3925 = CARTESIAN_POINT('',(108.175353,-148.25,1.51));
#3926 = LINE('',#3927,#3928);
#3927 = CARTESIAN_POINT('',(108.175353,-148.25,1.51));
#3928 = VECTOR('',#3929,1.);
#3929 = DIRECTION('',(-1.,0.,0.));
#3930 = ORIENTED_EDGE('',*,*,#3931,.F.);
#3931 = EDGE_CURVE('',#3769,#3924,#3932,.T.);
#3932 = CIRCLE('',#3933,0.299998582341);
#3933 = AXIS2_PLACEMENT_3D('',#3934,#3935,#3936);
#3934 = CARTESIAN_POINT('',(108.17535375535,-147.9500014176,1.51));
#3935 = DIRECTION('',(0.,0.,-1.));
#3936 = DIRECTION('',(0.52100661085,-0.853552641289,0.));
#3937 = FACE_BOUND('',#3938,.T.);
#3938 = EDGE_LOOP('',(#3939));
#3939 = ORIENTED_EDGE('',*,*,#3940,.T.);
#3940 = EDGE_CURVE('',#3941,#3941,#3943,.T.);
#3941 = VERTEX_POINT('',#3942);
#3942 = CARTESIAN_POINT('',(98.925,-135.04,1.51));
#3943 = CIRCLE('',#3944,0.75);
#3944 = AXIS2_PLACEMENT_3D('',#3945,#3946,#3947);
#3945 = CARTESIAN_POINT('',(98.925,-134.29,1.51));
#3946 = DIRECTION('',(-0.,0.,-1.));
#3947 = DIRECTION('',(-0.,-1.,0.));
#3948 = FACE_BOUND('',#3949,.T.);
#3949 = EDGE_LOOP('',(#3950));
#3950 = ORIENTED_EDGE('',*,*,#3951,.T.);
#3951 = EDGE_CURVE('',#3952,#3952,#3954,.T.);
#3952 = VERTEX_POINT('',#3953);
#3953 = CARTESIAN_POINT('',(102.735,-138.83,1.51));
#3954 = CIRCLE('',#3955,2.);
#3955 = AXIS2_PLACEMENT_3D('',#3956,#3957,#3958);
#3956 = CARTESIAN_POINT('',(102.735,-136.83,1.51));
#3957 = DIRECTION('',(-0.,0.,-1.));
#3958 = DIRECTION('',(-0.,-1.,0.));
#3959 = FACE_BOUND('',#3960,.T.);
#3960 = EDGE_LOOP('',(#3961));
#3961 = ORIENTED_EDGE('',*,*,#3962,.T.);
#3962 = EDGE_CURVE('',#3963,#3963,#3965,.T.);
#3963 = VERTEX_POINT('',#3964);
#3964 = CARTESIAN_POINT('',(117.465,-150.23,1.51));
#3965 = CIRCLE('',#3966,0.4);
#3966 = AXIS2_PLACEMENT_3D('',#3967,#3968,#3969);
#3967 = CARTESIAN_POINT('',(117.465,-149.83,1.51));
#3968 = DIRECTION('',(-0.,0.,-1.));
#3969 = DIRECTION('',(-0.,-1.,0.));
#3970 = FACE_BOUND('',#3971,.T.);
#3971 = EDGE_LOOP('',(#3972));
#3972 = ORIENTED_EDGE('',*,*,#3973,.T.);
#3973 = EDGE_CURVE('',#3974,#3974,#3976,.T.);
#3974 = VERTEX_POINT('',#3975);
#3975 = CARTESIAN_POINT('',(125.085,-150.23,1.51));
#3976 = CIRCLE('',#3977,0.4);
#3977 = AXIS2_PLACEMENT_3D('',#3978,#3979,#3980);
#3978 = CARTESIAN_POINT('',(125.085,-149.83,1.51));
#3979 = DIRECTION('',(-0.,0.,-1.));
#3980 = DIRECTION('',(-3.5527136788E-14,-1.,0.));
#3981 = FACE_BOUND('',#3982,.T.);
#3982 = EDGE_LOOP('',(#3983,#3994,#4003,#4011,#4019,#4028,#4037,#4046,
    #4054,#4062,#4071,#4080,#4089,#4097,#4105,#4114,#4123,#4132,#4140,
    #4148));
#3983 = ORIENTED_EDGE('',*,*,#3984,.F.);
#3984 = EDGE_CURVE('',#3985,#3987,#3989,.T.);
#3985 = VERTEX_POINT('',#3986);
#3986 = CARTESIAN_POINT('',(132.018934,-148.893345,1.51));
#3987 = VERTEX_POINT('',#3988);
#3988 = CARTESIAN_POINT('',(131.331655,-148.206066,1.51));
#3989 = CIRCLE('',#3990,0.499999603944);
#3990 = AXIS2_PLACEMENT_3D('',#3991,#3992,#3993);
#3991 = CARTESIAN_POINT('',(131.59215788946,-148.6328421105,1.51));
#3992 = DIRECTION('',(0.,0.,1.));
#3993 = DIRECTION('',(0.853552897188,-0.521006191616,0.));
#3994 = ORIENTED_EDGE('',*,*,#3995,.F.);
#3995 = EDGE_CURVE('',#3996,#3985,#3998,.T.);
#3996 = VERTEX_POINT('',#3997);
#3997 = CARTESIAN_POINT('',(131.975,-149.049647,1.51));
#3998 = CIRCLE('',#3999,0.299998582341);
#3999 = AXIS2_PLACEMENT_3D('',#4000,#4001,#4002);
#4000 = CARTESIAN_POINT('',(132.27499858234,-149.0496462446,1.51));
#4001 = DIRECTION('',(0.,0.,-1.));
#4002 = DIRECTION('',(-0.999999999997,-2.517861578094E-06,-0.));
#4003 = ORIENTED_EDGE('',*,*,#4004,.F.);
#4004 = EDGE_CURVE('',#4005,#3996,#4007,.T.);
#4005 = VERTEX_POINT('',#4006);
#4006 = CARTESIAN_POINT('',(131.975,-149.75,1.51));
#4007 = LINE('',#4008,#4009);
#4008 = CARTESIAN_POINT('',(131.975,-149.75,1.51));
#4009 = VECTOR('',#4010,1.);
#4010 = DIRECTION('',(0.,1.,0.));
#4011 = ORIENTED_EDGE('',*,*,#4012,.F.);
#4012 = EDGE_CURVE('',#4013,#4005,#4015,.T.);
#4013 = VERTEX_POINT('',#4014);
#4014 = CARTESIAN_POINT('',(131.975,-150.450353,1.51));
#4015 = LINE('',#4016,#4017);
#4016 = CARTESIAN_POINT('',(131.975,-150.450353,1.51));
#4017 = VECTOR('',#4018,1.);
#4018 = DIRECTION('',(0.,1.,0.));
#4019 = ORIENTED_EDGE('',*,*,#4020,.F.);
#4020 = EDGE_CURVE('',#4021,#4013,#4023,.T.);
#4021 = VERTEX_POINT('',#4022);
#4022 = CARTESIAN_POINT('',(132.018934,-150.606655,1.51));
#4023 = CIRCLE('',#4024,0.299998582341);
#4024 = AXIS2_PLACEMENT_3D('',#4025,#4026,#4027);
#4025 = CARTESIAN_POINT('',(132.27499858234,-150.4503537553,1.51));
#4026 = DIRECTION('',(0.,0.,-1.));
#4027 = DIRECTION('',(-0.853552641289,-0.52100661085,-0.));
#4028 = ORIENTED_EDGE('',*,*,#4029,.F.);
#4029 = EDGE_CURVE('',#4030,#4021,#4032,.T.);
#4030 = VERTEX_POINT('',#4031);
#4031 = CARTESIAN_POINT('',(131.331655,-151.293934,1.51));
#4032 = CIRCLE('',#4033,0.499999603944);
#4033 = AXIS2_PLACEMENT_3D('',#4034,#4035,#4036);
#4034 = CARTESIAN_POINT('',(131.59215788946,-150.8671578894,1.51));
#4035 = DIRECTION('',(0.,0.,1.));
#4036 = DIRECTION('',(-0.521006191615,-0.853552897188,0.));
#4037 = ORIENTED_EDGE('',*,*,#4038,.F.);
#4038 = EDGE_CURVE('',#4039,#4030,#4041,.T.);
#4039 = VERTEX_POINT('',#4040);
#4040 = CARTESIAN_POINT('',(131.175353,-151.25,1.51));
#4041 = CIRCLE('',#4042,0.299998582341);
#4042 = AXIS2_PLACEMENT_3D('',#4043,#4044,#4045);
#4043 = CARTESIAN_POINT('',(131.17535375535,-151.5499985823,1.51));
#4044 = DIRECTION('',(0.,0.,-1.));
#4045 = DIRECTION('',(-2.517861388613E-06,0.999999999997,0.));
#4046 = ORIENTED_EDGE('',*,*,#4047,.F.);
#4047 = EDGE_CURVE('',#4048,#4039,#4050,.T.);
#4048 = VERTEX_POINT('',#4049);
#4049 = CARTESIAN_POINT('',(130.275,-151.25,1.51));
#4050 = LINE('',#4051,#4052);
#4051 = CARTESIAN_POINT('',(130.275,-151.25,1.51));
#4052 = VECTOR('',#4053,1.);
#4053 = DIRECTION('',(1.,0.,0.));
#4054 = ORIENTED_EDGE('',*,*,#4055,.F.);
#4055 = EDGE_CURVE('',#4056,#4048,#4058,.T.);
#4056 = VERTEX_POINT('',#4057);
#4057 = CARTESIAN_POINT('',(129.374647,-151.25,1.51));
#4058 = LINE('',#4059,#4060);
#4059 = CARTESIAN_POINT('',(129.374647,-151.25,1.51));
#4060 = VECTOR('',#4061,1.);
#4061 = DIRECTION('',(1.,0.,0.));
#4062 = ORIENTED_EDGE('',*,*,#4063,.F.);
#4063 = EDGE_CURVE('',#4064,#4056,#4066,.T.);
#4064 = VERTEX_POINT('',#4065);
#4065 = CARTESIAN_POINT('',(129.218345,-151.293934,1.51));
#4066 = CIRCLE('',#4067,0.299998582341);
#4067 = AXIS2_PLACEMENT_3D('',#4068,#4069,#4070);
#4068 = CARTESIAN_POINT('',(129.37464624464,-151.5499985823,1.51));
#4069 = DIRECTION('',(0.,0.,-1.));
#4070 = DIRECTION('',(-0.52100661085,0.853552641289,0.));
#4071 = ORIENTED_EDGE('',*,*,#4072,.F.);
#4072 = EDGE_CURVE('',#4073,#4064,#4075,.T.);
#4073 = VERTEX_POINT('',#4074);
#4074 = CARTESIAN_POINT('',(128.531066,-150.606655,1.51));
#4075 = CIRCLE('',#4076,0.499999603944);
#4076 = AXIS2_PLACEMENT_3D('',#4077,#4078,#4079);
#4077 = CARTESIAN_POINT('',(128.95784211054,-150.8671578894,1.51));
#4078 = DIRECTION('',(0.,0.,1.));
#4079 = DIRECTION('',(-0.853552897188,0.521006191616,0.));
#4080 = ORIENTED_EDGE('',*,*,#4081,.F.);
#4081 = EDGE_CURVE('',#4082,#4073,#4084,.T.);
#4082 = VERTEX_POINT('',#4083);
#4083 = CARTESIAN_POINT('',(128.575,-150.450353,1.51));
#4084 = CIRCLE('',#4085,0.299998582341);
#4085 = AXIS2_PLACEMENT_3D('',#4086,#4087,#4088);
#4086 = CARTESIAN_POINT('',(128.27500141766,-150.4503537553,1.51));
#4087 = DIRECTION('',(0.,0.,-1.));
#4088 = DIRECTION('',(0.999999999997,2.517861388613E-06,0.));
#4089 = ORIENTED_EDGE('',*,*,#4090,.F.);
#4090 = EDGE_CURVE('',#4091,#4082,#4093,.T.);
#4091 = VERTEX_POINT('',#4092);
#4092 = CARTESIAN_POINT('',(128.575,-149.75,1.51));
#4093 = LINE('',#4094,#4095);
#4094 = CARTESIAN_POINT('',(128.575,-149.75,1.51));
#4095 = VECTOR('',#4096,1.);
#4096 = DIRECTION('',(0.,-1.,0.));
#4097 = ORIENTED_EDGE('',*,*,#4098,.F.);
#4098 = EDGE_CURVE('',#4099,#4091,#4101,.T.);
#4099 = VERTEX_POINT('',#4100);
#4100 = CARTESIAN_POINT('',(128.575,-149.049647,1.51));
#4101 = LINE('',#4102,#4103);
#4102 = CARTESIAN_POINT('',(128.575,-149.049647,1.51));
#4103 = VECTOR('',#4104,1.);
#4104 = DIRECTION('',(0.,-1.,0.));
#4105 = ORIENTED_EDGE('',*,*,#4106,.F.);
#4106 = EDGE_CURVE('',#4107,#4099,#4109,.T.);
#4107 = VERTEX_POINT('',#4108);
#4108 = CARTESIAN_POINT('',(128.531066,-148.893345,1.51));
#4109 = CIRCLE('',#4110,0.299998582341);
#4110 = AXIS2_PLACEMENT_3D('',#4111,#4112,#4113);
#4111 = CARTESIAN_POINT('',(128.27500141766,-149.0496462446,1.51));
#4112 = DIRECTION('',(0.,0.,-1.));
#4113 = DIRECTION('',(0.853552641289,0.521006610849,0.));
#4114 = ORIENTED_EDGE('',*,*,#4115,.F.);
#4115 = EDGE_CURVE('',#4116,#4107,#4118,.T.);
#4116 = VERTEX_POINT('',#4117);
#4117 = CARTESIAN_POINT('',(129.218345,-148.206066,1.51));
#4118 = CIRCLE('',#4119,0.499999603944);
#4119 = AXIS2_PLACEMENT_3D('',#4120,#4121,#4122);
#4120 = CARTESIAN_POINT('',(128.95784211054,-148.6328421105,1.51));
#4121 = DIRECTION('',(0.,0.,1.));
#4122 = DIRECTION('',(0.521006191616,0.853552897188,-0.));
#4123 = ORIENTED_EDGE('',*,*,#4124,.F.);
#4124 = EDGE_CURVE('',#4125,#4116,#4127,.T.);
#4125 = VERTEX_POINT('',#4126);
#4126 = CARTESIAN_POINT('',(129.374647,-148.25,1.51));
#4127 = CIRCLE('',#4128,0.299998582341);
#4128 = AXIS2_PLACEMENT_3D('',#4129,#4130,#4131);
#4129 = CARTESIAN_POINT('',(129.37464624464,-147.9500014176,1.51));
#4130 = DIRECTION('',(0.,0.,-1.));
#4131 = DIRECTION('',(2.517861578094E-06,-0.999999999997,0.));
#4132 = ORIENTED_EDGE('',*,*,#4133,.F.);
#4133 = EDGE_CURVE('',#4134,#4125,#4136,.T.);
#4134 = VERTEX_POINT('',#4135);
#4135 = CARTESIAN_POINT('',(130.275,-148.25,1.51));
#4136 = LINE('',#4137,#4138);
#4137 = CARTESIAN_POINT('',(130.275,-148.25,1.51));
#4138 = VECTOR('',#4139,1.);
#4139 = DIRECTION('',(-1.,0.,0.));
#4140 = ORIENTED_EDGE('',*,*,#4141,.F.);
#4141 = EDGE_CURVE('',#4142,#4134,#4144,.T.);
#4142 = VERTEX_POINT('',#4143);
#4143 = CARTESIAN_POINT('',(131.175353,-148.25,1.51));
#4144 = LINE('',#4145,#4146);
#4145 = CARTESIAN_POINT('',(131.175353,-148.25,1.51));
#4146 = VECTOR('',#4147,1.);
#4147 = DIRECTION('',(-1.,0.,0.));
#4148 = ORIENTED_EDGE('',*,*,#4149,.F.);
#4149 = EDGE_CURVE('',#3987,#4142,#4150,.T.);
#4150 = CIRCLE('',#4151,0.299998582341);
#4151 = AXIS2_PLACEMENT_3D('',#4152,#4153,#4154);
#4152 = CARTESIAN_POINT('',(131.17535375535,-147.9500014176,1.51));
#4153 = DIRECTION('',(0.,0.,-1.));
#4154 = DIRECTION('',(0.52100661085,-0.853552641289,0.));
#4155 = FACE_BOUND('',#4156,.T.);
#4156 = EDGE_LOOP('',(#4157));
#4157 = ORIENTED_EDGE('',*,*,#4158,.T.);
#4158 = EDGE_CURVE('',#4159,#4159,#4161,.T.);
#4159 = VERTEX_POINT('',#4160);
#4160 = CARTESIAN_POINT('',(121.925,-135.04,1.51));
#4161 = CIRCLE('',#4162,0.75);
#4162 = AXIS2_PLACEMENT_3D('',#4163,#4164,#4165);
#4163 = CARTESIAN_POINT('',(121.925,-134.29,1.51));
#4164 = DIRECTION('',(-0.,0.,-1.));
#4165 = DIRECTION('',(-0.,-1.,0.));
#4166 = FACE_BOUND('',#4167,.T.);
#4167 = EDGE_LOOP('',(#4168));
#4168 = ORIENTED_EDGE('',*,*,#4169,.T.);
#4169 = EDGE_CURVE('',#4170,#4170,#4172,.T.);
#4170 = VERTEX_POINT('',#4171);
#4171 = CARTESIAN_POINT('',(125.735,-138.83,1.51));
#4172 = CIRCLE('',#4173,2.);
#4173 = AXIS2_PLACEMENT_3D('',#4174,#4175,#4176);
#4174 = CARTESIAN_POINT('',(125.735,-136.83,1.51));
#4175 = DIRECTION('',(-0.,0.,-1.));
#4176 = DIRECTION('',(-0.,-1.,0.));
#4177 = FACE_BOUND('',#4178,.T.);
#4178 = EDGE_LOOP('',(#4179));
#4179 = ORIENTED_EDGE('',*,*,#4180,.T.);
#4180 = EDGE_CURVE('',#4181,#4181,#4183,.T.);
#4181 = VERTEX_POINT('',#4182);
#4182 = CARTESIAN_POINT('',(60.275,-132.5,1.51));
#4183 = CIRCLE('',#4184,0.75);
#4184 = AXIS2_PLACEMENT_3D('',#4185,#4186,#4187);
#4185 = CARTESIAN_POINT('',(60.275,-131.75,1.51));
#4186 = DIRECTION('',(-0.,0.,-1.));
#4187 = DIRECTION('',(-0.,-1.,0.));
#4188 = FACE_BOUND('',#4189,.T.);
#4189 = EDGE_LOOP('',(#4190));
#4190 = ORIENTED_EDGE('',*,*,#4191,.T.);
#4191 = EDGE_CURVE('',#4192,#4192,#4194,.T.);
#4192 = VERTEX_POINT('',#4193);
#4193 = CARTESIAN_POINT('',(83.275,-132.5,1.51));
#4194 = CIRCLE('',#4195,0.75);
#4195 = AXIS2_PLACEMENT_3D('',#4196,#4197,#4198);
#4196 = CARTESIAN_POINT('',(83.275,-131.75,1.51));
#4197 = DIRECTION('',(-0.,0.,-1.));
#4198 = DIRECTION('',(-0.,-1.,0.));
#4199 = FACE_BOUND('',#4200,.T.);
#4200 = EDGE_LOOP('',(#4201));
#4201 = ORIENTED_EDGE('',*,*,#4202,.T.);
#4202 = EDGE_CURVE('',#4203,#4203,#4205,.T.);
#4203 = VERTEX_POINT('',#4204);
#4204 = CARTESIAN_POINT('',(79.5,-117.31,1.51));
#4205 = CIRCLE('',#4206,0.5);
#4206 = AXIS2_PLACEMENT_3D('',#4207,#4208,#4209);
#4207 = CARTESIAN_POINT('',(79.5,-116.81,1.51));
#4208 = DIRECTION('',(-0.,0.,-1.));
#4209 = DIRECTION('',(-0.,-1.,0.));
#4210 = FACE_BOUND('',#4211,.T.);
#4211 = EDGE_LOOP('',(#4212));
#4212 = ORIENTED_EDGE('',*,*,#4213,.T.);
#4213 = EDGE_CURVE('',#4214,#4214,#4216,.T.);
#4214 = VERTEX_POINT('',#4215);
#4215 = CARTESIAN_POINT('',(79.5,-114.77,1.51));
#4216 = CIRCLE('',#4217,0.5);
#4217 = AXIS2_PLACEMENT_3D('',#4218,#4219,#4220);
#4218 = CARTESIAN_POINT('',(79.5,-114.27,1.51));
#4219 = DIRECTION('',(-0.,0.,-1.));
#4220 = DIRECTION('',(-0.,-1.,0.));
#4221 = FACE_BOUND('',#4222,.T.);
#4222 = EDGE_LOOP('',(#4223));
#4223 = ORIENTED_EDGE('',*,*,#4224,.T.);
#4224 = EDGE_CURVE('',#4225,#4225,#4227,.T.);
#4225 = VERTEX_POINT('',#4226);
#4226 = CARTESIAN_POINT('',(79.5,-112.23,1.51));
#4227 = CIRCLE('',#4228,0.5);
#4228 = AXIS2_PLACEMENT_3D('',#4229,#4230,#4231);
#4229 = CARTESIAN_POINT('',(79.5,-111.73,1.51));
#4230 = DIRECTION('',(-0.,0.,-1.));
#4231 = DIRECTION('',(-0.,-1.,0.));
#4232 = FACE_BOUND('',#4233,.T.);
#4233 = EDGE_LOOP('',(#4234));
#4234 = ORIENTED_EDGE('',*,*,#4235,.T.);
#4235 = EDGE_CURVE('',#4236,#4236,#4238,.T.);
#4236 = VERTEX_POINT('',#4237);
#4237 = CARTESIAN_POINT('',(48.,-90.6,1.51));
#4238 = CIRCLE('',#4239,1.6);
#4239 = AXIS2_PLACEMENT_3D('',#4240,#4241,#4242);
#4240 = CARTESIAN_POINT('',(48.,-89.,1.51));
#4241 = DIRECTION('',(-0.,0.,-1.));
#4242 = DIRECTION('',(-0.,-1.,0.));
#4243 = FACE_BOUND('',#4244,.T.);
#4244 = EDGE_LOOP('',(#4245));
#4245 = ORIENTED_EDGE('',*,*,#4246,.T.);
#4246 = EDGE_CURVE('',#4247,#4247,#4249,.T.);
#4247 = VERTEX_POINT('',#4248);
#4248 = CARTESIAN_POINT('',(79.5,-109.69,1.51));
#4249 = CIRCLE('',#4250,0.5);
#4250 = AXIS2_PLACEMENT_3D('',#4251,#4252,#4253);
#4251 = CARTESIAN_POINT('',(79.5,-109.19,1.51));
#4252 = DIRECTION('',(-0.,0.,-1.));
#4253 = DIRECTION('',(-0.,-1.,0.));
#4254 = FACE_BOUND('',#4255,.T.);
#4255 = EDGE_LOOP('',(#4256));
#4256 = ORIENTED_EDGE('',*,*,#4257,.T.);
#4257 = EDGE_CURVE('',#4258,#4258,#4260,.T.);
#4258 = VERTEX_POINT('',#4259);
#4259 = CARTESIAN_POINT('',(89.,-104.12,1.51));
#4260 = CIRCLE('',#4261,0.5);
#4261 = AXIS2_PLACEMENT_3D('',#4262,#4263,#4264);
#4262 = CARTESIAN_POINT('',(89.,-103.62,1.51));
#4263 = DIRECTION('',(-0.,0.,-1.));
#4264 = DIRECTION('',(-0.,-1.,0.));
#4265 = FACE_BOUND('',#4266,.T.);
#4266 = EDGE_LOOP('',(#4267));
#4267 = ORIENTED_EDGE('',*,*,#4268,.T.);
#4268 = EDGE_CURVE('',#4269,#4269,#4271,.T.);
#4269 = VERTEX_POINT('',#4270);
#4270 = CARTESIAN_POINT('',(89.,-101.58,1.51));
#4271 = CIRCLE('',#4272,0.5);
#4272 = AXIS2_PLACEMENT_3D('',#4273,#4274,#4275);
#4273 = CARTESIAN_POINT('',(89.,-101.08,1.51));
#4274 = DIRECTION('',(-0.,0.,-1.));
#4275 = DIRECTION('',(-0.,-1.,0.));
#4276 = FACE_BOUND('',#4277,.T.);
#4277 = EDGE_LOOP('',(#4278));
#4278 = ORIENTED_EDGE('',*,*,#4279,.T.);
#4279 = EDGE_CURVE('',#4280,#4280,#4282,.T.);
#4280 = VERTEX_POINT('',#4281);
#4281 = CARTESIAN_POINT('',(89.,-99.04,1.51));
#4282 = CIRCLE('',#4283,0.5);
#4283 = AXIS2_PLACEMENT_3D('',#4284,#4285,#4286);
#4284 = CARTESIAN_POINT('',(89.,-98.54,1.51));
#4285 = DIRECTION('',(-0.,0.,-1.));
#4286 = DIRECTION('',(-0.,-1.,0.));
#4287 = FACE_BOUND('',#4288,.T.);
#4288 = EDGE_LOOP('',(#4289));
#4289 = ORIENTED_EDGE('',*,*,#4290,.T.);
#4290 = EDGE_CURVE('',#4291,#4291,#4293,.T.);
#4291 = VERTEX_POINT('',#4292);
#4292 = CARTESIAN_POINT('',(89.,-96.5,1.51));
#4293 = CIRCLE('',#4294,0.5);
#4294 = AXIS2_PLACEMENT_3D('',#4295,#4296,#4297);
#4295 = CARTESIAN_POINT('',(89.,-96.,1.51));
#4296 = DIRECTION('',(-0.,0.,-1.));
#4297 = DIRECTION('',(-0.,-1.,0.));
#4298 = FACE_BOUND('',#4299,.T.);
#4299 = EDGE_LOOP('',(#4300));
#4300 = ORIENTED_EDGE('',*,*,#4301,.T.);
#4301 = EDGE_CURVE('',#4302,#4302,#4304,.T.);
#4302 = VERTEX_POINT('',#4303);
#4303 = CARTESIAN_POINT('',(89.,-93.96,1.51));
#4304 = CIRCLE('',#4305,0.5);
#4305 = AXIS2_PLACEMENT_3D('',#4306,#4307,#4308);
#4306 = CARTESIAN_POINT('',(89.,-93.46,1.51));
#4307 = DIRECTION('',(-0.,0.,-1.));
#4308 = DIRECTION('',(-0.,-1.,0.));
#4309 = FACE_BOUND('',#4310,.T.);
#4310 = EDGE_LOOP('',(#4311));
#4311 = ORIENTED_EDGE('',*,*,#4312,.T.);
#4312 = EDGE_CURVE('',#4313,#4313,#4315,.T.);
#4313 = VERTEX_POINT('',#4314);
#4314 = CARTESIAN_POINT('',(89.,-91.42,1.51));
#4315 = CIRCLE('',#4316,0.5);
#4316 = AXIS2_PLACEMENT_3D('',#4317,#4318,#4319);
#4317 = CARTESIAN_POINT('',(89.,-90.92,1.51));
#4318 = DIRECTION('',(-0.,0.,-1.));
#4319 = DIRECTION('',(-0.,-1.,0.));
#4320 = FACE_BOUND('',#4321,.T.);
#4321 = EDGE_LOOP('',(#4322));
#4322 = ORIENTED_EDGE('',*,*,#4323,.T.);
#4323 = EDGE_CURVE('',#4324,#4324,#4326,.T.);
#4324 = VERTEX_POINT('',#4325);
#4325 = CARTESIAN_POINT('',(89.,-88.88,1.51));
#4326 = CIRCLE('',#4327,0.5);
#4327 = AXIS2_PLACEMENT_3D('',#4328,#4329,#4330);
#4328 = CARTESIAN_POINT('',(89.,-88.38,1.51));
#4329 = DIRECTION('',(-0.,0.,-1.));
#4330 = DIRECTION('',(-0.,-1.,0.));
#4331 = FACE_BOUND('',#4332,.T.);
#4332 = EDGE_LOOP('',(#4333));
#4333 = ORIENTED_EDGE('',*,*,#4334,.T.);
#4334 = EDGE_CURVE('',#4335,#4335,#4337,.T.);
#4335 = VERTEX_POINT('',#4336);
#4336 = CARTESIAN_POINT('',(105.275,-132.5,1.51));
#4337 = CIRCLE('',#4338,0.75);
#4338 = AXIS2_PLACEMENT_3D('',#4339,#4340,#4341);
#4339 = CARTESIAN_POINT('',(105.275,-131.75,1.51));
#4340 = DIRECTION('',(-0.,0.,-1.));
#4341 = DIRECTION('',(-0.,-1.,0.));
#4342 = FACE_BOUND('',#4343,.T.);
#4343 = EDGE_LOOP('',(#4344));
#4344 = ORIENTED_EDGE('',*,*,#4345,.T.);
#4345 = EDGE_CURVE('',#4346,#4346,#4348,.T.);
#4346 = VERTEX_POINT('',#4347);
#4347 = CARTESIAN_POINT('',(128.275,-132.5,1.51));
#4348 = CIRCLE('',#4349,0.75);
#4349 = AXIS2_PLACEMENT_3D('',#4350,#4351,#4352);
#4350 = CARTESIAN_POINT('',(128.275,-131.75,1.51));
#4351 = DIRECTION('',(-0.,0.,-1.));
#4352 = DIRECTION('',(-0.,-1.,0.));
#4353 = FACE_BOUND('',#4354,.T.);
#4354 = EDGE_LOOP('',(#4355));
#4355 = ORIENTED_EDGE('',*,*,#4356,.T.);
#4356 = EDGE_CURVE('',#4357,#4357,#4359,.T.);
#4357 = VERTEX_POINT('',#4358);
#4358 = CARTESIAN_POINT('',(104.25,-104.12,1.51));
#4359 = CIRCLE('',#4360,0.5);
#4360 = AXIS2_PLACEMENT_3D('',#4361,#4362,#4363);
#4361 = CARTESIAN_POINT('',(104.25,-103.62,1.51));
#4362 = DIRECTION('',(-0.,0.,-1.));
#4363 = DIRECTION('',(-0.,-1.,0.));
#4364 = FACE_BOUND('',#4365,.T.);
#4365 = EDGE_LOOP('',(#4366));
#4366 = ORIENTED_EDGE('',*,*,#4367,.T.);
#4367 = EDGE_CURVE('',#4368,#4368,#4370,.T.);
#4368 = VERTEX_POINT('',#4369);
#4369 = CARTESIAN_POINT('',(104.25,-101.58,1.51));
#4370 = CIRCLE('',#4371,0.5);
#4371 = AXIS2_PLACEMENT_3D('',#4372,#4373,#4374);
#4372 = CARTESIAN_POINT('',(104.25,-101.08,1.51));
#4373 = DIRECTION('',(-0.,0.,-1.));
#4374 = DIRECTION('',(-0.,-1.,0.));
#4375 = FACE_BOUND('',#4376,.T.);
#4376 = EDGE_LOOP('',(#4377));
#4377 = ORIENTED_EDGE('',*,*,#4378,.T.);
#4378 = EDGE_CURVE('',#4379,#4379,#4381,.T.);
#4379 = VERTEX_POINT('',#4380);
#4380 = CARTESIAN_POINT('',(111.5,-101.5,1.51));
#4381 = CIRCLE('',#4382,0.5);
#4382 = AXIS2_PLACEMENT_3D('',#4383,#4384,#4385);
#4383 = CARTESIAN_POINT('',(111.5,-101.,1.51));
#4384 = DIRECTION('',(-0.,0.,-1.));
#4385 = DIRECTION('',(-0.,-1.,0.));
#4386 = FACE_BOUND('',#4387,.T.);
#4387 = EDGE_LOOP('',(#4388));
#4388 = ORIENTED_EDGE('',*,*,#4389,.T.);
#4389 = EDGE_CURVE('',#4390,#4390,#4392,.T.);
#4390 = VERTEX_POINT('',#4391);
#4391 = CARTESIAN_POINT('',(104.25,-99.04,1.51));
#4392 = CIRCLE('',#4393,0.5);
#4393 = AXIS2_PLACEMENT_3D('',#4394,#4395,#4396);
#4394 = CARTESIAN_POINT('',(104.25,-98.54,1.51));
#4395 = DIRECTION('',(-0.,0.,-1.));
#4396 = DIRECTION('',(-0.,-1.,0.));
#4397 = FACE_BOUND('',#4398,.T.);
#4398 = EDGE_LOOP('',(#4399));
#4399 = ORIENTED_EDGE('',*,*,#4400,.T.);
#4400 = EDGE_CURVE('',#4401,#4401,#4403,.T.);
#4401 = VERTEX_POINT('',#4402);
#4402 = CARTESIAN_POINT('',(104.25,-96.5,1.51));
#4403 = CIRCLE('',#4404,0.5);
#4404 = AXIS2_PLACEMENT_3D('',#4405,#4406,#4407);
#4405 = CARTESIAN_POINT('',(104.25,-96.,1.51));
#4406 = DIRECTION('',(-0.,0.,-1.));
#4407 = DIRECTION('',(-0.,-1.,0.));
#4408 = FACE_BOUND('',#4409,.T.);
#4409 = EDGE_LOOP('',(#4410));
#4410 = ORIENTED_EDGE('',*,*,#4411,.T.);
#4411 = EDGE_CURVE('',#4412,#4412,#4414,.T.);
#4412 = VERTEX_POINT('',#4413);
#4413 = CARTESIAN_POINT('',(104.25,-93.96,1.51));
#4414 = CIRCLE('',#4415,0.5);
#4415 = AXIS2_PLACEMENT_3D('',#4416,#4417,#4418);
#4416 = CARTESIAN_POINT('',(104.25,-93.46,1.51));
#4417 = DIRECTION('',(-0.,0.,-1.));
#4418 = DIRECTION('',(-0.,-1.,0.));
#4419 = FACE_BOUND('',#4420,.T.);
#4420 = EDGE_LOOP('',(#4421));
#4421 = ORIENTED_EDGE('',*,*,#4422,.T.);
#4422 = EDGE_CURVE('',#4423,#4423,#4425,.T.);
#4423 = VERTEX_POINT('',#4424);
#4424 = CARTESIAN_POINT('',(104.25,-91.42,1.51));
#4425 = CIRCLE('',#4426,0.5);
#4426 = AXIS2_PLACEMENT_3D('',#4427,#4428,#4429);
#4427 = CARTESIAN_POINT('',(104.25,-90.92,1.51));
#4428 = DIRECTION('',(-0.,0.,-1.));
#4429 = DIRECTION('',(-0.,-1.,0.));
#4430 = FACE_BOUND('',#4431,.T.);
#4431 = EDGE_LOOP('',(#4432));
#4432 = ORIENTED_EDGE('',*,*,#4433,.T.);
#4433 = EDGE_CURVE('',#4434,#4434,#4436,.T.);
#4434 = VERTEX_POINT('',#4435);
#4435 = CARTESIAN_POINT('',(104.25,-88.88,1.51));
#4436 = CIRCLE('',#4437,0.5);
#4437 = AXIS2_PLACEMENT_3D('',#4438,#4439,#4440);
#4438 = CARTESIAN_POINT('',(104.25,-88.38,1.51));
#4439 = DIRECTION('',(-0.,0.,-1.));
#4440 = DIRECTION('',(-0.,-1.,0.));
#4441 = FACE_BOUND('',#4442,.T.);
#4442 = EDGE_LOOP('',(#4443));
#4443 = ORIENTED_EDGE('',*,*,#4444,.T.);
#4444 = EDGE_CURVE('',#4445,#4445,#4447,.T.);
#4445 = VERTEX_POINT('',#4446);
#4446 = CARTESIAN_POINT('',(111.5,-99.,1.51));
#4447 = CIRCLE('',#4448,0.5);
#4448 = AXIS2_PLACEMENT_3D('',#4449,#4450,#4451);
#4449 = CARTESIAN_POINT('',(111.5,-98.5,1.51));
#4450 = DIRECTION('',(-0.,0.,-1.));
#4451 = DIRECTION('',(-0.,-1.,0.));
#4452 = FACE_BOUND('',#4453,.T.);
#4453 = EDGE_LOOP('',(#4454));
#4454 = ORIENTED_EDGE('',*,*,#4455,.T.);
#4455 = EDGE_CURVE('',#4456,#4456,#4458,.T.);
#4456 = VERTEX_POINT('',#4457);
#4457 = CARTESIAN_POINT('',(111.5,-96.5,1.51));
#4458 = CIRCLE('',#4459,0.5);
#4459 = AXIS2_PLACEMENT_3D('',#4460,#4461,#4462);
#4460 = CARTESIAN_POINT('',(111.5,-96.,1.51));
#4461 = DIRECTION('',(-0.,0.,-1.));
#4462 = DIRECTION('',(-0.,-1.,0.));
#4463 = FACE_BOUND('',#4464,.T.);
#4464 = EDGE_LOOP('',(#4465,#4476,#4484,#4493));
#4465 = ORIENTED_EDGE('',*,*,#4466,.T.);
#4466 = EDGE_CURVE('',#4467,#4469,#4471,.T.);
#4467 = VERTEX_POINT('',#4468);
#4468 = CARTESIAN_POINT('',(119.65,-103.35,1.51));
#4469 = VERTEX_POINT('',#4470);
#4470 = CARTESIAN_POINT('',(119.65,-104.85,1.51));
#4471 = CIRCLE('',#4472,0.75);
#4472 = AXIS2_PLACEMENT_3D('',#4473,#4474,#4475);
#4473 = CARTESIAN_POINT('',(119.65,-104.1,1.51));
#4474 = DIRECTION('',(-0.,0.,-1.));
#4475 = DIRECTION('',(-0.,-1.,0.));
#4476 = ORIENTED_EDGE('',*,*,#4477,.T.);
#4477 = EDGE_CURVE('',#4469,#4478,#4480,.T.);
#4478 = VERTEX_POINT('',#4479);
#4479 = CARTESIAN_POINT('',(118.35,-104.85,1.51));
#4480 = LINE('',#4481,#4482);
#4481 = CARTESIAN_POINT('',(59.175,-104.85,1.51));
#4482 = VECTOR('',#4483,1.);
#4483 = DIRECTION('',(-1.,0.,0.));
#4484 = ORIENTED_EDGE('',*,*,#4485,.T.);
#4485 = EDGE_CURVE('',#4478,#4486,#4488,.T.);
#4486 = VERTEX_POINT('',#4487);
#4487 = CARTESIAN_POINT('',(118.35,-103.35,1.51));
#4488 = CIRCLE('',#4489,0.75);
#4489 = AXIS2_PLACEMENT_3D('',#4490,#4491,#4492);
#4490 = CARTESIAN_POINT('',(118.35,-104.1,1.51));
#4491 = DIRECTION('',(-0.,0.,-1.));
#4492 = DIRECTION('',(0.,1.,0.));
#4493 = ORIENTED_EDGE('',*,*,#4494,.T.);
#4494 = EDGE_CURVE('',#4486,#4467,#4495,.T.);
#4495 = LINE('',#4496,#4497);
#4496 = CARTESIAN_POINT('',(59.825,-103.35,1.51));
#4497 = VECTOR('',#4498,1.);
#4498 = DIRECTION('',(1.,0.,-0.));
#4499 = FACE_BOUND('',#4500,.T.);
#4500 = EDGE_LOOP('',(#4501));
#4501 = ORIENTED_EDGE('',*,*,#4502,.T.);
#4502 = EDGE_CURVE('',#4503,#4503,#4505,.T.);
#4503 = VERTEX_POINT('',#4504);
#4504 = CARTESIAN_POINT('',(126.,-101.5,1.51));
#4505 = CIRCLE('',#4506,0.5);
#4506 = AXIS2_PLACEMENT_3D('',#4507,#4508,#4509);
#4507 = CARTESIAN_POINT('',(126.,-101.,1.51));
#4508 = DIRECTION('',(-0.,0.,-1.));
#4509 = DIRECTION('',(-0.,-1.,0.));
#4510 = FACE_BOUND('',#4511,.T.);
#4511 = EDGE_LOOP('',(#4512));
#4512 = ORIENTED_EDGE('',*,*,#4513,.T.);
#4513 = EDGE_CURVE('',#4514,#4514,#4516,.T.);
#4514 = VERTEX_POINT('',#4515);
#4515 = CARTESIAN_POINT('',(126.,-96.5,1.51));
#4516 = CIRCLE('',#4517,0.5);
#4517 = AXIS2_PLACEMENT_3D('',#4518,#4519,#4520);
#4518 = CARTESIAN_POINT('',(126.,-96.,1.51));
#4519 = DIRECTION('',(-0.,0.,-1.));
#4520 = DIRECTION('',(-0.,-1.,0.));
#4521 = FACE_BOUND('',#4522,.T.);
#4522 = EDGE_LOOP('',(#4523,#4534,#4542,#4551));
#4523 = ORIENTED_EDGE('',*,*,#4524,.T.);
#4524 = EDGE_CURVE('',#4525,#4527,#4529,.T.);
#4525 = VERTEX_POINT('',#4526);
#4526 = CARTESIAN_POINT('',(119.65,-92.15,1.51));
#4527 = VERTEX_POINT('',#4528);
#4528 = CARTESIAN_POINT('',(119.65,-93.65,1.51));
#4529 = CIRCLE('',#4530,0.75);
#4530 = AXIS2_PLACEMENT_3D('',#4531,#4532,#4533);
#4531 = CARTESIAN_POINT('',(119.65,-92.9,1.51));
#4532 = DIRECTION('',(-0.,0.,-1.));
#4533 = DIRECTION('',(-0.,-1.,0.));
#4534 = ORIENTED_EDGE('',*,*,#4535,.T.);
#4535 = EDGE_CURVE('',#4527,#4536,#4538,.T.);
#4536 = VERTEX_POINT('',#4537);
#4537 = CARTESIAN_POINT('',(118.35,-93.65,1.51));
#4538 = LINE('',#4539,#4540);
#4539 = CARTESIAN_POINT('',(59.175,-93.65,1.51));
#4540 = VECTOR('',#4541,1.);
#4541 = DIRECTION('',(-1.,0.,0.));
#4542 = ORIENTED_EDGE('',*,*,#4543,.T.);
#4543 = EDGE_CURVE('',#4536,#4544,#4546,.T.);
#4544 = VERTEX_POINT('',#4545);
#4545 = CARTESIAN_POINT('',(118.35,-92.15,1.51));
#4546 = CIRCLE('',#4547,0.75);
#4547 = AXIS2_PLACEMENT_3D('',#4548,#4549,#4550);
#4548 = CARTESIAN_POINT('',(118.35,-92.9,1.51));
#4549 = DIRECTION('',(-0.,0.,-1.));
#4550 = DIRECTION('',(0.,1.,0.));
#4551 = ORIENTED_EDGE('',*,*,#4552,.T.);
#4552 = EDGE_CURVE('',#4544,#4525,#4553,.T.);
#4553 = LINE('',#4554,#4555);
#4554 = CARTESIAN_POINT('',(59.825,-92.15,1.51));
#4555 = VECTOR('',#4556,1.);
#4556 = DIRECTION('',(1.,0.,-0.));
#4557 = FACE_BOUND('',#4558,.T.);
#4558 = EDGE_LOOP('',(#4559));
#4559 = ORIENTED_EDGE('',*,*,#4560,.T.);
#4560 = EDGE_CURVE('',#4561,#4561,#4563,.T.);
#4561 = VERTEX_POINT('',#4562);
#4562 = CARTESIAN_POINT('',(139.,-90.6,1.51));
#4563 = CIRCLE('',#4564,1.6);
#4564 = AXIS2_PLACEMENT_3D('',#4565,#4566,#4567);
#4565 = CARTESIAN_POINT('',(139.,-89.,1.51));
#4566 = DIRECTION('',(-0.,0.,-1.));
#4567 = DIRECTION('',(-0.,-1.,0.));
#4568 = PLANE('',#4569);
#4569 = AXIS2_PLACEMENT_3D('',#4570,#4571,#4572);
#4570 = CARTESIAN_POINT('',(0.,0.,1.51));
#4571 = DIRECTION('',(0.,0.,1.));
#4572 = DIRECTION('',(1.,0.,-0.));
#4573 = ADVANCED_FACE('',(#4574),#4580,.T.);
#4574 = FACE_BOUND('',#4575,.T.);
#4575 = EDGE_LOOP('',(#4576,#4577,#4578,#4579));
#4576 = ORIENTED_EDGE('',*,*,#119,.T.);
#4577 = ORIENTED_EDGE('',*,*,#2361,.T.);
#4578 = ORIENTED_EDGE('',*,*,#79,.F.);
#4579 = ORIENTED_EDGE('',*,*,#143,.F.);
#4580 = PLANE('',#4581);
#4581 = AXIS2_PLACEMENT_3D('',#4582,#4583,#4584);
#4582 = CARTESIAN_POINT('',(44.,-84.,0.));
#4583 = DIRECTION('',(0.,1.,0.));
#4584 = DIRECTION('',(1.,0.,0.));
#4585 = ADVANCED_FACE('',(#4586),#4597,.F.);
#4586 = FACE_BOUND('',#4587,.T.);
#4587 = EDGE_LOOP('',(#4588,#4589,#4595,#4596));
#4588 = ORIENTED_EDGE('',*,*,#152,.T.);
#4589 = ORIENTED_EDGE('',*,*,#4590,.T.);
#4590 = EDGE_CURVE('',#153,#2371,#4591,.T.);
#4591 = LINE('',#4592,#4593);
#4592 = CARTESIAN_POINT('',(48.,-180.6,-4.6E-02));
#4593 = VECTOR('',#4594,1.);
#4594 = DIRECTION('',(0.,0.,1.));
#4595 = ORIENTED_EDGE('',*,*,#2370,.F.);
#4596 = ORIENTED_EDGE('',*,*,#4590,.F.);
#4597 = CYLINDRICAL_SURFACE('',#4598,1.6);
#4598 = AXIS2_PLACEMENT_3D('',#4599,#4600,#4601);
#4599 = CARTESIAN_POINT('',(48.,-179.,-4.6E-02));
#4600 = DIRECTION('',(-0.,-0.,-1.));
#4601 = DIRECTION('',(-0.,-1.,0.));
#4602 = ADVANCED_FACE('',(#4603),#4614,.F.);
#4603 = FACE_BOUND('',#4604,.T.);
#4604 = EDGE_LOOP('',(#4605,#4606,#4612,#4613));
#4605 = ORIENTED_EDGE('',*,*,#163,.T.);
#4606 = ORIENTED_EDGE('',*,*,#4607,.T.);
#4607 = EDGE_CURVE('',#164,#2382,#4608,.T.);
#4608 = LINE('',#4609,#4610);
#4609 = CARTESIAN_POINT('',(53.38,-178.31,-4.6E-02));
#4610 = VECTOR('',#4611,1.);
#4611 = DIRECTION('',(0.,0.,1.));
#4612 = ORIENTED_EDGE('',*,*,#2381,.F.);
#4613 = ORIENTED_EDGE('',*,*,#4607,.F.);
#4614 = CYLINDRICAL_SURFACE('',#4615,0.4);
#4615 = AXIS2_PLACEMENT_3D('',#4616,#4617,#4618);
#4616 = CARTESIAN_POINT('',(53.38,-177.91,-4.6E-02));
#4617 = DIRECTION('',(-0.,0.,-1.));
#4618 = DIRECTION('',(1.7763568394E-14,-1.,-0.));
#4619 = ADVANCED_FACE('',(#4620),#4631,.F.);
#4620 = FACE_BOUND('',#4621,.T.);
#4621 = EDGE_LOOP('',(#4622,#4623,#4629,#4630));
#4622 = ORIENTED_EDGE('',*,*,#174,.T.);
#4623 = ORIENTED_EDGE('',*,*,#4624,.T.);
#4624 = EDGE_CURVE('',#175,#2393,#4625,.T.);
#4625 = LINE('',#4626,#4627);
#4626 = CARTESIAN_POINT('',(61.,-178.31,-4.6E-02));
#4627 = VECTOR('',#4628,1.);
#4628 = DIRECTION('',(0.,0.,1.));
#4629 = ORIENTED_EDGE('',*,*,#2392,.F.);
#4630 = ORIENTED_EDGE('',*,*,#4624,.F.);
#4631 = CYLINDRICAL_SURFACE('',#4632,0.4);
#4632 = AXIS2_PLACEMENT_3D('',#4633,#4634,#4635);
#4633 = CARTESIAN_POINT('',(61.,-177.91,-4.6E-02));
#4634 = DIRECTION('',(-0.,-0.,-1.));
#4635 = DIRECTION('',(-0.,-1.,0.));
#4636 = ADVANCED_FACE('',(#4637),#4653,.F.);
#4637 = FACE_BOUND('',#4638,.T.);
#4638 = EDGE_LOOP('',(#4639,#4645,#4646,#4652));
#4639 = ORIENTED_EDGE('',*,*,#4640,.T.);
#4640 = EDGE_CURVE('',#186,#2404,#4641,.T.);
#4641 = LINE('',#4642,#4643);
#4642 = CARTESIAN_POINT('',(68.743934,-177.053345,0.));
#4643 = VECTOR('',#4644,1.);
#4644 = DIRECTION('',(0.,0.,1.));
#4645 = ORIENTED_EDGE('',*,*,#2403,.T.);
#4646 = ORIENTED_EDGE('',*,*,#4647,.F.);
#4647 = EDGE_CURVE('',#188,#2406,#4648,.T.);
#4648 = LINE('',#4649,#4650);
#4649 = CARTESIAN_POINT('',(68.056655,-176.366066,0.));
#4650 = VECTOR('',#4651,1.);
#4651 = DIRECTION('',(0.,0.,1.));
#4652 = ORIENTED_EDGE('',*,*,#185,.F.);
#4653 = CYLINDRICAL_SURFACE('',#4654,0.499999603944);
#4654 = AXIS2_PLACEMENT_3D('',#4655,#4656,#4657);
#4655 = CARTESIAN_POINT('',(68.31715788946,-176.7928421105,0.));
#4656 = DIRECTION('',(-0.,-0.,-1.));
#4657 = DIRECTION('',(0.853552897188,-0.521006191616,0.));
#4658 = ADVANCED_FACE('',(#4659),#4670,.T.);
#4659 = FACE_BOUND('',#4660,.T.);
#4660 = EDGE_LOOP('',(#4661,#4667,#4668,#4669));
#4661 = ORIENTED_EDGE('',*,*,#4662,.T.);
#4662 = EDGE_CURVE('',#197,#2415,#4663,.T.);
#4663 = LINE('',#4664,#4665);
#4664 = CARTESIAN_POINT('',(68.7,-177.209647,0.));
#4665 = VECTOR('',#4666,1.);
#4666 = DIRECTION('',(0.,0.,1.));
#4667 = ORIENTED_EDGE('',*,*,#2414,.T.);
#4668 = ORIENTED_EDGE('',*,*,#4640,.F.);
#4669 = ORIENTED_EDGE('',*,*,#196,.F.);
#4670 = CYLINDRICAL_SURFACE('',#4671,0.299998582341);
#4671 = AXIS2_PLACEMENT_3D('',#4672,#4673,#4674);
#4672 = CARTESIAN_POINT('',(68.99999858234,-177.2096462446,0.));
#4673 = DIRECTION('',(0.,0.,-1.));
#4674 = DIRECTION('',(-0.999999999997,-2.517861388614E-06,-0.));
#4675 = ADVANCED_FACE('',(#4676),#4687,.T.);
#4676 = FACE_BOUND('',#4677,.T.);
#4677 = EDGE_LOOP('',(#4678,#4679,#4680,#4686));
#4678 = ORIENTED_EDGE('',*,*,#4647,.T.);
#4679 = ORIENTED_EDGE('',*,*,#2568,.T.);
#4680 = ORIENTED_EDGE('',*,*,#4681,.F.);
#4681 = EDGE_CURVE('',#343,#2561,#4682,.T.);
#4682 = LINE('',#4683,#4684);
#4683 = CARTESIAN_POINT('',(67.900353,-176.41,0.));
#4684 = VECTOR('',#4685,1.);
#4685 = DIRECTION('',(0.,0.,1.));
#4686 = ORIENTED_EDGE('',*,*,#350,.F.);
#4687 = CYLINDRICAL_SURFACE('',#4688,0.299998582341);
#4688 = AXIS2_PLACEMENT_3D('',#4689,#4690,#4691);
#4689 = CARTESIAN_POINT('',(67.900353755355,-176.1100014176,0.));
#4690 = DIRECTION('',(0.,0.,-1.));
#4691 = DIRECTION('',(0.52100661085,-0.853552641289,0.));
#4692 = ADVANCED_FACE('',(#4693),#4704,.T.);
#4693 = FACE_BOUND('',#4694,.T.);
#4694 = EDGE_LOOP('',(#4695,#4701,#4702,#4703));
#4695 = ORIENTED_EDGE('',*,*,#4696,.T.);
#4696 = EDGE_CURVE('',#206,#2424,#4697,.T.);
#4697 = LINE('',#4698,#4699);
#4698 = CARTESIAN_POINT('',(68.7,-177.91,0.));
#4699 = VECTOR('',#4700,1.);
#4700 = DIRECTION('',(0.,0.,1.));
#4701 = ORIENTED_EDGE('',*,*,#2423,.T.);
#4702 = ORIENTED_EDGE('',*,*,#4662,.F.);
#4703 = ORIENTED_EDGE('',*,*,#205,.F.);
#4704 = PLANE('',#4705);
#4705 = AXIS2_PLACEMENT_3D('',#4706,#4707,#4708);
#4706 = CARTESIAN_POINT('',(68.7,-177.91,0.));
#4707 = DIRECTION('',(-1.,0.,0.));
#4708 = DIRECTION('',(0.,1.,0.));
#4709 = ADVANCED_FACE('',(#4710),#4721,.T.);
#4710 = FACE_BOUND('',#4711,.T.);
#4711 = EDGE_LOOP('',(#4712,#4713,#4714,#4720));
#4712 = ORIENTED_EDGE('',*,*,#4681,.T.);
#4713 = ORIENTED_EDGE('',*,*,#2560,.T.);
#4714 = ORIENTED_EDGE('',*,*,#4715,.F.);
#4715 = EDGE_CURVE('',#335,#2553,#4716,.T.);
#4716 = LINE('',#4717,#4718);
#4717 = CARTESIAN_POINT('',(67.,-176.41,0.));
#4718 = VECTOR('',#4719,1.);
#4719 = DIRECTION('',(0.,0.,1.));
#4720 = ORIENTED_EDGE('',*,*,#342,.F.);
#4721 = PLANE('',#4722);
#4722 = AXIS2_PLACEMENT_3D('',#4723,#4724,#4725);
#4723 = CARTESIAN_POINT('',(67.900353,-176.41,0.));
#4724 = DIRECTION('',(0.,-1.,0.));
#4725 = DIRECTION('',(-1.,0.,0.));
#4726 = ADVANCED_FACE('',(#4727),#4738,.T.);
#4727 = FACE_BOUND('',#4728,.T.);
#4728 = EDGE_LOOP('',(#4729,#4735,#4736,#4737));
#4729 = ORIENTED_EDGE('',*,*,#4730,.T.);
#4730 = EDGE_CURVE('',#214,#2432,#4731,.T.);
#4731 = LINE('',#4732,#4733);
#4732 = CARTESIAN_POINT('',(68.7,-178.610353,0.));
#4733 = VECTOR('',#4734,1.);
#4734 = DIRECTION('',(0.,0.,1.));
#4735 = ORIENTED_EDGE('',*,*,#2431,.T.);
#4736 = ORIENTED_EDGE('',*,*,#4696,.F.);
#4737 = ORIENTED_EDGE('',*,*,#213,.F.);
#4738 = PLANE('',#4739);
#4739 = AXIS2_PLACEMENT_3D('',#4740,#4741,#4742);
#4740 = CARTESIAN_POINT('',(68.7,-178.610353,0.));
#4741 = DIRECTION('',(-1.,0.,0.));
#4742 = DIRECTION('',(0.,1.,0.));
#4743 = ADVANCED_FACE('',(#4744),#4755,.T.);
#4744 = FACE_BOUND('',#4745,.T.);
#4745 = EDGE_LOOP('',(#4746,#4747,#4748,#4754));
#4746 = ORIENTED_EDGE('',*,*,#4715,.T.);
#4747 = ORIENTED_EDGE('',*,*,#2552,.T.);
#4748 = ORIENTED_EDGE('',*,*,#4749,.F.);
#4749 = EDGE_CURVE('',#326,#2544,#4750,.T.);
#4750 = LINE('',#4751,#4752);
#4751 = CARTESIAN_POINT('',(66.099647,-176.41,0.));
#4752 = VECTOR('',#4753,1.);
#4753 = DIRECTION('',(0.,0.,1.));
#4754 = ORIENTED_EDGE('',*,*,#334,.F.);
#4755 = PLANE('',#4756);
#4756 = AXIS2_PLACEMENT_3D('',#4757,#4758,#4759);
#4757 = CARTESIAN_POINT('',(67.,-176.41,0.));
#4758 = DIRECTION('',(0.,-1.,0.));
#4759 = DIRECTION('',(-1.,0.,0.));
#4760 = ADVANCED_FACE('',(#4761),#4772,.T.);
#4761 = FACE_BOUND('',#4762,.T.);
#4762 = EDGE_LOOP('',(#4763,#4769,#4770,#4771));
#4763 = ORIENTED_EDGE('',*,*,#4764,.T.);
#4764 = EDGE_CURVE('',#222,#2440,#4765,.T.);
#4765 = LINE('',#4766,#4767);
#4766 = CARTESIAN_POINT('',(68.743934,-178.766655,0.));
#4767 = VECTOR('',#4768,1.);
#4768 = DIRECTION('',(0.,0.,1.));
#4769 = ORIENTED_EDGE('',*,*,#2439,.T.);
#4770 = ORIENTED_EDGE('',*,*,#4730,.F.);
#4771 = ORIENTED_EDGE('',*,*,#221,.F.);
#4772 = CYLINDRICAL_SURFACE('',#4773,0.299998582341);
#4773 = AXIS2_PLACEMENT_3D('',#4774,#4775,#4776);
#4774 = CARTESIAN_POINT('',(68.99999858234,-178.6103537553,0.));
#4775 = DIRECTION('',(0.,0.,-1.));
#4776 = DIRECTION('',(-0.853552641289,-0.52100661085,-0.));
#4777 = ADVANCED_FACE('',(#4778),#4789,.T.);
#4778 = FACE_BOUND('',#4779,.T.);
#4779 = EDGE_LOOP('',(#4780,#4781,#4782,#4788));
#4780 = ORIENTED_EDGE('',*,*,#4749,.T.);
#4781 = ORIENTED_EDGE('',*,*,#2543,.T.);
#4782 = ORIENTED_EDGE('',*,*,#4783,.F.);
#4783 = EDGE_CURVE('',#317,#2535,#4784,.T.);
#4784 = LINE('',#4785,#4786);
#4785 = CARTESIAN_POINT('',(65.943345,-176.366066,0.));
#4786 = VECTOR('',#4787,1.);
#4787 = DIRECTION('',(0.,0.,1.));
#4788 = ORIENTED_EDGE('',*,*,#325,.F.);
#4789 = CYLINDRICAL_SURFACE('',#4790,0.299998582341);
#4790 = AXIS2_PLACEMENT_3D('',#4791,#4792,#4793);
#4791 = CARTESIAN_POINT('',(66.099646244645,-176.1100014176,0.));
#4792 = DIRECTION('',(0.,0.,-1.));
#4793 = DIRECTION('',(2.517861530724E-06,-0.999999999997,0.));
#4794 = ADVANCED_FACE('',(#4795),#4806,.F.);
#4795 = FACE_BOUND('',#4796,.T.);
#4796 = EDGE_LOOP('',(#4797,#4803,#4804,#4805));
#4797 = ORIENTED_EDGE('',*,*,#4798,.T.);
#4798 = EDGE_CURVE('',#231,#2449,#4799,.T.);
#4799 = LINE('',#4800,#4801);
#4800 = CARTESIAN_POINT('',(68.056655,-179.453934,0.));
#4801 = VECTOR('',#4802,1.);
#4802 = DIRECTION('',(0.,0.,1.));
#4803 = ORIENTED_EDGE('',*,*,#2448,.T.);
#4804 = ORIENTED_EDGE('',*,*,#4764,.F.);
#4805 = ORIENTED_EDGE('',*,*,#230,.F.);
#4806 = CYLINDRICAL_SURFACE('',#4807,0.499999603944);
#4807 = AXIS2_PLACEMENT_3D('',#4808,#4809,#4810);
#4808 = CARTESIAN_POINT('',(68.31715788946,-179.0271578894,0.));
#4809 = DIRECTION('',(-0.,-0.,-1.));
#4810 = DIRECTION('',(-0.521006191615,-0.853552897188,0.));
#4811 = ADVANCED_FACE('',(#4812),#4823,.F.);
#4812 = FACE_BOUND('',#4813,.T.);
#4813 = EDGE_LOOP('',(#4814,#4815,#4816,#4822));
#4814 = ORIENTED_EDGE('',*,*,#4783,.T.);
#4815 = ORIENTED_EDGE('',*,*,#2534,.T.);
#4816 = ORIENTED_EDGE('',*,*,#4817,.F.);
#4817 = EDGE_CURVE('',#308,#2526,#4818,.T.);
#4818 = LINE('',#4819,#4820);
#4819 = CARTESIAN_POINT('',(65.256066,-177.053345,0.));
#4820 = VECTOR('',#4821,1.);
#4821 = DIRECTION('',(0.,0.,1.));
#4822 = ORIENTED_EDGE('',*,*,#316,.F.);
#4823 = CYLINDRICAL_SURFACE('',#4824,0.499999603944);
#4824 = AXIS2_PLACEMENT_3D('',#4825,#4826,#4827);
#4825 = CARTESIAN_POINT('',(65.68284211054,-176.7928421105,0.));
#4826 = DIRECTION('',(-0.,-0.,-1.));
#4827 = DIRECTION('',(0.521006191615,0.853552897188,-0.));
#4828 = ADVANCED_FACE('',(#4829),#4840,.T.);
#4829 = FACE_BOUND('',#4830,.T.);
#4830 = EDGE_LOOP('',(#4831,#4837,#4838,#4839));
#4831 = ORIENTED_EDGE('',*,*,#4832,.T.);
#4832 = EDGE_CURVE('',#240,#2458,#4833,.T.);
#4833 = LINE('',#4834,#4835);
#4834 = CARTESIAN_POINT('',(67.900353,-179.41,0.));
#4835 = VECTOR('',#4836,1.);
#4836 = DIRECTION('',(0.,0.,1.));
#4837 = ORIENTED_EDGE('',*,*,#2457,.T.);
#4838 = ORIENTED_EDGE('',*,*,#4798,.F.);
#4839 = ORIENTED_EDGE('',*,*,#239,.F.);
#4840 = CYLINDRICAL_SURFACE('',#4841,0.299998582341);
#4841 = AXIS2_PLACEMENT_3D('',#4842,#4843,#4844);
#4842 = CARTESIAN_POINT('',(67.900353755355,-179.7099985823,0.));
#4843 = DIRECTION('',(0.,0.,-1.));
#4844 = DIRECTION('',(-2.517861530724E-06,0.999999999997,0.));
#4845 = ADVANCED_FACE('',(#4846),#4857,.T.);
#4846 = FACE_BOUND('',#4847,.T.);
#4847 = EDGE_LOOP('',(#4848,#4849,#4850,#4856));
#4848 = ORIENTED_EDGE('',*,*,#4817,.T.);
#4849 = ORIENTED_EDGE('',*,*,#2525,.T.);
#4850 = ORIENTED_EDGE('',*,*,#4851,.F.);
#4851 = EDGE_CURVE('',#300,#2518,#4852,.T.);
#4852 = LINE('',#4853,#4854);
#4853 = CARTESIAN_POINT('',(65.3,-177.209647,0.));
#4854 = VECTOR('',#4855,1.);
#4855 = DIRECTION('',(0.,0.,1.));
#4856 = ORIENTED_EDGE('',*,*,#307,.F.);
#4857 = CYLINDRICAL_SURFACE('',#4858,0.299998582341);
#4858 = AXIS2_PLACEMENT_3D('',#4859,#4860,#4861);
#4859 = CARTESIAN_POINT('',(65.00000141766,-177.2096462446,0.));
#4860 = DIRECTION('',(0.,0.,-1.));
#4861 = DIRECTION('',(0.853552641289,0.52100661085,0.));
#4862 = ADVANCED_FACE('',(#4863),#4874,.T.);
#4863 = FACE_BOUND('',#4864,.T.);
#4864 = EDGE_LOOP('',(#4865,#4871,#4872,#4873));
#4865 = ORIENTED_EDGE('',*,*,#4866,.T.);
#4866 = EDGE_CURVE('',#249,#2467,#4867,.T.);
#4867 = LINE('',#4868,#4869);
#4868 = CARTESIAN_POINT('',(67.,-179.41,0.));
#4869 = VECTOR('',#4870,1.);
#4870 = DIRECTION('',(0.,0.,1.));
#4871 = ORIENTED_EDGE('',*,*,#2466,.T.);
#4872 = ORIENTED_EDGE('',*,*,#4832,.F.);
#4873 = ORIENTED_EDGE('',*,*,#248,.F.);
#4874 = PLANE('',#4875);
#4875 = AXIS2_PLACEMENT_3D('',#4876,#4877,#4878);
#4876 = CARTESIAN_POINT('',(67.,-179.41,0.));
#4877 = DIRECTION('',(0.,1.,0.));
#4878 = DIRECTION('',(1.,0.,0.));
#4879 = ADVANCED_FACE('',(#4880),#4891,.T.);
#4880 = FACE_BOUND('',#4881,.T.);
#4881 = EDGE_LOOP('',(#4882,#4883,#4884,#4890));
#4882 = ORIENTED_EDGE('',*,*,#4851,.T.);
#4883 = ORIENTED_EDGE('',*,*,#2517,.T.);
#4884 = ORIENTED_EDGE('',*,*,#4885,.F.);
#4885 = EDGE_CURVE('',#292,#2510,#4886,.T.);
#4886 = LINE('',#4887,#4888);
#4887 = CARTESIAN_POINT('',(65.3,-177.91,0.));
#4888 = VECTOR('',#4889,1.);
#4889 = DIRECTION('',(0.,0.,1.));
#4890 = ORIENTED_EDGE('',*,*,#299,.F.);
#4891 = PLANE('',#4892);
#4892 = AXIS2_PLACEMENT_3D('',#4893,#4894,#4895);
#4893 = CARTESIAN_POINT('',(65.3,-177.209647,0.));
#4894 = DIRECTION('',(1.,0.,-0.));
#4895 = DIRECTION('',(0.,-1.,0.));
#4896 = ADVANCED_FACE('',(#4897),#4908,.T.);
#4897 = FACE_BOUND('',#4898,.T.);
#4898 = EDGE_LOOP('',(#4899,#4905,#4906,#4907));
#4899 = ORIENTED_EDGE('',*,*,#4900,.T.);
#4900 = EDGE_CURVE('',#257,#2475,#4901,.T.);
#4901 = LINE('',#4902,#4903);
#4902 = CARTESIAN_POINT('',(66.099647,-179.41,0.));
#4903 = VECTOR('',#4904,1.);
#4904 = DIRECTION('',(0.,0.,1.));
#4905 = ORIENTED_EDGE('',*,*,#2474,.T.);
#4906 = ORIENTED_EDGE('',*,*,#4866,.F.);
#4907 = ORIENTED_EDGE('',*,*,#256,.F.);
#4908 = PLANE('',#4909);
#4909 = AXIS2_PLACEMENT_3D('',#4910,#4911,#4912);
#4910 = CARTESIAN_POINT('',(66.099647,-179.41,0.));
#4911 = DIRECTION('',(0.,1.,0.));
#4912 = DIRECTION('',(1.,0.,0.));
#4913 = ADVANCED_FACE('',(#4914),#4925,.T.);
#4914 = FACE_BOUND('',#4915,.T.);
#4915 = EDGE_LOOP('',(#4916,#4917,#4918,#4924));
#4916 = ORIENTED_EDGE('',*,*,#4885,.T.);
#4917 = ORIENTED_EDGE('',*,*,#2509,.T.);
#4918 = ORIENTED_EDGE('',*,*,#4919,.F.);
#4919 = EDGE_CURVE('',#283,#2501,#4920,.T.);
#4920 = LINE('',#4921,#4922);
#4921 = CARTESIAN_POINT('',(65.3,-178.610353,0.));
#4922 = VECTOR('',#4923,1.);
#4923 = DIRECTION('',(0.,0.,1.));
#4924 = ORIENTED_EDGE('',*,*,#291,.F.);
#4925 = PLANE('',#4926);
#4926 = AXIS2_PLACEMENT_3D('',#4927,#4928,#4929);
#4927 = CARTESIAN_POINT('',(65.3,-177.91,0.));
#4928 = DIRECTION('',(1.,0.,-0.));
#4929 = DIRECTION('',(0.,-1.,0.));
#4930 = ADVANCED_FACE('',(#4931),#4942,.T.);
#4931 = FACE_BOUND('',#4932,.T.);
#4932 = EDGE_LOOP('',(#4933,#4939,#4940,#4941));
#4933 = ORIENTED_EDGE('',*,*,#4934,.T.);
#4934 = EDGE_CURVE('',#265,#2483,#4935,.T.);
#4935 = LINE('',#4936,#4937);
#4936 = CARTESIAN_POINT('',(65.943345,-179.453934,0.));
#4937 = VECTOR('',#4938,1.);
#4938 = DIRECTION('',(0.,0.,1.));
#4939 = ORIENTED_EDGE('',*,*,#2482,.T.);
#4940 = ORIENTED_EDGE('',*,*,#4900,.F.);
#4941 = ORIENTED_EDGE('',*,*,#264,.F.);
#4942 = CYLINDRICAL_SURFACE('',#4943,0.299998582341);
#4943 = AXIS2_PLACEMENT_3D('',#4944,#4945,#4946);
#4944 = CARTESIAN_POINT('',(66.099646244645,-179.7099985823,0.));
#4945 = DIRECTION('',(0.,0.,-1.));
#4946 = DIRECTION('',(-0.52100661085,0.853552641289,0.));
#4947 = ADVANCED_FACE('',(#4948),#4959,.T.);
#4948 = FACE_BOUND('',#4949,.T.);
#4949 = EDGE_LOOP('',(#4950,#4951,#4952,#4958));
#4950 = ORIENTED_EDGE('',*,*,#4919,.T.);
#4951 = ORIENTED_EDGE('',*,*,#2500,.T.);
#4952 = ORIENTED_EDGE('',*,*,#4953,.F.);
#4953 = EDGE_CURVE('',#274,#2492,#4954,.T.);
#4954 = LINE('',#4955,#4956);
#4955 = CARTESIAN_POINT('',(65.256066,-178.766655,0.));
#4956 = VECTOR('',#4957,1.);
#4957 = DIRECTION('',(0.,0.,1.));
#4958 = ORIENTED_EDGE('',*,*,#282,.F.);
#4959 = CYLINDRICAL_SURFACE('',#4960,0.299998582341);
#4960 = AXIS2_PLACEMENT_3D('',#4961,#4962,#4963);
#4961 = CARTESIAN_POINT('',(65.00000141766,-178.6103537553,0.));
#4962 = DIRECTION('',(0.,0.,-1.));
#4963 = DIRECTION('',(0.999999999997,2.517861388614E-06,0.));
#4964 = ADVANCED_FACE('',(#4965),#4971,.F.);
#4965 = FACE_BOUND('',#4966,.T.);
#4966 = EDGE_LOOP('',(#4967,#4968,#4969,#4970));
#4967 = ORIENTED_EDGE('',*,*,#4953,.T.);
#4968 = ORIENTED_EDGE('',*,*,#2491,.T.);
#4969 = ORIENTED_EDGE('',*,*,#4934,.F.);
#4970 = ORIENTED_EDGE('',*,*,#273,.F.);
#4971 = CYLINDRICAL_SURFACE('',#4972,0.499999603944);
#4972 = AXIS2_PLACEMENT_3D('',#4973,#4974,#4975);
#4973 = CARTESIAN_POINT('',(65.68284211054,-179.0271578894,0.));
#4974 = DIRECTION('',(-0.,-0.,-1.));
#4975 = DIRECTION('',(-0.853552897188,0.521006191616,0.));
#4976 = ADVANCED_FACE('',(#4977),#4988,.F.);
#4977 = FACE_BOUND('',#4978,.T.);
#4978 = EDGE_LOOP('',(#4979,#4980,#4986,#4987));
#4979 = ORIENTED_EDGE('',*,*,#359,.T.);
#4980 = ORIENTED_EDGE('',*,*,#4981,.T.);
#4981 = EDGE_CURVE('',#360,#2578,#4982,.T.);
#4982 = LINE('',#4983,#4984);
#4983 = CARTESIAN_POINT('',(57.695,-167.41,-4.6E-02));
#4984 = VECTOR('',#4985,1.);
#4985 = DIRECTION('',(0.,0.,1.));
#4986 = ORIENTED_EDGE('',*,*,#2577,.F.);
#4987 = ORIENTED_EDGE('',*,*,#4981,.F.);
#4988 = CYLINDRICAL_SURFACE('',#4989,2.);
#4989 = AXIS2_PLACEMENT_3D('',#4990,#4991,#4992);
#4990 = CARTESIAN_POINT('',(57.695,-165.41,-4.6E-02));
#4991 = DIRECTION('',(-0.,-0.,-1.));
#4992 = DIRECTION('',(-0.,-1.,0.));
#4993 = ADVANCED_FACE('',(#4994),#5005,.F.);
#4994 = FACE_BOUND('',#4995,.T.);
#4995 = EDGE_LOOP('',(#4996,#4997,#5003,#5004));
#4996 = ORIENTED_EDGE('',*,*,#370,.T.);
#4997 = ORIENTED_EDGE('',*,*,#4998,.T.);
#4998 = EDGE_CURVE('',#371,#2589,#4999,.T.);
#4999 = LINE('',#5000,#5001);
#5000 = CARTESIAN_POINT('',(53.885,-163.62,-4.6E-02));
#5001 = VECTOR('',#5002,1.);
#5002 = DIRECTION('',(0.,0.,1.));
#5003 = ORIENTED_EDGE('',*,*,#2588,.F.);
#5004 = ORIENTED_EDGE('',*,*,#4998,.F.);
#5005 = CYLINDRICAL_SURFACE('',#5006,0.75);
#5006 = AXIS2_PLACEMENT_3D('',#5007,#5008,#5009);
#5007 = CARTESIAN_POINT('',(53.885,-162.87,-4.6E-02));
#5008 = DIRECTION('',(-0.,-0.,-1.));
#5009 = DIRECTION('',(-0.,-1.,0.));
#5010 = ADVANCED_FACE('',(#5011),#5022,.F.);
#5011 = FACE_BOUND('',#5012,.T.);
#5012 = EDGE_LOOP('',(#5013,#5014,#5020,#5021));
#5013 = ORIENTED_EDGE('',*,*,#381,.T.);
#5014 = ORIENTED_EDGE('',*,*,#5015,.T.);
#5015 = EDGE_CURVE('',#382,#2600,#5016,.T.);
#5016 = LINE('',#5017,#5018);
#5017 = CARTESIAN_POINT('',(60.235,-161.08,-4.6E-02));
#5018 = VECTOR('',#5019,1.);
#5019 = DIRECTION('',(0.,0.,1.));
#5020 = ORIENTED_EDGE('',*,*,#2599,.F.);
#5021 = ORIENTED_EDGE('',*,*,#5015,.F.);
#5022 = CYLINDRICAL_SURFACE('',#5023,0.75);
#5023 = AXIS2_PLACEMENT_3D('',#5024,#5025,#5026);
#5024 = CARTESIAN_POINT('',(60.235,-160.33,-4.6E-02));
#5025 = DIRECTION('',(-0.,-0.,-1.));
#5026 = DIRECTION('',(-0.,-1.,0.));
#5027 = ADVANCED_FACE('',(#5028),#5039,.F.);
#5028 = FACE_BOUND('',#5029,.T.);
#5029 = EDGE_LOOP('',(#5030,#5031,#5037,#5038));
#5030 = ORIENTED_EDGE('',*,*,#392,.T.);
#5031 = ORIENTED_EDGE('',*,*,#5032,.T.);
#5032 = EDGE_CURVE('',#393,#2611,#5033,.T.);
#5033 = LINE('',#5034,#5035);
#5034 = CARTESIAN_POINT('',(72.385,-177.31,-4.6E-02));
#5035 = VECTOR('',#5036,1.);
#5036 = DIRECTION('',(0.,0.,1.));
#5037 = ORIENTED_EDGE('',*,*,#2610,.F.);
#5038 = ORIENTED_EDGE('',*,*,#5032,.F.);
#5039 = CYLINDRICAL_SURFACE('',#5040,0.4);
#5040 = AXIS2_PLACEMENT_3D('',#5041,#5042,#5043);
#5041 = CARTESIAN_POINT('',(72.385,-176.91,-4.6E-02));
#5042 = DIRECTION('',(-0.,0.,-1.));
#5043 = DIRECTION('',(3.5527136788E-14,-1.,-0.));
#5044 = ADVANCED_FACE('',(#5045),#5056,.F.);
#5045 = FACE_BOUND('',#5046,.T.);
#5046 = EDGE_LOOP('',(#5047,#5048,#5054,#5055));
#5047 = ORIENTED_EDGE('',*,*,#403,.T.);
#5048 = ORIENTED_EDGE('',*,*,#5049,.T.);
#5049 = EDGE_CURVE('',#404,#2622,#5050,.T.);
#5050 = LINE('',#5051,#5052);
#5051 = CARTESIAN_POINT('',(80.005,-177.31,-4.6E-02));
#5052 = VECTOR('',#5053,1.);
#5053 = DIRECTION('',(0.,0.,1.));
#5054 = ORIENTED_EDGE('',*,*,#2621,.F.);
#5055 = ORIENTED_EDGE('',*,*,#5049,.F.);
#5056 = CYLINDRICAL_SURFACE('',#5057,0.4);
#5057 = AXIS2_PLACEMENT_3D('',#5058,#5059,#5060);
#5058 = CARTESIAN_POINT('',(80.005,-176.91,-4.6E-02));
#5059 = DIRECTION('',(-0.,-0.,-1.));
#5060 = DIRECTION('',(-0.,-1.,0.));
#5061 = ADVANCED_FACE('',(#5062),#5078,.F.);
#5062 = FACE_BOUND('',#5063,.T.);
#5063 = EDGE_LOOP('',(#5064,#5070,#5071,#5077));
#5064 = ORIENTED_EDGE('',*,*,#5065,.T.);
#5065 = EDGE_CURVE('',#415,#2633,#5066,.T.);
#5066 = LINE('',#5067,#5068);
#5067 = CARTESIAN_POINT('',(87.018934,-175.393345,0.));
#5068 = VECTOR('',#5069,1.);
#5069 = DIRECTION('',(0.,0.,1.));
#5070 = ORIENTED_EDGE('',*,*,#2632,.T.);
#5071 = ORIENTED_EDGE('',*,*,#5072,.F.);
#5072 = EDGE_CURVE('',#417,#2635,#5073,.T.);
#5073 = LINE('',#5074,#5075);
#5074 = CARTESIAN_POINT('',(86.331655,-174.706066,0.));
#5075 = VECTOR('',#5076,1.);
#5076 = DIRECTION('',(0.,0.,1.));
#5077 = ORIENTED_EDGE('',*,*,#414,.F.);
#5078 = CYLINDRICAL_SURFACE('',#5079,0.499999603944);
#5079 = AXIS2_PLACEMENT_3D('',#5080,#5081,#5082);
#5080 = CARTESIAN_POINT('',(86.59215788946,-175.1328421105,0.));
#5081 = DIRECTION('',(-0.,-0.,-1.));
#5082 = DIRECTION('',(0.853552897188,-0.521006191615,0.));
#5083 = ADVANCED_FACE('',(#5084),#5095,.T.);
#5084 = FACE_BOUND('',#5085,.T.);
#5085 = EDGE_LOOP('',(#5086,#5092,#5093,#5094));
#5086 = ORIENTED_EDGE('',*,*,#5087,.T.);
#5087 = EDGE_CURVE('',#426,#2644,#5088,.T.);
#5088 = LINE('',#5089,#5090);
#5089 = CARTESIAN_POINT('',(86.975,-175.549647,0.));
#5090 = VECTOR('',#5091,1.);
#5091 = DIRECTION('',(0.,0.,1.));
#5092 = ORIENTED_EDGE('',*,*,#2643,.T.);
#5093 = ORIENTED_EDGE('',*,*,#5065,.F.);
#5094 = ORIENTED_EDGE('',*,*,#425,.F.);
#5095 = CYLINDRICAL_SURFACE('',#5096,0.299998582341);
#5096 = AXIS2_PLACEMENT_3D('',#5097,#5098,#5099);
#5097 = CARTESIAN_POINT('',(87.27499858234,-175.5496462446,0.));
#5098 = DIRECTION('',(0.,0.,-1.));
#5099 = DIRECTION('',(-0.999999999997,-2.517861199133E-06,-0.));
#5100 = ADVANCED_FACE('',(#5101),#5112,.T.);
#5101 = FACE_BOUND('',#5102,.T.);
#5102 = EDGE_LOOP('',(#5103,#5104,#5105,#5111));
#5103 = ORIENTED_EDGE('',*,*,#5072,.T.);
#5104 = ORIENTED_EDGE('',*,*,#2797,.T.);
#5105 = ORIENTED_EDGE('',*,*,#5106,.F.);
#5106 = EDGE_CURVE('',#572,#2790,#5107,.T.);
#5107 = LINE('',#5108,#5109);
#5108 = CARTESIAN_POINT('',(86.175353,-174.75,0.));
#5109 = VECTOR('',#5110,1.);
#5110 = DIRECTION('',(0.,0.,1.));
#5111 = ORIENTED_EDGE('',*,*,#579,.F.);
#5112 = CYLINDRICAL_SURFACE('',#5113,0.299998582341);
#5113 = AXIS2_PLACEMENT_3D('',#5114,#5115,#5116);
#5114 = CARTESIAN_POINT('',(86.175353755355,-174.4500014176,0.));
#5115 = DIRECTION('',(0.,0.,-1.));
#5116 = DIRECTION('',(0.52100661085,-0.853552641289,0.));
#5117 = ADVANCED_FACE('',(#5118),#5129,.T.);
#5118 = FACE_BOUND('',#5119,.T.);
#5119 = EDGE_LOOP('',(#5120,#5126,#5127,#5128));
#5120 = ORIENTED_EDGE('',*,*,#5121,.T.);
#5121 = EDGE_CURVE('',#435,#2653,#5122,.T.);
#5122 = LINE('',#5123,#5124);
#5123 = CARTESIAN_POINT('',(86.975,-176.25,0.));
#5124 = VECTOR('',#5125,1.);
#5125 = DIRECTION('',(0.,0.,1.));
#5126 = ORIENTED_EDGE('',*,*,#2652,.T.);
#5127 = ORIENTED_EDGE('',*,*,#5087,.F.);
#5128 = ORIENTED_EDGE('',*,*,#434,.F.);
#5129 = PLANE('',#5130);
#5130 = AXIS2_PLACEMENT_3D('',#5131,#5132,#5133);
#5131 = CARTESIAN_POINT('',(86.975,-176.25,0.));
#5132 = DIRECTION('',(-1.,0.,0.));
#5133 = DIRECTION('',(0.,1.,0.));
#5134 = ADVANCED_FACE('',(#5135),#5146,.T.);
#5135 = FACE_BOUND('',#5136,.T.);
#5136 = EDGE_LOOP('',(#5137,#5138,#5139,#5145));
#5137 = ORIENTED_EDGE('',*,*,#5106,.T.);
#5138 = ORIENTED_EDGE('',*,*,#2789,.T.);
#5139 = ORIENTED_EDGE('',*,*,#5140,.F.);
#5140 = EDGE_CURVE('',#564,#2782,#5141,.T.);
#5141 = LINE('',#5142,#5143);
#5142 = CARTESIAN_POINT('',(85.275,-174.75,0.));
#5143 = VECTOR('',#5144,1.);
#5144 = DIRECTION('',(0.,0.,1.));
#5145 = ORIENTED_EDGE('',*,*,#571,.F.);
#5146 = PLANE('',#5147);
#5147 = AXIS2_PLACEMENT_3D('',#5148,#5149,#5150);
#5148 = CARTESIAN_POINT('',(86.175353,-174.75,0.));
#5149 = DIRECTION('',(0.,-1.,0.));
#5150 = DIRECTION('',(-1.,0.,0.));
#5151 = ADVANCED_FACE('',(#5152),#5163,.T.);
#5152 = FACE_BOUND('',#5153,.T.);
#5153 = EDGE_LOOP('',(#5154,#5160,#5161,#5162));
#5154 = ORIENTED_EDGE('',*,*,#5155,.T.);
#5155 = EDGE_CURVE('',#443,#2661,#5156,.T.);
#5156 = LINE('',#5157,#5158);
#5157 = CARTESIAN_POINT('',(86.975,-176.950353,0.));
#5158 = VECTOR('',#5159,1.);
#5159 = DIRECTION('',(0.,0.,1.));
#5160 = ORIENTED_EDGE('',*,*,#2660,.T.);
#5161 = ORIENTED_EDGE('',*,*,#5121,.F.);
#5162 = ORIENTED_EDGE('',*,*,#442,.F.);
#5163 = PLANE('',#5164);
#5164 = AXIS2_PLACEMENT_3D('',#5165,#5166,#5167);
#5165 = CARTESIAN_POINT('',(86.975,-176.950353,0.));
#5166 = DIRECTION('',(-1.,0.,0.));
#5167 = DIRECTION('',(0.,1.,0.));
#5168 = ADVANCED_FACE('',(#5169),#5180,.T.);
#5169 = FACE_BOUND('',#5170,.T.);
#5170 = EDGE_LOOP('',(#5171,#5172,#5173,#5179));
#5171 = ORIENTED_EDGE('',*,*,#5140,.T.);
#5172 = ORIENTED_EDGE('',*,*,#2781,.T.);
#5173 = ORIENTED_EDGE('',*,*,#5174,.F.);
#5174 = EDGE_CURVE('',#555,#2773,#5175,.T.);
#5175 = LINE('',#5176,#5177);
#5176 = CARTESIAN_POINT('',(84.374647,-174.75,0.));
#5177 = VECTOR('',#5178,1.);
#5178 = DIRECTION('',(0.,0.,1.));
#5179 = ORIENTED_EDGE('',*,*,#563,.F.);
#5180 = PLANE('',#5181);
#5181 = AXIS2_PLACEMENT_3D('',#5182,#5183,#5184);
#5182 = CARTESIAN_POINT('',(85.275,-174.75,0.));
#5183 = DIRECTION('',(0.,-1.,0.));
#5184 = DIRECTION('',(-1.,0.,0.));
#5185 = ADVANCED_FACE('',(#5186),#5197,.T.);
#5186 = FACE_BOUND('',#5187,.T.);
#5187 = EDGE_LOOP('',(#5188,#5194,#5195,#5196));
#5188 = ORIENTED_EDGE('',*,*,#5189,.T.);
#5189 = EDGE_CURVE('',#451,#2669,#5190,.T.);
#5190 = LINE('',#5191,#5192);
#5191 = CARTESIAN_POINT('',(87.018934,-177.106655,0.));
#5192 = VECTOR('',#5193,1.);
#5193 = DIRECTION('',(0.,0.,1.));
#5194 = ORIENTED_EDGE('',*,*,#2668,.T.);
#5195 = ORIENTED_EDGE('',*,*,#5155,.F.);
#5196 = ORIENTED_EDGE('',*,*,#450,.F.);
#5197 = CYLINDRICAL_SURFACE('',#5198,0.299998582341);
#5198 = AXIS2_PLACEMENT_3D('',#5199,#5200,#5201);
#5199 = CARTESIAN_POINT('',(87.27499858234,-176.9503537553,0.));
#5200 = DIRECTION('',(0.,0.,-1.));
#5201 = DIRECTION('',(-0.853552641289,-0.521006610849,-0.));
#5202 = ADVANCED_FACE('',(#5203),#5214,.T.);
#5203 = FACE_BOUND('',#5204,.T.);
#5204 = EDGE_LOOP('',(#5205,#5206,#5207,#5213));
#5205 = ORIENTED_EDGE('',*,*,#5174,.T.);
#5206 = ORIENTED_EDGE('',*,*,#2772,.T.);
#5207 = ORIENTED_EDGE('',*,*,#5208,.F.);
#5208 = EDGE_CURVE('',#546,#2764,#5209,.T.);
#5209 = LINE('',#5210,#5211);
#5210 = CARTESIAN_POINT('',(84.218345,-174.706066,0.));
#5211 = VECTOR('',#5212,1.);
#5212 = DIRECTION('',(0.,0.,1.));
#5213 = ORIENTED_EDGE('',*,*,#554,.F.);
#5214 = CYLINDRICAL_SURFACE('',#5215,0.299998582341);
#5215 = AXIS2_PLACEMENT_3D('',#5216,#5217,#5218);
#5216 = CARTESIAN_POINT('',(84.374646244645,-174.4500014176,0.));
#5217 = DIRECTION('',(0.,0.,-1.));
#5218 = DIRECTION('',(2.517861483354E-06,-0.999999999997,0.));
#5219 = ADVANCED_FACE('',(#5220),#5231,.F.);
#5220 = FACE_BOUND('',#5221,.T.);
#5221 = EDGE_LOOP('',(#5222,#5228,#5229,#5230));
#5222 = ORIENTED_EDGE('',*,*,#5223,.T.);
#5223 = EDGE_CURVE('',#460,#2678,#5224,.T.);
#5224 = LINE('',#5225,#5226);
#5225 = CARTESIAN_POINT('',(86.331655,-177.793934,0.));
#5226 = VECTOR('',#5227,1.);
#5227 = DIRECTION('',(0.,0.,1.));
#5228 = ORIENTED_EDGE('',*,*,#2677,.T.);
#5229 = ORIENTED_EDGE('',*,*,#5189,.F.);
#5230 = ORIENTED_EDGE('',*,*,#459,.F.);
#5231 = CYLINDRICAL_SURFACE('',#5232,0.499999603944);
#5232 = AXIS2_PLACEMENT_3D('',#5233,#5234,#5235);
#5233 = CARTESIAN_POINT('',(86.59215788946,-177.3671578894,0.));
#5234 = DIRECTION('',(-0.,-0.,-1.));
#5235 = DIRECTION('',(-0.521006191615,-0.853552897188,0.));
#5236 = ADVANCED_FACE('',(#5237),#5248,.F.);
#5237 = FACE_BOUND('',#5238,.T.);
#5238 = EDGE_LOOP('',(#5239,#5240,#5241,#5247));
#5239 = ORIENTED_EDGE('',*,*,#5208,.T.);
#5240 = ORIENTED_EDGE('',*,*,#2763,.T.);
#5241 = ORIENTED_EDGE('',*,*,#5242,.F.);
#5242 = EDGE_CURVE('',#537,#2755,#5243,.T.);
#5243 = LINE('',#5244,#5245);
#5244 = CARTESIAN_POINT('',(83.531066,-175.393345,0.));
#5245 = VECTOR('',#5246,1.);
#5246 = DIRECTION('',(0.,0.,1.));
#5247 = ORIENTED_EDGE('',*,*,#545,.F.);
#5248 = CYLINDRICAL_SURFACE('',#5249,0.499999603944);
#5249 = AXIS2_PLACEMENT_3D('',#5250,#5251,#5252);
#5250 = CARTESIAN_POINT('',(83.95784211054,-175.1328421105,0.));
#5251 = DIRECTION('',(-0.,-0.,-1.));
#5252 = DIRECTION('',(0.521006191615,0.853552897188,-0.));
#5253 = ADVANCED_FACE('',(#5254),#5265,.T.);
#5254 = FACE_BOUND('',#5255,.T.);
#5255 = EDGE_LOOP('',(#5256,#5262,#5263,#5264));
#5256 = ORIENTED_EDGE('',*,*,#5257,.T.);
#5257 = EDGE_CURVE('',#469,#2687,#5258,.T.);
#5258 = LINE('',#5259,#5260);
#5259 = CARTESIAN_POINT('',(86.175353,-177.75,0.));
#5260 = VECTOR('',#5261,1.);
#5261 = DIRECTION('',(0.,0.,1.));
#5262 = ORIENTED_EDGE('',*,*,#2686,.T.);
#5263 = ORIENTED_EDGE('',*,*,#5223,.F.);
#5264 = ORIENTED_EDGE('',*,*,#468,.F.);
#5265 = CYLINDRICAL_SURFACE('',#5266,0.299998582341);
#5266 = AXIS2_PLACEMENT_3D('',#5267,#5268,#5269);
#5267 = CARTESIAN_POINT('',(86.175353755355,-178.0499985823,0.));
#5268 = DIRECTION('',(0.,0.,-1.));
#5269 = DIRECTION('',(-2.517861578095E-06,0.999999999997,0.));
#5270 = ADVANCED_FACE('',(#5271),#5282,.T.);
#5271 = FACE_BOUND('',#5272,.T.);
#5272 = EDGE_LOOP('',(#5273,#5274,#5275,#5281));
#5273 = ORIENTED_EDGE('',*,*,#5242,.T.);
#5274 = ORIENTED_EDGE('',*,*,#2754,.T.);
#5275 = ORIENTED_EDGE('',*,*,#5276,.F.);
#5276 = EDGE_CURVE('',#529,#2747,#5277,.T.);
#5277 = LINE('',#5278,#5279);
#5278 = CARTESIAN_POINT('',(83.575,-175.549647,0.));
#5279 = VECTOR('',#5280,1.);
#5280 = DIRECTION('',(0.,0.,1.));
#5281 = ORIENTED_EDGE('',*,*,#536,.F.);
#5282 = CYLINDRICAL_SURFACE('',#5283,0.299998582341);
#5283 = AXIS2_PLACEMENT_3D('',#5284,#5285,#5286);
#5284 = CARTESIAN_POINT('',(83.27500141766,-175.5496462446,0.));
#5285 = DIRECTION('',(0.,0.,-1.));
#5286 = DIRECTION('',(0.853552641289,0.52100661085,0.));
#5287 = ADVANCED_FACE('',(#5288),#5299,.T.);
#5288 = FACE_BOUND('',#5289,.T.);
#5289 = EDGE_LOOP('',(#5290,#5296,#5297,#5298));
#5290 = ORIENTED_EDGE('',*,*,#5291,.T.);
#5291 = EDGE_CURVE('',#478,#2696,#5292,.T.);
#5292 = LINE('',#5293,#5294);
#5293 = CARTESIAN_POINT('',(85.275,-177.75,0.));
#5294 = VECTOR('',#5295,1.);
#5295 = DIRECTION('',(0.,0.,1.));
#5296 = ORIENTED_EDGE('',*,*,#2695,.T.);
#5297 = ORIENTED_EDGE('',*,*,#5257,.F.);
#5298 = ORIENTED_EDGE('',*,*,#477,.F.);
#5299 = PLANE('',#5300);
#5300 = AXIS2_PLACEMENT_3D('',#5301,#5302,#5303);
#5301 = CARTESIAN_POINT('',(85.275,-177.75,0.));
#5302 = DIRECTION('',(0.,1.,0.));
#5303 = DIRECTION('',(1.,0.,0.));
#5304 = ADVANCED_FACE('',(#5305),#5316,.T.);
#5305 = FACE_BOUND('',#5306,.T.);
#5306 = EDGE_LOOP('',(#5307,#5308,#5309,#5315));
#5307 = ORIENTED_EDGE('',*,*,#5276,.T.);
#5308 = ORIENTED_EDGE('',*,*,#2746,.T.);
#5309 = ORIENTED_EDGE('',*,*,#5310,.F.);
#5310 = EDGE_CURVE('',#521,#2739,#5311,.T.);
#5311 = LINE('',#5312,#5313);
#5312 = CARTESIAN_POINT('',(83.575,-176.25,0.));
#5313 = VECTOR('',#5314,1.);
#5314 = DIRECTION('',(0.,0.,1.));
#5315 = ORIENTED_EDGE('',*,*,#528,.F.);
#5316 = PLANE('',#5317);
#5317 = AXIS2_PLACEMENT_3D('',#5318,#5319,#5320);
#5318 = CARTESIAN_POINT('',(83.575,-175.549647,0.));
#5319 = DIRECTION('',(1.,0.,-0.));
#5320 = DIRECTION('',(0.,-1.,0.));
#5321 = ADVANCED_FACE('',(#5322),#5333,.T.);
#5322 = FACE_BOUND('',#5323,.T.);
#5323 = EDGE_LOOP('',(#5324,#5330,#5331,#5332));
#5324 = ORIENTED_EDGE('',*,*,#5325,.T.);
#5325 = EDGE_CURVE('',#486,#2704,#5326,.T.);
#5326 = LINE('',#5327,#5328);
#5327 = CARTESIAN_POINT('',(84.374647,-177.75,0.));
#5328 = VECTOR('',#5329,1.);
#5329 = DIRECTION('',(0.,0.,1.));
#5330 = ORIENTED_EDGE('',*,*,#2703,.T.);
#5331 = ORIENTED_EDGE('',*,*,#5291,.F.);
#5332 = ORIENTED_EDGE('',*,*,#485,.F.);
#5333 = PLANE('',#5334);
#5334 = AXIS2_PLACEMENT_3D('',#5335,#5336,#5337);
#5335 = CARTESIAN_POINT('',(84.374647,-177.75,0.));
#5336 = DIRECTION('',(0.,1.,0.));
#5337 = DIRECTION('',(1.,0.,0.));
#5338 = ADVANCED_FACE('',(#5339),#5350,.T.);
#5339 = FACE_BOUND('',#5340,.T.);
#5340 = EDGE_LOOP('',(#5341,#5342,#5343,#5349));
#5341 = ORIENTED_EDGE('',*,*,#5310,.T.);
#5342 = ORIENTED_EDGE('',*,*,#2738,.T.);
#5343 = ORIENTED_EDGE('',*,*,#5344,.F.);
#5344 = EDGE_CURVE('',#512,#2730,#5345,.T.);
#5345 = LINE('',#5346,#5347);
#5346 = CARTESIAN_POINT('',(83.575,-176.950353,0.));
#5347 = VECTOR('',#5348,1.);
#5348 = DIRECTION('',(0.,0.,1.));
#5349 = ORIENTED_EDGE('',*,*,#520,.F.);
#5350 = PLANE('',#5351);
#5351 = AXIS2_PLACEMENT_3D('',#5352,#5353,#5354);
#5352 = CARTESIAN_POINT('',(83.575,-176.25,0.));
#5353 = DIRECTION('',(1.,0.,-0.));
#5354 = DIRECTION('',(0.,-1.,0.));
#5355 = ADVANCED_FACE('',(#5356),#5367,.T.);
#5356 = FACE_BOUND('',#5357,.T.);
#5357 = EDGE_LOOP('',(#5358,#5364,#5365,#5366));
#5358 = ORIENTED_EDGE('',*,*,#5359,.T.);
#5359 = EDGE_CURVE('',#494,#2712,#5360,.T.);
#5360 = LINE('',#5361,#5362);
#5361 = CARTESIAN_POINT('',(84.218345,-177.793934,0.));
#5362 = VECTOR('',#5363,1.);
#5363 = DIRECTION('',(0.,0.,1.));
#5364 = ORIENTED_EDGE('',*,*,#2711,.T.);
#5365 = ORIENTED_EDGE('',*,*,#5325,.F.);
#5366 = ORIENTED_EDGE('',*,*,#493,.F.);
#5367 = CYLINDRICAL_SURFACE('',#5368,0.299998582341);
#5368 = AXIS2_PLACEMENT_3D('',#5369,#5370,#5371);
#5369 = CARTESIAN_POINT('',(84.374646244645,-178.0499985823,0.));
#5370 = DIRECTION('',(0.,0.,-1.));
#5371 = DIRECTION('',(-0.52100661085,0.853552641289,0.));
#5372 = ADVANCED_FACE('',(#5373),#5384,.T.);
#5373 = FACE_BOUND('',#5374,.T.);
#5374 = EDGE_LOOP('',(#5375,#5376,#5377,#5383));
#5375 = ORIENTED_EDGE('',*,*,#5344,.T.);
#5376 = ORIENTED_EDGE('',*,*,#2729,.T.);
#5377 = ORIENTED_EDGE('',*,*,#5378,.F.);
#5378 = EDGE_CURVE('',#503,#2721,#5379,.T.);
#5379 = LINE('',#5380,#5381);
#5380 = CARTESIAN_POINT('',(83.531066,-177.106655,0.));
#5381 = VECTOR('',#5382,1.);
#5382 = DIRECTION('',(0.,0.,1.));
#5383 = ORIENTED_EDGE('',*,*,#511,.F.);
#5384 = CYLINDRICAL_SURFACE('',#5385,0.299998582341);
#5385 = AXIS2_PLACEMENT_3D('',#5386,#5387,#5388);
#5386 = CARTESIAN_POINT('',(83.27500141766,-176.9503537553,0.));
#5387 = DIRECTION('',(0.,0.,-1.));
#5388 = DIRECTION('',(0.999999999997,2.517861199133E-06,0.));
#5389 = ADVANCED_FACE('',(#5390),#5396,.F.);
#5390 = FACE_BOUND('',#5391,.T.);
#5391 = EDGE_LOOP('',(#5392,#5393,#5394,#5395));
#5392 = ORIENTED_EDGE('',*,*,#5378,.T.);
#5393 = ORIENTED_EDGE('',*,*,#2720,.T.);
#5394 = ORIENTED_EDGE('',*,*,#5359,.F.);
#5395 = ORIENTED_EDGE('',*,*,#502,.F.);
#5396 = CYLINDRICAL_SURFACE('',#5397,0.499999603944);
#5397 = AXIS2_PLACEMENT_3D('',#5398,#5399,#5400);
#5398 = CARTESIAN_POINT('',(83.95784211054,-177.3671578894,0.));
#5399 = DIRECTION('',(-0.,-0.,-1.));
#5400 = DIRECTION('',(-0.853552897188,0.521006191615,0.));
#5401 = ADVANCED_FACE('',(#5402),#5413,.F.);
#5402 = FACE_BOUND('',#5403,.T.);
#5403 = EDGE_LOOP('',(#5404,#5405,#5411,#5412));
#5404 = ORIENTED_EDGE('',*,*,#588,.T.);
#5405 = ORIENTED_EDGE('',*,*,#5406,.T.);
#5406 = EDGE_CURVE('',#589,#2807,#5407,.T.);
#5407 = LINE('',#5408,#5409);
#5408 = CARTESIAN_POINT('',(79.92,-166.91,-4.6E-02));
#5409 = VECTOR('',#5410,1.);
#5410 = DIRECTION('',(0.,0.,1.));
#5411 = ORIENTED_EDGE('',*,*,#2806,.F.);
#5412 = ORIENTED_EDGE('',*,*,#5406,.F.);
#5413 = CYLINDRICAL_SURFACE('',#5414,2.);
#5414 = AXIS2_PLACEMENT_3D('',#5415,#5416,#5417);
#5415 = CARTESIAN_POINT('',(79.92,-164.91,-4.6E-02));
#5416 = DIRECTION('',(-0.,-0.,-1.));
#5417 = DIRECTION('',(-0.,-1.,0.));
#5418 = ADVANCED_FACE('',(#5419),#5430,.F.);
#5419 = FACE_BOUND('',#5420,.T.);
#5420 = EDGE_LOOP('',(#5421,#5422,#5428,#5429));
#5421 = ORIENTED_EDGE('',*,*,#599,.T.);
#5422 = ORIENTED_EDGE('',*,*,#5423,.T.);
#5423 = EDGE_CURVE('',#600,#2818,#5424,.T.);
#5424 = LINE('',#5425,#5426);
#5425 = CARTESIAN_POINT('',(76.11,-163.12,-4.6E-02));
#5426 = VECTOR('',#5427,1.);
#5427 = DIRECTION('',(0.,0.,1.));
#5428 = ORIENTED_EDGE('',*,*,#2817,.F.);
#5429 = ORIENTED_EDGE('',*,*,#5423,.F.);
#5430 = CYLINDRICAL_SURFACE('',#5431,0.75);
#5431 = AXIS2_PLACEMENT_3D('',#5432,#5433,#5434);
#5432 = CARTESIAN_POINT('',(76.11,-162.37,-4.6E-02));
#5433 = DIRECTION('',(-0.,-0.,-1.));
#5434 = DIRECTION('',(-0.,-1.,0.));
#5435 = ADVANCED_FACE('',(#5436),#5447,.F.);
#5436 = FACE_BOUND('',#5437,.T.);
#5437 = EDGE_LOOP('',(#5438,#5439,#5445,#5446));
#5438 = ORIENTED_EDGE('',*,*,#610,.T.);
#5439 = ORIENTED_EDGE('',*,*,#5440,.T.);
#5440 = EDGE_CURVE('',#611,#2829,#5441,.T.);
#5441 = LINE('',#5442,#5443);
#5442 = CARTESIAN_POINT('',(82.46,-160.58,-4.6E-02));
#5443 = VECTOR('',#5444,1.);
#5444 = DIRECTION('',(0.,0.,1.));
#5445 = ORIENTED_EDGE('',*,*,#2828,.F.);
#5446 = ORIENTED_EDGE('',*,*,#5440,.F.);
#5447 = CYLINDRICAL_SURFACE('',#5448,0.75);
#5448 = AXIS2_PLACEMENT_3D('',#5449,#5450,#5451);
#5449 = CARTESIAN_POINT('',(82.46,-159.83,-4.6E-02));
#5450 = DIRECTION('',(-0.,-0.,-1.));
#5451 = DIRECTION('',(-0.,-1.,0.));
#5452 = ADVANCED_FACE('',(#5453),#5464,.F.);
#5453 = FACE_BOUND('',#5454,.T.);
#5454 = EDGE_LOOP('',(#5455,#5456,#5462,#5463));
#5455 = ORIENTED_EDGE('',*,*,#621,.T.);
#5456 = ORIENTED_EDGE('',*,*,#5457,.T.);
#5457 = EDGE_CURVE('',#622,#2840,#5458,.T.);
#5458 = LINE('',#5459,#5460);
#5459 = CARTESIAN_POINT('',(49.465,-150.23,-4.6E-02));
#5460 = VECTOR('',#5461,1.);
#5461 = DIRECTION('',(0.,0.,1.));
#5462 = ORIENTED_EDGE('',*,*,#2839,.F.);
#5463 = ORIENTED_EDGE('',*,*,#5457,.F.);
#5464 = CYLINDRICAL_SURFACE('',#5465,0.4);
#5465 = AXIS2_PLACEMENT_3D('',#5466,#5467,#5468);
#5466 = CARTESIAN_POINT('',(49.465,-149.83,-4.6E-02));
#5467 = DIRECTION('',(-0.,-0.,-1.));
#5468 = DIRECTION('',(-0.,-1.,0.));
#5469 = ADVANCED_FACE('',(#5470),#5481,.F.);
#5470 = FACE_BOUND('',#5471,.T.);
#5471 = EDGE_LOOP('',(#5472,#5473,#5479,#5480));
#5472 = ORIENTED_EDGE('',*,*,#632,.T.);
#5473 = ORIENTED_EDGE('',*,*,#5474,.T.);
#5474 = EDGE_CURVE('',#633,#2851,#5475,.T.);
#5475 = LINE('',#5476,#5477);
#5476 = CARTESIAN_POINT('',(57.085,-150.23,-4.6E-02));
#5477 = VECTOR('',#5478,1.);
#5478 = DIRECTION('',(0.,0.,1.));
#5479 = ORIENTED_EDGE('',*,*,#2850,.F.);
#5480 = ORIENTED_EDGE('',*,*,#5474,.F.);
#5481 = CYLINDRICAL_SURFACE('',#5482,0.4);
#5482 = AXIS2_PLACEMENT_3D('',#5483,#5484,#5485);
#5483 = CARTESIAN_POINT('',(57.085,-149.83,-4.6E-02));
#5484 = DIRECTION('',(-0.,-0.,-1.));
#5485 = DIRECTION('',(-0.,-1.,0.));
#5486 = ADVANCED_FACE('',(#5487),#5503,.F.);
#5487 = FACE_BOUND('',#5488,.T.);
#5488 = EDGE_LOOP('',(#5489,#5495,#5496,#5502));
#5489 = ORIENTED_EDGE('',*,*,#5490,.T.);
#5490 = EDGE_CURVE('',#644,#2862,#5491,.T.);
#5491 = LINE('',#5492,#5493);
#5492 = CARTESIAN_POINT('',(64.018934,-148.893345,0.));
#5493 = VECTOR('',#5494,1.);
#5494 = DIRECTION('',(0.,0.,1.));
#5495 = ORIENTED_EDGE('',*,*,#2861,.T.);
#5496 = ORIENTED_EDGE('',*,*,#5497,.F.);
#5497 = EDGE_CURVE('',#646,#2864,#5498,.T.);
#5498 = LINE('',#5499,#5500);
#5499 = CARTESIAN_POINT('',(63.331655,-148.206066,0.));
#5500 = VECTOR('',#5501,1.);
#5501 = DIRECTION('',(0.,0.,1.));
#5502 = ORIENTED_EDGE('',*,*,#643,.F.);
#5503 = CYLINDRICAL_SURFACE('',#5504,0.499999603944);
#5504 = AXIS2_PLACEMENT_3D('',#5505,#5506,#5507);
#5505 = CARTESIAN_POINT('',(63.59215788946,-148.6328421105,0.));
#5506 = DIRECTION('',(-0.,-0.,-1.));
#5507 = DIRECTION('',(0.853552897188,-0.521006191615,0.));
#5508 = ADVANCED_FACE('',(#5509),#5520,.T.);
#5509 = FACE_BOUND('',#5510,.T.);
#5510 = EDGE_LOOP('',(#5511,#5517,#5518,#5519));
#5511 = ORIENTED_EDGE('',*,*,#5512,.T.);
#5512 = EDGE_CURVE('',#655,#2873,#5513,.T.);
#5513 = LINE('',#5514,#5515);
#5514 = CARTESIAN_POINT('',(63.975,-149.049647,0.));
#5515 = VECTOR('',#5516,1.);
#5516 = DIRECTION('',(0.,0.,1.));
#5517 = ORIENTED_EDGE('',*,*,#2872,.T.);
#5518 = ORIENTED_EDGE('',*,*,#5490,.F.);
#5519 = ORIENTED_EDGE('',*,*,#654,.F.);
#5520 = CYLINDRICAL_SURFACE('',#5521,0.299998582341);
#5521 = AXIS2_PLACEMENT_3D('',#5522,#5523,#5524);
#5522 = CARTESIAN_POINT('',(64.27499858234,-149.0496462446,0.));
#5523 = DIRECTION('',(0.,0.,-1.));
#5524 = DIRECTION('',(-0.999999999997,-2.517861388613E-06,-0.));
#5525 = ADVANCED_FACE('',(#5526),#5537,.T.);
#5526 = FACE_BOUND('',#5527,.T.);
#5527 = EDGE_LOOP('',(#5528,#5529,#5530,#5536));
#5528 = ORIENTED_EDGE('',*,*,#5497,.T.);
#5529 = ORIENTED_EDGE('',*,*,#3026,.T.);
#5530 = ORIENTED_EDGE('',*,*,#5531,.F.);
#5531 = EDGE_CURVE('',#801,#3019,#5532,.T.);
#5532 = LINE('',#5533,#5534);
#5533 = CARTESIAN_POINT('',(63.175353,-148.25,0.));
#5534 = VECTOR('',#5535,1.);
#5535 = DIRECTION('',(0.,0.,1.));
#5536 = ORIENTED_EDGE('',*,*,#808,.F.);
#5537 = CYLINDRICAL_SURFACE('',#5538,0.299998582341);
#5538 = AXIS2_PLACEMENT_3D('',#5539,#5540,#5541);
#5539 = CARTESIAN_POINT('',(63.175353755355,-147.9500014176,0.));
#5540 = DIRECTION('',(0.,0.,-1.));
#5541 = DIRECTION('',(0.52100661085,-0.853552641289,0.));
#5542 = ADVANCED_FACE('',(#5543),#5554,.T.);
#5543 = FACE_BOUND('',#5544,.T.);
#5544 = EDGE_LOOP('',(#5545,#5551,#5552,#5553));
#5545 = ORIENTED_EDGE('',*,*,#5546,.T.);
#5546 = EDGE_CURVE('',#664,#2882,#5547,.T.);
#5547 = LINE('',#5548,#5549);
#5548 = CARTESIAN_POINT('',(63.975,-149.75,0.));
#5549 = VECTOR('',#5550,1.);
#5550 = DIRECTION('',(0.,0.,1.));
#5551 = ORIENTED_EDGE('',*,*,#2881,.T.);
#5552 = ORIENTED_EDGE('',*,*,#5512,.F.);
#5553 = ORIENTED_EDGE('',*,*,#663,.F.);
#5554 = PLANE('',#5555);
#5555 = AXIS2_PLACEMENT_3D('',#5556,#5557,#5558);
#5556 = CARTESIAN_POINT('',(63.975,-149.75,0.));
#5557 = DIRECTION('',(-1.,0.,0.));
#5558 = DIRECTION('',(0.,1.,0.));
#5559 = ADVANCED_FACE('',(#5560),#5571,.T.);
#5560 = FACE_BOUND('',#5561,.T.);
#5561 = EDGE_LOOP('',(#5562,#5563,#5564,#5570));
#5562 = ORIENTED_EDGE('',*,*,#5531,.T.);
#5563 = ORIENTED_EDGE('',*,*,#3018,.T.);
#5564 = ORIENTED_EDGE('',*,*,#5565,.F.);
#5565 = EDGE_CURVE('',#793,#3011,#5566,.T.);
#5566 = LINE('',#5567,#5568);
#5567 = CARTESIAN_POINT('',(62.275,-148.25,0.));
#5568 = VECTOR('',#5569,1.);
#5569 = DIRECTION('',(0.,0.,1.));
#5570 = ORIENTED_EDGE('',*,*,#800,.F.);
#5571 = PLANE('',#5572);
#5572 = AXIS2_PLACEMENT_3D('',#5573,#5574,#5575);
#5573 = CARTESIAN_POINT('',(63.175353,-148.25,0.));
#5574 = DIRECTION('',(0.,-1.,0.));
#5575 = DIRECTION('',(-1.,0.,0.));
#5576 = ADVANCED_FACE('',(#5577),#5588,.T.);
#5577 = FACE_BOUND('',#5578,.T.);
#5578 = EDGE_LOOP('',(#5579,#5585,#5586,#5587));
#5579 = ORIENTED_EDGE('',*,*,#5580,.T.);
#5580 = EDGE_CURVE('',#672,#2890,#5581,.T.);
#5581 = LINE('',#5582,#5583);
#5582 = CARTESIAN_POINT('',(63.975,-150.450353,0.));
#5583 = VECTOR('',#5584,1.);
#5584 = DIRECTION('',(0.,0.,1.));
#5585 = ORIENTED_EDGE('',*,*,#2889,.T.);
#5586 = ORIENTED_EDGE('',*,*,#5546,.F.);
#5587 = ORIENTED_EDGE('',*,*,#671,.F.);
#5588 = PLANE('',#5589);
#5589 = AXIS2_PLACEMENT_3D('',#5590,#5591,#5592);
#5590 = CARTESIAN_POINT('',(63.975,-150.450353,0.));
#5591 = DIRECTION('',(-1.,0.,0.));
#5592 = DIRECTION('',(0.,1.,0.));
#5593 = ADVANCED_FACE('',(#5594),#5605,.T.);
#5594 = FACE_BOUND('',#5595,.T.);
#5595 = EDGE_LOOP('',(#5596,#5597,#5598,#5604));
#5596 = ORIENTED_EDGE('',*,*,#5565,.T.);
#5597 = ORIENTED_EDGE('',*,*,#3010,.T.);
#5598 = ORIENTED_EDGE('',*,*,#5599,.F.);
#5599 = EDGE_CURVE('',#784,#3002,#5600,.T.);
#5600 = LINE('',#5601,#5602);
#5601 = CARTESIAN_POINT('',(61.374647,-148.25,0.));
#5602 = VECTOR('',#5603,1.);
#5603 = DIRECTION('',(0.,0.,1.));
#5604 = ORIENTED_EDGE('',*,*,#792,.F.);
#5605 = PLANE('',#5606);
#5606 = AXIS2_PLACEMENT_3D('',#5607,#5608,#5609);
#5607 = CARTESIAN_POINT('',(62.275,-148.25,0.));
#5608 = DIRECTION('',(0.,-1.,0.));
#5609 = DIRECTION('',(-1.,0.,0.));
#5610 = ADVANCED_FACE('',(#5611),#5622,.T.);
#5611 = FACE_BOUND('',#5612,.T.);
#5612 = EDGE_LOOP('',(#5613,#5619,#5620,#5621));
#5613 = ORIENTED_EDGE('',*,*,#5614,.T.);
#5614 = EDGE_CURVE('',#680,#2898,#5615,.T.);
#5615 = LINE('',#5616,#5617);
#5616 = CARTESIAN_POINT('',(64.018934,-150.606655,0.));
#5617 = VECTOR('',#5618,1.);
#5618 = DIRECTION('',(0.,0.,1.));
#5619 = ORIENTED_EDGE('',*,*,#2897,.T.);
#5620 = ORIENTED_EDGE('',*,*,#5580,.F.);
#5621 = ORIENTED_EDGE('',*,*,#679,.F.);
#5622 = CYLINDRICAL_SURFACE('',#5623,0.299998582341);
#5623 = AXIS2_PLACEMENT_3D('',#5624,#5625,#5626);
#5624 = CARTESIAN_POINT('',(64.27499858234,-150.4503537553,0.));
#5625 = DIRECTION('',(0.,0.,-1.));
#5626 = DIRECTION('',(-0.853552641289,-0.521006610849,-0.));
#5627 = ADVANCED_FACE('',(#5628),#5639,.T.);
#5628 = FACE_BOUND('',#5629,.T.);
#5629 = EDGE_LOOP('',(#5630,#5631,#5632,#5638));
#5630 = ORIENTED_EDGE('',*,*,#5599,.T.);
#5631 = ORIENTED_EDGE('',*,*,#3001,.T.);
#5632 = ORIENTED_EDGE('',*,*,#5633,.F.);
#5633 = EDGE_CURVE('',#775,#2993,#5634,.T.);
#5634 = LINE('',#5635,#5636);
#5635 = CARTESIAN_POINT('',(61.218345,-148.206066,0.));
#5636 = VECTOR('',#5637,1.);
#5637 = DIRECTION('',(0.,0.,1.));
#5638 = ORIENTED_EDGE('',*,*,#783,.F.);
#5639 = CYLINDRICAL_SURFACE('',#5640,0.299998582341);
#5640 = AXIS2_PLACEMENT_3D('',#5641,#5642,#5643);
#5641 = CARTESIAN_POINT('',(61.374646244645,-147.9500014176,0.));
#5642 = DIRECTION('',(0.,0.,-1.));
#5643 = DIRECTION('',(2.517861530724E-06,-0.999999999997,0.));
#5644 = ADVANCED_FACE('',(#5645),#5656,.F.);
#5645 = FACE_BOUND('',#5646,.T.);
#5646 = EDGE_LOOP('',(#5647,#5653,#5654,#5655));
#5647 = ORIENTED_EDGE('',*,*,#5648,.T.);
#5648 = EDGE_CURVE('',#689,#2907,#5649,.T.);
#5649 = LINE('',#5650,#5651);
#5650 = CARTESIAN_POINT('',(63.331655,-151.293934,0.));
#5651 = VECTOR('',#5652,1.);
#5652 = DIRECTION('',(0.,0.,1.));
#5653 = ORIENTED_EDGE('',*,*,#2906,.T.);
#5654 = ORIENTED_EDGE('',*,*,#5614,.F.);
#5655 = ORIENTED_EDGE('',*,*,#688,.F.);
#5656 = CYLINDRICAL_SURFACE('',#5657,0.499999603944);
#5657 = AXIS2_PLACEMENT_3D('',#5658,#5659,#5660);
#5658 = CARTESIAN_POINT('',(63.59215788946,-150.8671578894,0.));
#5659 = DIRECTION('',(-0.,-0.,-1.));
#5660 = DIRECTION('',(-0.521006191615,-0.853552897188,0.));
#5661 = ADVANCED_FACE('',(#5662),#5673,.F.);
#5662 = FACE_BOUND('',#5663,.T.);
#5663 = EDGE_LOOP('',(#5664,#5665,#5666,#5672));
#5664 = ORIENTED_EDGE('',*,*,#5633,.T.);
#5665 = ORIENTED_EDGE('',*,*,#2992,.T.);
#5666 = ORIENTED_EDGE('',*,*,#5667,.F.);
#5667 = EDGE_CURVE('',#766,#2984,#5668,.T.);
#5668 = LINE('',#5669,#5670);
#5669 = CARTESIAN_POINT('',(60.531066,-148.893345,0.));
#5670 = VECTOR('',#5671,1.);
#5671 = DIRECTION('',(0.,0.,1.));
#5672 = ORIENTED_EDGE('',*,*,#774,.F.);
#5673 = CYLINDRICAL_SURFACE('',#5674,0.499999603944);
#5674 = AXIS2_PLACEMENT_3D('',#5675,#5676,#5677);
#5675 = CARTESIAN_POINT('',(60.95784211054,-148.6328421105,0.));
#5676 = DIRECTION('',(-0.,-0.,-1.));
#5677 = DIRECTION('',(0.521006191615,0.853552897188,-0.));
#5678 = ADVANCED_FACE('',(#5679),#5690,.T.);
#5679 = FACE_BOUND('',#5680,.T.);
#5680 = EDGE_LOOP('',(#5681,#5687,#5688,#5689));
#5681 = ORIENTED_EDGE('',*,*,#5682,.T.);
#5682 = EDGE_CURVE('',#698,#2916,#5683,.T.);
#5683 = LINE('',#5684,#5685);
#5684 = CARTESIAN_POINT('',(63.175353,-151.25,0.));
#5685 = VECTOR('',#5686,1.);
#5686 = DIRECTION('',(0.,0.,1.));
#5687 = ORIENTED_EDGE('',*,*,#2915,.T.);
#5688 = ORIENTED_EDGE('',*,*,#5648,.F.);
#5689 = ORIENTED_EDGE('',*,*,#697,.F.);
#5690 = CYLINDRICAL_SURFACE('',#5691,0.299998582341);
#5691 = AXIS2_PLACEMENT_3D('',#5692,#5693,#5694);
#5692 = CARTESIAN_POINT('',(63.175353755355,-151.5499985823,0.));
#5693 = DIRECTION('',(0.,0.,-1.));
#5694 = DIRECTION('',(-2.517861507039E-06,0.999999999997,0.));
#5695 = ADVANCED_FACE('',(#5696),#5707,.T.);
#5696 = FACE_BOUND('',#5697,.T.);
#5697 = EDGE_LOOP('',(#5698,#5699,#5700,#5706));
#5698 = ORIENTED_EDGE('',*,*,#5667,.T.);
#5699 = ORIENTED_EDGE('',*,*,#2983,.T.);
#5700 = ORIENTED_EDGE('',*,*,#5701,.F.);
#5701 = EDGE_CURVE('',#758,#2976,#5702,.T.);
#5702 = LINE('',#5703,#5704);
#5703 = CARTESIAN_POINT('',(60.575,-149.049647,0.));
#5704 = VECTOR('',#5705,1.);
#5705 = DIRECTION('',(0.,0.,1.));
#5706 = ORIENTED_EDGE('',*,*,#765,.F.);
#5707 = CYLINDRICAL_SURFACE('',#5708,0.299998582341);
#5708 = AXIS2_PLACEMENT_3D('',#5709,#5710,#5711);
#5709 = CARTESIAN_POINT('',(60.27500141766,-149.0496462446,0.));
#5710 = DIRECTION('',(0.,0.,-1.));
#5711 = DIRECTION('',(0.853552641289,0.52100661085,0.));
#5712 = ADVANCED_FACE('',(#5713),#5724,.T.);
#5713 = FACE_BOUND('',#5714,.T.);
#5714 = EDGE_LOOP('',(#5715,#5721,#5722,#5723));
#5715 = ORIENTED_EDGE('',*,*,#5716,.T.);
#5716 = EDGE_CURVE('',#707,#2925,#5717,.T.);
#5717 = LINE('',#5718,#5719);
#5718 = CARTESIAN_POINT('',(62.275,-151.25,0.));
#5719 = VECTOR('',#5720,1.);
#5720 = DIRECTION('',(0.,0.,1.));
#5721 = ORIENTED_EDGE('',*,*,#2924,.T.);
#5722 = ORIENTED_EDGE('',*,*,#5682,.F.);
#5723 = ORIENTED_EDGE('',*,*,#706,.F.);
#5724 = PLANE('',#5725);
#5725 = AXIS2_PLACEMENT_3D('',#5726,#5727,#5728);
#5726 = CARTESIAN_POINT('',(62.275,-151.25,0.));
#5727 = DIRECTION('',(0.,1.,0.));
#5728 = DIRECTION('',(1.,0.,0.));
#5729 = ADVANCED_FACE('',(#5730),#5741,.T.);
#5730 = FACE_BOUND('',#5731,.T.);
#5731 = EDGE_LOOP('',(#5732,#5733,#5734,#5740));
#5732 = ORIENTED_EDGE('',*,*,#5701,.T.);
#5733 = ORIENTED_EDGE('',*,*,#2975,.T.);
#5734 = ORIENTED_EDGE('',*,*,#5735,.F.);
#5735 = EDGE_CURVE('',#750,#2968,#5736,.T.);
#5736 = LINE('',#5737,#5738);
#5737 = CARTESIAN_POINT('',(60.575,-149.75,0.));
#5738 = VECTOR('',#5739,1.);
#5739 = DIRECTION('',(0.,0.,1.));
#5740 = ORIENTED_EDGE('',*,*,#757,.F.);
#5741 = PLANE('',#5742);
#5742 = AXIS2_PLACEMENT_3D('',#5743,#5744,#5745);
#5743 = CARTESIAN_POINT('',(60.575,-149.049647,0.));
#5744 = DIRECTION('',(1.,0.,-0.));
#5745 = DIRECTION('',(0.,-1.,0.));
#5746 = ADVANCED_FACE('',(#5747),#5758,.T.);
#5747 = FACE_BOUND('',#5748,.T.);
#5748 = EDGE_LOOP('',(#5749,#5755,#5756,#5757));
#5749 = ORIENTED_EDGE('',*,*,#5750,.T.);
#5750 = EDGE_CURVE('',#715,#2933,#5751,.T.);
#5751 = LINE('',#5752,#5753);
#5752 = CARTESIAN_POINT('',(61.374647,-151.25,0.));
#5753 = VECTOR('',#5754,1.);
#5754 = DIRECTION('',(0.,0.,1.));
#5755 = ORIENTED_EDGE('',*,*,#2932,.T.);
#5756 = ORIENTED_EDGE('',*,*,#5716,.F.);
#5757 = ORIENTED_EDGE('',*,*,#714,.F.);
#5758 = PLANE('',#5759);
#5759 = AXIS2_PLACEMENT_3D('',#5760,#5761,#5762);
#5760 = CARTESIAN_POINT('',(61.374647,-151.25,0.));
#5761 = DIRECTION('',(0.,1.,0.));
#5762 = DIRECTION('',(1.,0.,0.));
#5763 = ADVANCED_FACE('',(#5764),#5775,.T.);
#5764 = FACE_BOUND('',#5765,.T.);
#5765 = EDGE_LOOP('',(#5766,#5767,#5768,#5774));
#5766 = ORIENTED_EDGE('',*,*,#5735,.T.);
#5767 = ORIENTED_EDGE('',*,*,#2967,.T.);
#5768 = ORIENTED_EDGE('',*,*,#5769,.F.);
#5769 = EDGE_CURVE('',#741,#2959,#5770,.T.);
#5770 = LINE('',#5771,#5772);
#5771 = CARTESIAN_POINT('',(60.575,-150.450353,0.));
#5772 = VECTOR('',#5773,1.);
#5773 = DIRECTION('',(0.,0.,1.));
#5774 = ORIENTED_EDGE('',*,*,#749,.F.);
#5775 = PLANE('',#5776);
#5776 = AXIS2_PLACEMENT_3D('',#5777,#5778,#5779);
#5777 = CARTESIAN_POINT('',(60.575,-149.75,0.));
#5778 = DIRECTION('',(1.,0.,-0.));
#5779 = DIRECTION('',(0.,-1.,0.));
#5780 = ADVANCED_FACE('',(#5781),#5792,.T.);
#5781 = FACE_BOUND('',#5782,.T.);
#5782 = EDGE_LOOP('',(#5783,#5789,#5790,#5791));
#5783 = ORIENTED_EDGE('',*,*,#5784,.T.);
#5784 = EDGE_CURVE('',#723,#2941,#5785,.T.);
#5785 = LINE('',#5786,#5787);
#5786 = CARTESIAN_POINT('',(61.218345,-151.293934,0.));
#5787 = VECTOR('',#5788,1.);
#5788 = DIRECTION('',(0.,0.,1.));
#5789 = ORIENTED_EDGE('',*,*,#2940,.T.);
#5790 = ORIENTED_EDGE('',*,*,#5750,.F.);
#5791 = ORIENTED_EDGE('',*,*,#722,.F.);
#5792 = CYLINDRICAL_SURFACE('',#5793,0.299998582341);
#5793 = AXIS2_PLACEMENT_3D('',#5794,#5795,#5796);
#5794 = CARTESIAN_POINT('',(61.374646244645,-151.5499985823,0.));
#5795 = DIRECTION('',(0.,0.,-1.));
#5796 = DIRECTION('',(-0.52100661085,0.853552641289,0.));
#5797 = ADVANCED_FACE('',(#5798),#5809,.T.);
#5798 = FACE_BOUND('',#5799,.T.);
#5799 = EDGE_LOOP('',(#5800,#5801,#5802,#5808));
#5800 = ORIENTED_EDGE('',*,*,#5769,.T.);
#5801 = ORIENTED_EDGE('',*,*,#2958,.T.);
#5802 = ORIENTED_EDGE('',*,*,#5803,.F.);
#5803 = EDGE_CURVE('',#732,#2950,#5804,.T.);
#5804 = LINE('',#5805,#5806);
#5805 = CARTESIAN_POINT('',(60.531066,-150.606655,0.));
#5806 = VECTOR('',#5807,1.);
#5807 = DIRECTION('',(0.,0.,1.));
#5808 = ORIENTED_EDGE('',*,*,#740,.F.);
#5809 = CYLINDRICAL_SURFACE('',#5810,0.299998582341);
#5810 = AXIS2_PLACEMENT_3D('',#5811,#5812,#5813);
#5811 = CARTESIAN_POINT('',(60.27500141766,-150.4503537553,0.));
#5812 = DIRECTION('',(0.,0.,-1.));
#5813 = DIRECTION('',(0.999999999997,2.517861388613E-06,0.));
#5814 = ADVANCED_FACE('',(#5815),#5821,.F.);
#5815 = FACE_BOUND('',#5816,.T.);
#5816 = EDGE_LOOP('',(#5817,#5818,#5819,#5820));
#5817 = ORIENTED_EDGE('',*,*,#5803,.T.);
#5818 = ORIENTED_EDGE('',*,*,#2949,.T.);
#5819 = ORIENTED_EDGE('',*,*,#5784,.F.);
#5820 = ORIENTED_EDGE('',*,*,#731,.F.);
#5821 = CYLINDRICAL_SURFACE('',#5822,0.499999603944);
#5822 = AXIS2_PLACEMENT_3D('',#5823,#5824,#5825);
#5823 = CARTESIAN_POINT('',(60.95784211054,-150.8671578894,0.));
#5824 = DIRECTION('',(-0.,-0.,-1.));
#5825 = DIRECTION('',(-0.853552897188,0.521006191616,0.));
#5826 = ADVANCED_FACE('',(#5827),#5838,.F.);
#5827 = FACE_BOUND('',#5828,.T.);
#5828 = EDGE_LOOP('',(#5829,#5830,#5836,#5837));
#5829 = ORIENTED_EDGE('',*,*,#817,.T.);
#5830 = ORIENTED_EDGE('',*,*,#5831,.T.);
#5831 = EDGE_CURVE('',#818,#3036,#5832,.T.);
#5832 = LINE('',#5833,#5834);
#5833 = CARTESIAN_POINT('',(53.925,-135.04,-4.6E-02));
#5834 = VECTOR('',#5835,1.);
#5835 = DIRECTION('',(0.,0.,1.));
#5836 = ORIENTED_EDGE('',*,*,#3035,.F.);
#5837 = ORIENTED_EDGE('',*,*,#5831,.F.);
#5838 = CYLINDRICAL_SURFACE('',#5839,0.75);
#5839 = AXIS2_PLACEMENT_3D('',#5840,#5841,#5842);
#5840 = CARTESIAN_POINT('',(53.925,-134.29,-4.6E-02));
#5841 = DIRECTION('',(-0.,-0.,-1.));
#5842 = DIRECTION('',(-0.,-1.,0.));
#5843 = ADVANCED_FACE('',(#5844),#5855,.F.);
#5844 = FACE_BOUND('',#5845,.T.);
#5845 = EDGE_LOOP('',(#5846,#5847,#5853,#5854));
#5846 = ORIENTED_EDGE('',*,*,#828,.T.);
#5847 = ORIENTED_EDGE('',*,*,#5848,.T.);
#5848 = EDGE_CURVE('',#829,#3047,#5849,.T.);
#5849 = LINE('',#5850,#5851);
#5850 = CARTESIAN_POINT('',(57.735,-138.83,-4.6E-02));
#5851 = VECTOR('',#5852,1.);
#5852 = DIRECTION('',(0.,0.,1.));
#5853 = ORIENTED_EDGE('',*,*,#3046,.F.);
#5854 = ORIENTED_EDGE('',*,*,#5848,.F.);
#5855 = CYLINDRICAL_SURFACE('',#5856,2.);
#5856 = AXIS2_PLACEMENT_3D('',#5857,#5858,#5859);
#5857 = CARTESIAN_POINT('',(57.735,-136.83,-4.6E-02));
#5858 = DIRECTION('',(-0.,-0.,-1.));
#5859 = DIRECTION('',(-0.,-1.,0.));
#5860 = ADVANCED_FACE('',(#5861),#5872,.F.);
#5861 = FACE_BOUND('',#5862,.T.);
#5862 = EDGE_LOOP('',(#5863,#5864,#5870,#5871));
#5863 = ORIENTED_EDGE('',*,*,#839,.T.);
#5864 = ORIENTED_EDGE('',*,*,#5865,.T.);
#5865 = EDGE_CURVE('',#840,#3058,#5866,.T.);
#5866 = LINE('',#5867,#5868);
#5867 = CARTESIAN_POINT('',(72.465,-150.15,-4.6E-02));
#5868 = VECTOR('',#5869,1.);
#5869 = DIRECTION('',(0.,0.,1.));
#5870 = ORIENTED_EDGE('',*,*,#3057,.F.);
#5871 = ORIENTED_EDGE('',*,*,#5865,.F.);
#5872 = CYLINDRICAL_SURFACE('',#5873,0.4);
#5873 = AXIS2_PLACEMENT_3D('',#5874,#5875,#5876);
#5874 = CARTESIAN_POINT('',(72.465,-149.75,-4.6E-02));
#5875 = DIRECTION('',(-0.,-0.,-1.));
#5876 = DIRECTION('',(-0.,-1.,0.));
#5877 = ADVANCED_FACE('',(#5878),#5889,.F.);
#5878 = FACE_BOUND('',#5879,.T.);
#5879 = EDGE_LOOP('',(#5880,#5881,#5887,#5888));
#5880 = ORIENTED_EDGE('',*,*,#850,.T.);
#5881 = ORIENTED_EDGE('',*,*,#5882,.T.);
#5882 = EDGE_CURVE('',#851,#3069,#5883,.T.);
#5883 = LINE('',#5884,#5885);
#5884 = CARTESIAN_POINT('',(80.085,-150.15,-4.6E-02));
#5885 = VECTOR('',#5886,1.);
#5886 = DIRECTION('',(0.,0.,1.));
#5887 = ORIENTED_EDGE('',*,*,#3068,.F.);
#5888 = ORIENTED_EDGE('',*,*,#5882,.F.);
#5889 = CYLINDRICAL_SURFACE('',#5890,0.4);
#5890 = AXIS2_PLACEMENT_3D('',#5891,#5892,#5893);
#5891 = CARTESIAN_POINT('',(80.085,-149.75,-4.6E-02));
#5892 = DIRECTION('',(-0.,-0.,-1.));
#5893 = DIRECTION('',(-3.5527136788E-14,-1.,0.));
#5894 = ADVANCED_FACE('',(#5895),#5911,.F.);
#5895 = FACE_BOUND('',#5896,.T.);
#5896 = EDGE_LOOP('',(#5897,#5903,#5904,#5910));
#5897 = ORIENTED_EDGE('',*,*,#5898,.T.);
#5898 = EDGE_CURVE('',#862,#3080,#5899,.T.);
#5899 = LINE('',#5900,#5901);
#5900 = CARTESIAN_POINT('',(87.018934,-148.893345,0.));
#5901 = VECTOR('',#5902,1.);
#5902 = DIRECTION('',(0.,0.,1.));
#5903 = ORIENTED_EDGE('',*,*,#3079,.T.);
#5904 = ORIENTED_EDGE('',*,*,#5905,.F.);
#5905 = EDGE_CURVE('',#864,#3082,#5906,.T.);
#5906 = LINE('',#5907,#5908);
#5907 = CARTESIAN_POINT('',(86.331655,-148.206066,0.));
#5908 = VECTOR('',#5909,1.);
#5909 = DIRECTION('',(0.,0.,1.));
#5910 = ORIENTED_EDGE('',*,*,#861,.F.);
#5911 = CYLINDRICAL_SURFACE('',#5912,0.499999603944);
#5912 = AXIS2_PLACEMENT_3D('',#5913,#5914,#5915);
#5913 = CARTESIAN_POINT('',(86.59215788946,-148.6328421105,0.));
#5914 = DIRECTION('',(-0.,-0.,-1.));
#5915 = DIRECTION('',(0.853552897188,-0.521006191615,0.));
#5916 = ADVANCED_FACE('',(#5917),#5928,.T.);
#5917 = FACE_BOUND('',#5918,.T.);
#5918 = EDGE_LOOP('',(#5919,#5925,#5926,#5927));
#5919 = ORIENTED_EDGE('',*,*,#5920,.T.);
#5920 = EDGE_CURVE('',#873,#3091,#5921,.T.);
#5921 = LINE('',#5922,#5923);
#5922 = CARTESIAN_POINT('',(86.975,-149.049647,0.));
#5923 = VECTOR('',#5924,1.);
#5924 = DIRECTION('',(0.,0.,1.));
#5925 = ORIENTED_EDGE('',*,*,#3090,.T.);
#5926 = ORIENTED_EDGE('',*,*,#5898,.F.);
#5927 = ORIENTED_EDGE('',*,*,#872,.F.);
#5928 = CYLINDRICAL_SURFACE('',#5929,0.299998582341);
#5929 = AXIS2_PLACEMENT_3D('',#5930,#5931,#5932);
#5930 = CARTESIAN_POINT('',(87.27499858234,-149.0496462446,0.));
#5931 = DIRECTION('',(0.,0.,-1.));
#5932 = DIRECTION('',(-0.999999999997,-2.517861199133E-06,-0.));
#5933 = ADVANCED_FACE('',(#5934),#5945,.T.);
#5934 = FACE_BOUND('',#5935,.T.);
#5935 = EDGE_LOOP('',(#5936,#5937,#5938,#5944));
#5936 = ORIENTED_EDGE('',*,*,#5905,.T.);
#5937 = ORIENTED_EDGE('',*,*,#3244,.T.);
#5938 = ORIENTED_EDGE('',*,*,#5939,.F.);
#5939 = EDGE_CURVE('',#1019,#3237,#5940,.T.);
#5940 = LINE('',#5941,#5942);
#5941 = CARTESIAN_POINT('',(86.175353,-148.25,0.));
#5942 = VECTOR('',#5943,1.);
#5943 = DIRECTION('',(0.,0.,1.));
#5944 = ORIENTED_EDGE('',*,*,#1026,.F.);
#5945 = CYLINDRICAL_SURFACE('',#5946,0.299998582341);
#5946 = AXIS2_PLACEMENT_3D('',#5947,#5948,#5949);
#5947 = CARTESIAN_POINT('',(86.175353755355,-147.9500014176,0.));
#5948 = DIRECTION('',(0.,0.,-1.));
#5949 = DIRECTION('',(0.52100661085,-0.853552641289,0.));
#5950 = ADVANCED_FACE('',(#5951),#5962,.T.);
#5951 = FACE_BOUND('',#5952,.T.);
#5952 = EDGE_LOOP('',(#5953,#5959,#5960,#5961));
#5953 = ORIENTED_EDGE('',*,*,#5954,.T.);
#5954 = EDGE_CURVE('',#882,#3100,#5955,.T.);
#5955 = LINE('',#5956,#5957);
#5956 = CARTESIAN_POINT('',(86.975,-149.75,0.));
#5957 = VECTOR('',#5958,1.);
#5958 = DIRECTION('',(0.,0.,1.));
#5959 = ORIENTED_EDGE('',*,*,#3099,.T.);
#5960 = ORIENTED_EDGE('',*,*,#5920,.F.);
#5961 = ORIENTED_EDGE('',*,*,#881,.F.);
#5962 = PLANE('',#5963);
#5963 = AXIS2_PLACEMENT_3D('',#5964,#5965,#5966);
#5964 = CARTESIAN_POINT('',(86.975,-149.75,0.));
#5965 = DIRECTION('',(-1.,0.,0.));
#5966 = DIRECTION('',(0.,1.,0.));
#5967 = ADVANCED_FACE('',(#5968),#5979,.T.);
#5968 = FACE_BOUND('',#5969,.T.);
#5969 = EDGE_LOOP('',(#5970,#5971,#5972,#5978));
#5970 = ORIENTED_EDGE('',*,*,#5939,.T.);
#5971 = ORIENTED_EDGE('',*,*,#3236,.T.);
#5972 = ORIENTED_EDGE('',*,*,#5973,.F.);
#5973 = EDGE_CURVE('',#1011,#3229,#5974,.T.);
#5974 = LINE('',#5975,#5976);
#5975 = CARTESIAN_POINT('',(85.275,-148.25,0.));
#5976 = VECTOR('',#5977,1.);
#5977 = DIRECTION('',(0.,0.,1.));
#5978 = ORIENTED_EDGE('',*,*,#1018,.F.);
#5979 = PLANE('',#5980);
#5980 = AXIS2_PLACEMENT_3D('',#5981,#5982,#5983);
#5981 = CARTESIAN_POINT('',(86.175353,-148.25,0.));
#5982 = DIRECTION('',(0.,-1.,0.));
#5983 = DIRECTION('',(-1.,0.,0.));
#5984 = ADVANCED_FACE('',(#5985),#5996,.T.);
#5985 = FACE_BOUND('',#5986,.T.);
#5986 = EDGE_LOOP('',(#5987,#5993,#5994,#5995));
#5987 = ORIENTED_EDGE('',*,*,#5988,.T.);
#5988 = EDGE_CURVE('',#890,#3108,#5989,.T.);
#5989 = LINE('',#5990,#5991);
#5990 = CARTESIAN_POINT('',(86.975,-150.450353,0.));
#5991 = VECTOR('',#5992,1.);
#5992 = DIRECTION('',(0.,0.,1.));
#5993 = ORIENTED_EDGE('',*,*,#3107,.T.);
#5994 = ORIENTED_EDGE('',*,*,#5954,.F.);
#5995 = ORIENTED_EDGE('',*,*,#889,.F.);
#5996 = PLANE('',#5997);
#5997 = AXIS2_PLACEMENT_3D('',#5998,#5999,#6000);
#5998 = CARTESIAN_POINT('',(86.975,-150.450353,0.));
#5999 = DIRECTION('',(-1.,0.,0.));
#6000 = DIRECTION('',(0.,1.,0.));
#6001 = ADVANCED_FACE('',(#6002),#6013,.T.);
#6002 = FACE_BOUND('',#6003,.T.);
#6003 = EDGE_LOOP('',(#6004,#6005,#6006,#6012));
#6004 = ORIENTED_EDGE('',*,*,#5973,.T.);
#6005 = ORIENTED_EDGE('',*,*,#3228,.T.);
#6006 = ORIENTED_EDGE('',*,*,#6007,.F.);
#6007 = EDGE_CURVE('',#1002,#3220,#6008,.T.);
#6008 = LINE('',#6009,#6010);
#6009 = CARTESIAN_POINT('',(84.374647,-148.25,0.));
#6010 = VECTOR('',#6011,1.);
#6011 = DIRECTION('',(0.,0.,1.));
#6012 = ORIENTED_EDGE('',*,*,#1010,.F.);
#6013 = PLANE('',#6014);
#6014 = AXIS2_PLACEMENT_3D('',#6015,#6016,#6017);
#6015 = CARTESIAN_POINT('',(85.275,-148.25,0.));
#6016 = DIRECTION('',(0.,-1.,0.));
#6017 = DIRECTION('',(-1.,0.,0.));
#6018 = ADVANCED_FACE('',(#6019),#6030,.T.);
#6019 = FACE_BOUND('',#6020,.T.);
#6020 = EDGE_LOOP('',(#6021,#6027,#6028,#6029));
#6021 = ORIENTED_EDGE('',*,*,#6022,.T.);
#6022 = EDGE_CURVE('',#898,#3116,#6023,.T.);
#6023 = LINE('',#6024,#6025);
#6024 = CARTESIAN_POINT('',(87.018934,-150.606655,0.));
#6025 = VECTOR('',#6026,1.);
#6026 = DIRECTION('',(0.,0.,1.));
#6027 = ORIENTED_EDGE('',*,*,#3115,.T.);
#6028 = ORIENTED_EDGE('',*,*,#5988,.F.);
#6029 = ORIENTED_EDGE('',*,*,#897,.F.);
#6030 = CYLINDRICAL_SURFACE('',#6031,0.299998582341);
#6031 = AXIS2_PLACEMENT_3D('',#6032,#6033,#6034);
#6032 = CARTESIAN_POINT('',(87.27499858234,-150.4503537553,0.));
#6033 = DIRECTION('',(0.,0.,-1.));
#6034 = DIRECTION('',(-0.853552641289,-0.521006610849,-0.));
#6035 = ADVANCED_FACE('',(#6036),#6047,.T.);
#6036 = FACE_BOUND('',#6037,.T.);
#6037 = EDGE_LOOP('',(#6038,#6039,#6040,#6046));
#6038 = ORIENTED_EDGE('',*,*,#6007,.T.);
#6039 = ORIENTED_EDGE('',*,*,#3219,.T.);
#6040 = ORIENTED_EDGE('',*,*,#6041,.F.);
#6041 = EDGE_CURVE('',#993,#3211,#6042,.T.);
#6042 = LINE('',#6043,#6044);
#6043 = CARTESIAN_POINT('',(84.218345,-148.206066,0.));
#6044 = VECTOR('',#6045,1.);
#6045 = DIRECTION('',(0.,0.,1.));
#6046 = ORIENTED_EDGE('',*,*,#1001,.F.);
#6047 = CYLINDRICAL_SURFACE('',#6048,0.299998582341);
#6048 = AXIS2_PLACEMENT_3D('',#6049,#6050,#6051);
#6049 = CARTESIAN_POINT('',(84.374646244645,-147.9500014176,0.));
#6050 = DIRECTION('',(0.,0.,-1.));
#6051 = DIRECTION('',(2.517861483354E-06,-0.999999999997,0.));
#6052 = ADVANCED_FACE('',(#6053),#6064,.F.);
#6053 = FACE_BOUND('',#6054,.T.);
#6054 = EDGE_LOOP('',(#6055,#6061,#6062,#6063));
#6055 = ORIENTED_EDGE('',*,*,#6056,.T.);
#6056 = EDGE_CURVE('',#907,#3125,#6057,.T.);
#6057 = LINE('',#6058,#6059);
#6058 = CARTESIAN_POINT('',(86.331655,-151.293934,0.));
#6059 = VECTOR('',#6060,1.);
#6060 = DIRECTION('',(0.,0.,1.));
#6061 = ORIENTED_EDGE('',*,*,#3124,.T.);
#6062 = ORIENTED_EDGE('',*,*,#6022,.F.);
#6063 = ORIENTED_EDGE('',*,*,#906,.F.);
#6064 = CYLINDRICAL_SURFACE('',#6065,0.499999603944);
#6065 = AXIS2_PLACEMENT_3D('',#6066,#6067,#6068);
#6066 = CARTESIAN_POINT('',(86.59215788946,-150.8671578894,0.));
#6067 = DIRECTION('',(-0.,-0.,-1.));
#6068 = DIRECTION('',(-0.521006191615,-0.853552897188,0.));
#6069 = ADVANCED_FACE('',(#6070),#6081,.F.);
#6070 = FACE_BOUND('',#6071,.T.);
#6071 = EDGE_LOOP('',(#6072,#6073,#6074,#6080));
#6072 = ORIENTED_EDGE('',*,*,#6041,.T.);
#6073 = ORIENTED_EDGE('',*,*,#3210,.T.);
#6074 = ORIENTED_EDGE('',*,*,#6075,.F.);
#6075 = EDGE_CURVE('',#984,#3202,#6076,.T.);
#6076 = LINE('',#6077,#6078);
#6077 = CARTESIAN_POINT('',(83.531066,-148.893345,0.));
#6078 = VECTOR('',#6079,1.);
#6079 = DIRECTION('',(0.,0.,1.));
#6080 = ORIENTED_EDGE('',*,*,#992,.F.);
#6081 = CYLINDRICAL_SURFACE('',#6082,0.499999603944);
#6082 = AXIS2_PLACEMENT_3D('',#6083,#6084,#6085);
#6083 = CARTESIAN_POINT('',(83.95784211054,-148.6328421105,0.));
#6084 = DIRECTION('',(-0.,-0.,-1.));
#6085 = DIRECTION('',(0.521006191615,0.853552897188,-0.));
#6086 = ADVANCED_FACE('',(#6087),#6098,.T.);
#6087 = FACE_BOUND('',#6088,.T.);
#6088 = EDGE_LOOP('',(#6089,#6095,#6096,#6097));
#6089 = ORIENTED_EDGE('',*,*,#6090,.T.);
#6090 = EDGE_CURVE('',#916,#3134,#6091,.T.);
#6091 = LINE('',#6092,#6093);
#6092 = CARTESIAN_POINT('',(86.175353,-151.25,0.));
#6093 = VECTOR('',#6094,1.);
#6094 = DIRECTION('',(0.,0.,1.));
#6095 = ORIENTED_EDGE('',*,*,#3133,.T.);
#6096 = ORIENTED_EDGE('',*,*,#6056,.F.);
#6097 = ORIENTED_EDGE('',*,*,#915,.F.);
#6098 = CYLINDRICAL_SURFACE('',#6099,0.299998582341);
#6099 = AXIS2_PLACEMENT_3D('',#6100,#6101,#6102);
#6100 = CARTESIAN_POINT('',(86.175353755355,-151.5499985823,0.));
#6101 = DIRECTION('',(0.,0.,-1.));
#6102 = DIRECTION('',(-2.517861578095E-06,0.999999999997,0.));
#6103 = ADVANCED_FACE('',(#6104),#6115,.T.);
#6104 = FACE_BOUND('',#6105,.T.);
#6105 = EDGE_LOOP('',(#6106,#6107,#6108,#6114));
#6106 = ORIENTED_EDGE('',*,*,#6075,.T.);
#6107 = ORIENTED_EDGE('',*,*,#3201,.T.);
#6108 = ORIENTED_EDGE('',*,*,#6109,.F.);
#6109 = EDGE_CURVE('',#976,#3194,#6110,.T.);
#6110 = LINE('',#6111,#6112);
#6111 = CARTESIAN_POINT('',(83.575,-149.049647,0.));
#6112 = VECTOR('',#6113,1.);
#6113 = DIRECTION('',(0.,0.,1.));
#6114 = ORIENTED_EDGE('',*,*,#983,.F.);
#6115 = CYLINDRICAL_SURFACE('',#6116,0.299998582341);
#6116 = AXIS2_PLACEMENT_3D('',#6117,#6118,#6119);
#6117 = CARTESIAN_POINT('',(83.27500141766,-149.0496462446,0.));
#6118 = DIRECTION('',(0.,0.,-1.));
#6119 = DIRECTION('',(0.853552641289,0.52100661085,0.));
#6120 = ADVANCED_FACE('',(#6121),#6132,.T.);
#6121 = FACE_BOUND('',#6122,.T.);
#6122 = EDGE_LOOP('',(#6123,#6129,#6130,#6131));
#6123 = ORIENTED_EDGE('',*,*,#6124,.T.);
#6124 = EDGE_CURVE('',#925,#3143,#6125,.T.);
#6125 = LINE('',#6126,#6127);
#6126 = CARTESIAN_POINT('',(85.275,-151.25,0.));
#6127 = VECTOR('',#6128,1.);
#6128 = DIRECTION('',(0.,0.,1.));
#6129 = ORIENTED_EDGE('',*,*,#3142,.T.);
#6130 = ORIENTED_EDGE('',*,*,#6090,.F.);
#6131 = ORIENTED_EDGE('',*,*,#924,.F.);
#6132 = PLANE('',#6133);
#6133 = AXIS2_PLACEMENT_3D('',#6134,#6135,#6136);
#6134 = CARTESIAN_POINT('',(85.275,-151.25,0.));
#6135 = DIRECTION('',(0.,1.,0.));
#6136 = DIRECTION('',(1.,0.,0.));
#6137 = ADVANCED_FACE('',(#6138),#6149,.T.);
#6138 = FACE_BOUND('',#6139,.T.);
#6139 = EDGE_LOOP('',(#6140,#6141,#6142,#6148));
#6140 = ORIENTED_EDGE('',*,*,#6109,.T.);
#6141 = ORIENTED_EDGE('',*,*,#3193,.T.);
#6142 = ORIENTED_EDGE('',*,*,#6143,.F.);
#6143 = EDGE_CURVE('',#968,#3186,#6144,.T.);
#6144 = LINE('',#6145,#6146);
#6145 = CARTESIAN_POINT('',(83.575,-149.75,0.));
#6146 = VECTOR('',#6147,1.);
#6147 = DIRECTION('',(0.,0.,1.));
#6148 = ORIENTED_EDGE('',*,*,#975,.F.);
#6149 = PLANE('',#6150);
#6150 = AXIS2_PLACEMENT_3D('',#6151,#6152,#6153);
#6151 = CARTESIAN_POINT('',(83.575,-149.049647,0.));
#6152 = DIRECTION('',(1.,0.,-0.));
#6153 = DIRECTION('',(0.,-1.,0.));
#6154 = ADVANCED_FACE('',(#6155),#6166,.T.);
#6155 = FACE_BOUND('',#6156,.T.);
#6156 = EDGE_LOOP('',(#6157,#6163,#6164,#6165));
#6157 = ORIENTED_EDGE('',*,*,#6158,.T.);
#6158 = EDGE_CURVE('',#933,#3151,#6159,.T.);
#6159 = LINE('',#6160,#6161);
#6160 = CARTESIAN_POINT('',(84.374647,-151.25,0.));
#6161 = VECTOR('',#6162,1.);
#6162 = DIRECTION('',(0.,0.,1.));
#6163 = ORIENTED_EDGE('',*,*,#3150,.T.);
#6164 = ORIENTED_EDGE('',*,*,#6124,.F.);
#6165 = ORIENTED_EDGE('',*,*,#932,.F.);
#6166 = PLANE('',#6167);
#6167 = AXIS2_PLACEMENT_3D('',#6168,#6169,#6170);
#6168 = CARTESIAN_POINT('',(84.374647,-151.25,0.));
#6169 = DIRECTION('',(0.,1.,0.));
#6170 = DIRECTION('',(1.,0.,0.));
#6171 = ADVANCED_FACE('',(#6172),#6183,.T.);
#6172 = FACE_BOUND('',#6173,.T.);
#6173 = EDGE_LOOP('',(#6174,#6175,#6176,#6182));
#6174 = ORIENTED_EDGE('',*,*,#6143,.T.);
#6175 = ORIENTED_EDGE('',*,*,#3185,.T.);
#6176 = ORIENTED_EDGE('',*,*,#6177,.F.);
#6177 = EDGE_CURVE('',#959,#3177,#6178,.T.);
#6178 = LINE('',#6179,#6180);
#6179 = CARTESIAN_POINT('',(83.575,-150.450353,0.));
#6180 = VECTOR('',#6181,1.);
#6181 = DIRECTION('',(0.,0.,1.));
#6182 = ORIENTED_EDGE('',*,*,#967,.F.);
#6183 = PLANE('',#6184);
#6184 = AXIS2_PLACEMENT_3D('',#6185,#6186,#6187);
#6185 = CARTESIAN_POINT('',(83.575,-149.75,0.));
#6186 = DIRECTION('',(1.,0.,-0.));
#6187 = DIRECTION('',(0.,-1.,0.));
#6188 = ADVANCED_FACE('',(#6189),#6200,.T.);
#6189 = FACE_BOUND('',#6190,.T.);
#6190 = EDGE_LOOP('',(#6191,#6197,#6198,#6199));
#6191 = ORIENTED_EDGE('',*,*,#6192,.T.);
#6192 = EDGE_CURVE('',#941,#3159,#6193,.T.);
#6193 = LINE('',#6194,#6195);
#6194 = CARTESIAN_POINT('',(84.218345,-151.293934,0.));
#6195 = VECTOR('',#6196,1.);
#6196 = DIRECTION('',(0.,0.,1.));
#6197 = ORIENTED_EDGE('',*,*,#3158,.T.);
#6198 = ORIENTED_EDGE('',*,*,#6158,.F.);
#6199 = ORIENTED_EDGE('',*,*,#940,.F.);
#6200 = CYLINDRICAL_SURFACE('',#6201,0.299998582341);
#6201 = AXIS2_PLACEMENT_3D('',#6202,#6203,#6204);
#6202 = CARTESIAN_POINT('',(84.374646244645,-151.5499985823,0.));
#6203 = DIRECTION('',(0.,0.,-1.));
#6204 = DIRECTION('',(-0.52100661085,0.853552641289,0.));
#6205 = ADVANCED_FACE('',(#6206),#6217,.T.);
#6206 = FACE_BOUND('',#6207,.T.);
#6207 = EDGE_LOOP('',(#6208,#6209,#6210,#6216));
#6208 = ORIENTED_EDGE('',*,*,#6177,.T.);
#6209 = ORIENTED_EDGE('',*,*,#3176,.T.);
#6210 = ORIENTED_EDGE('',*,*,#6211,.F.);
#6211 = EDGE_CURVE('',#950,#3168,#6212,.T.);
#6212 = LINE('',#6213,#6214);
#6213 = CARTESIAN_POINT('',(83.531066,-150.606655,0.));
#6214 = VECTOR('',#6215,1.);
#6215 = DIRECTION('',(0.,0.,1.));
#6216 = ORIENTED_EDGE('',*,*,#958,.F.);
#6217 = CYLINDRICAL_SURFACE('',#6218,0.299998582341);
#6218 = AXIS2_PLACEMENT_3D('',#6219,#6220,#6221);
#6219 = CARTESIAN_POINT('',(83.27500141766,-150.4503537553,0.));
#6220 = DIRECTION('',(0.,0.,-1.));
#6221 = DIRECTION('',(0.999999999997,2.517861199133E-06,0.));
#6222 = ADVANCED_FACE('',(#6223),#6229,.F.);
#6223 = FACE_BOUND('',#6224,.T.);
#6224 = EDGE_LOOP('',(#6225,#6226,#6227,#6228));
#6225 = ORIENTED_EDGE('',*,*,#6211,.T.);
#6226 = ORIENTED_EDGE('',*,*,#3167,.T.);
#6227 = ORIENTED_EDGE('',*,*,#6192,.F.);
#6228 = ORIENTED_EDGE('',*,*,#949,.F.);
#6229 = CYLINDRICAL_SURFACE('',#6230,0.499999603944);
#6230 = AXIS2_PLACEMENT_3D('',#6231,#6232,#6233);
#6231 = CARTESIAN_POINT('',(83.95784211054,-150.8671578894,0.));
#6232 = DIRECTION('',(-0.,-0.,-1.));
#6233 = DIRECTION('',(-0.853552897188,0.521006191615,0.));
#6234 = ADVANCED_FACE('',(#6235),#6246,.F.);
#6235 = FACE_BOUND('',#6236,.T.);
#6236 = EDGE_LOOP('',(#6237,#6238,#6244,#6245));
#6237 = ORIENTED_EDGE('',*,*,#1035,.T.);
#6238 = ORIENTED_EDGE('',*,*,#6239,.T.);
#6239 = EDGE_CURVE('',#1036,#3254,#6240,.T.);
#6240 = LINE('',#6241,#6242);
#6241 = CARTESIAN_POINT('',(76.925,-135.04,-4.6E-02));
#6242 = VECTOR('',#6243,1.);
#6243 = DIRECTION('',(0.,0.,1.));
#6244 = ORIENTED_EDGE('',*,*,#3253,.F.);
#6245 = ORIENTED_EDGE('',*,*,#6239,.F.);
#6246 = CYLINDRICAL_SURFACE('',#6247,0.75);
#6247 = AXIS2_PLACEMENT_3D('',#6248,#6249,#6250);
#6248 = CARTESIAN_POINT('',(76.925,-134.29,-4.6E-02));
#6249 = DIRECTION('',(-0.,-0.,-1.));
#6250 = DIRECTION('',(-0.,-1.,0.));
#6251 = ADVANCED_FACE('',(#6252),#6263,.F.);
#6252 = FACE_BOUND('',#6253,.T.);
#6253 = EDGE_LOOP('',(#6254,#6255,#6261,#6262));
#6254 = ORIENTED_EDGE('',*,*,#1046,.T.);
#6255 = ORIENTED_EDGE('',*,*,#6256,.T.);
#6256 = EDGE_CURVE('',#1047,#3265,#6257,.T.);
#6257 = LINE('',#6258,#6259);
#6258 = CARTESIAN_POINT('',(80.735,-138.83,-4.6E-02));
#6259 = VECTOR('',#6260,1.);
#6260 = DIRECTION('',(0.,0.,1.));
#6261 = ORIENTED_EDGE('',*,*,#3264,.F.);
#6262 = ORIENTED_EDGE('',*,*,#6256,.F.);
#6263 = CYLINDRICAL_SURFACE('',#6264,2.);
#6264 = AXIS2_PLACEMENT_3D('',#6265,#6266,#6267);
#6265 = CARTESIAN_POINT('',(80.735,-136.83,-4.6E-02));
#6266 = DIRECTION('',(-0.,-0.,-1.));
#6267 = DIRECTION('',(-0.,-1.,0.));
#6268 = ADVANCED_FACE('',(#6269),#6280,.F.);
#6269 = FACE_BOUND('',#6270,.T.);
#6270 = EDGE_LOOP('',(#6271,#6272,#6278,#6279));
#6271 = ORIENTED_EDGE('',*,*,#1057,.T.);
#6272 = ORIENTED_EDGE('',*,*,#6273,.T.);
#6273 = EDGE_CURVE('',#1058,#3276,#6274,.T.);
#6274 = LINE('',#6275,#6276);
#6275 = CARTESIAN_POINT('',(94.385,-177.31,-4.6E-02));
#6276 = VECTOR('',#6277,1.);
#6277 = DIRECTION('',(0.,0.,1.));
#6278 = ORIENTED_EDGE('',*,*,#3275,.F.);
#6279 = ORIENTED_EDGE('',*,*,#6273,.F.);
#6280 = CYLINDRICAL_SURFACE('',#6281,0.4);
#6281 = AXIS2_PLACEMENT_3D('',#6282,#6283,#6284);
#6282 = CARTESIAN_POINT('',(94.385,-176.91,-4.6E-02));
#6283 = DIRECTION('',(-0.,0.,-1.));
#6284 = DIRECTION('',(3.5527136788E-14,-1.,-0.));
#6285 = ADVANCED_FACE('',(#6286),#6297,.F.);
#6286 = FACE_BOUND('',#6287,.T.);
#6287 = EDGE_LOOP('',(#6288,#6289,#6295,#6296));
#6288 = ORIENTED_EDGE('',*,*,#1068,.T.);
#6289 = ORIENTED_EDGE('',*,*,#6290,.T.);
#6290 = EDGE_CURVE('',#1069,#3287,#6291,.T.);
#6291 = LINE('',#6292,#6293);
#6292 = CARTESIAN_POINT('',(102.005,-177.31,-4.6E-02));
#6293 = VECTOR('',#6294,1.);
#6294 = DIRECTION('',(0.,0.,1.));
#6295 = ORIENTED_EDGE('',*,*,#3286,.F.);
#6296 = ORIENTED_EDGE('',*,*,#6290,.F.);
#6297 = CYLINDRICAL_SURFACE('',#6298,0.4);
#6298 = AXIS2_PLACEMENT_3D('',#6299,#6300,#6301);
#6299 = CARTESIAN_POINT('',(102.005,-176.91,-4.6E-02));
#6300 = DIRECTION('',(-0.,-0.,-1.));
#6301 = DIRECTION('',(-0.,-1.,0.));
#6302 = ADVANCED_FACE('',(#6303),#6319,.F.);
#6303 = FACE_BOUND('',#6304,.T.);
#6304 = EDGE_LOOP('',(#6305,#6311,#6312,#6318));
#6305 = ORIENTED_EDGE('',*,*,#6306,.T.);
#6306 = EDGE_CURVE('',#1080,#3298,#6307,.T.);
#6307 = LINE('',#6308,#6309);
#6308 = CARTESIAN_POINT('',(108.938934,-176.053345,0.));
#6309 = VECTOR('',#6310,1.);
#6310 = DIRECTION('',(0.,0.,1.));
#6311 = ORIENTED_EDGE('',*,*,#3297,.T.);
#6312 = ORIENTED_EDGE('',*,*,#6313,.F.);
#6313 = EDGE_CURVE('',#1082,#3300,#6314,.T.);
#6314 = LINE('',#6315,#6316);
#6315 = CARTESIAN_POINT('',(108.251655,-175.366066,0.));
#6316 = VECTOR('',#6317,1.);
#6317 = DIRECTION('',(0.,0.,1.));
#6318 = ORIENTED_EDGE('',*,*,#1079,.F.);
#6319 = CYLINDRICAL_SURFACE('',#6320,0.499999603944);
#6320 = AXIS2_PLACEMENT_3D('',#6321,#6322,#6323);
#6321 = CARTESIAN_POINT('',(108.51215788946,-175.7928421105,0.));
#6322 = DIRECTION('',(-0.,-0.,-1.));
#6323 = DIRECTION('',(0.853552897188,-0.521006191615,0.));
#6324 = ADVANCED_FACE('',(#6325),#6336,.T.);
#6325 = FACE_BOUND('',#6326,.T.);
#6326 = EDGE_LOOP('',(#6327,#6333,#6334,#6335));
#6327 = ORIENTED_EDGE('',*,*,#6328,.T.);
#6328 = EDGE_CURVE('',#1091,#3309,#6329,.T.);
#6329 = LINE('',#6330,#6331);
#6330 = CARTESIAN_POINT('',(108.895,-176.209647,0.));
#6331 = VECTOR('',#6332,1.);
#6332 = DIRECTION('',(0.,0.,1.));
#6333 = ORIENTED_EDGE('',*,*,#3308,.T.);
#6334 = ORIENTED_EDGE('',*,*,#6306,.F.);
#6335 = ORIENTED_EDGE('',*,*,#1090,.F.);
#6336 = CYLINDRICAL_SURFACE('',#6337,0.299998582341);
#6337 = AXIS2_PLACEMENT_3D('',#6338,#6339,#6340);
#6338 = CARTESIAN_POINT('',(109.19499858234,-176.2096462446,0.));
#6339 = DIRECTION('',(0.,0.,-1.));
#6340 = DIRECTION('',(-0.999999999997,-2.517861104394E-06,-0.));
#6341 = ADVANCED_FACE('',(#6342),#6353,.T.);
#6342 = FACE_BOUND('',#6343,.T.);
#6343 = EDGE_LOOP('',(#6344,#6345,#6346,#6352));
#6344 = ORIENTED_EDGE('',*,*,#6313,.T.);
#6345 = ORIENTED_EDGE('',*,*,#3462,.T.);
#6346 = ORIENTED_EDGE('',*,*,#6347,.F.);
#6347 = EDGE_CURVE('',#1237,#3455,#6348,.T.);
#6348 = LINE('',#6349,#6350);
#6349 = CARTESIAN_POINT('',(108.095353,-175.41,0.));
#6350 = VECTOR('',#6351,1.);
#6351 = DIRECTION('',(0.,0.,1.));
#6352 = ORIENTED_EDGE('',*,*,#1244,.F.);
#6353 = CYLINDRICAL_SURFACE('',#6354,0.299998582341);
#6354 = AXIS2_PLACEMENT_3D('',#6355,#6356,#6357);
#6355 = CARTESIAN_POINT('',(108.09535375535,-175.1100014176,0.));
#6356 = DIRECTION('',(0.,0.,-1.));
#6357 = DIRECTION('',(0.52100661085,-0.853552641289,0.));
#6358 = ADVANCED_FACE('',(#6359),#6370,.T.);
#6359 = FACE_BOUND('',#6360,.T.);
#6360 = EDGE_LOOP('',(#6361,#6367,#6368,#6369));
#6361 = ORIENTED_EDGE('',*,*,#6362,.T.);
#6362 = EDGE_CURVE('',#1100,#3318,#6363,.T.);
#6363 = LINE('',#6364,#6365);
#6364 = CARTESIAN_POINT('',(108.895,-176.91,0.));
#6365 = VECTOR('',#6366,1.);
#6366 = DIRECTION('',(0.,0.,1.));
#6367 = ORIENTED_EDGE('',*,*,#3317,.T.);
#6368 = ORIENTED_EDGE('',*,*,#6328,.F.);
#6369 = ORIENTED_EDGE('',*,*,#1099,.F.);
#6370 = PLANE('',#6371);
#6371 = AXIS2_PLACEMENT_3D('',#6372,#6373,#6374);
#6372 = CARTESIAN_POINT('',(108.895,-176.91,0.));
#6373 = DIRECTION('',(-1.,0.,0.));
#6374 = DIRECTION('',(0.,1.,0.));
#6375 = ADVANCED_FACE('',(#6376),#6387,.T.);
#6376 = FACE_BOUND('',#6377,.T.);
#6377 = EDGE_LOOP('',(#6378,#6379,#6380,#6386));
#6378 = ORIENTED_EDGE('',*,*,#6347,.T.);
#6379 = ORIENTED_EDGE('',*,*,#3454,.T.);
#6380 = ORIENTED_EDGE('',*,*,#6381,.F.);
#6381 = EDGE_CURVE('',#1229,#3447,#6382,.T.);
#6382 = LINE('',#6383,#6384);
#6383 = CARTESIAN_POINT('',(107.195,-175.41,0.));
#6384 = VECTOR('',#6385,1.);
#6385 = DIRECTION('',(0.,0.,1.));
#6386 = ORIENTED_EDGE('',*,*,#1236,.F.);
#6387 = PLANE('',#6388);
#6388 = AXIS2_PLACEMENT_3D('',#6389,#6390,#6391);
#6389 = CARTESIAN_POINT('',(108.095353,-175.41,0.));
#6390 = DIRECTION('',(0.,-1.,0.));
#6391 = DIRECTION('',(-1.,0.,0.));
#6392 = ADVANCED_FACE('',(#6393),#6404,.T.);
#6393 = FACE_BOUND('',#6394,.T.);
#6394 = EDGE_LOOP('',(#6395,#6401,#6402,#6403));
#6395 = ORIENTED_EDGE('',*,*,#6396,.T.);
#6396 = EDGE_CURVE('',#1108,#3326,#6397,.T.);
#6397 = LINE('',#6398,#6399);
#6398 = CARTESIAN_POINT('',(108.895,-177.610353,0.));
#6399 = VECTOR('',#6400,1.);
#6400 = DIRECTION('',(0.,0.,1.));
#6401 = ORIENTED_EDGE('',*,*,#3325,.T.);
#6402 = ORIENTED_EDGE('',*,*,#6362,.F.);
#6403 = ORIENTED_EDGE('',*,*,#1107,.F.);
#6404 = PLANE('',#6405);
#6405 = AXIS2_PLACEMENT_3D('',#6406,#6407,#6408);
#6406 = CARTESIAN_POINT('',(108.895,-177.610353,0.));
#6407 = DIRECTION('',(-1.,0.,0.));
#6408 = DIRECTION('',(0.,1.,0.));
#6409 = ADVANCED_FACE('',(#6410),#6421,.T.);
#6410 = FACE_BOUND('',#6411,.T.);
#6411 = EDGE_LOOP('',(#6412,#6413,#6414,#6420));
#6412 = ORIENTED_EDGE('',*,*,#6381,.T.);
#6413 = ORIENTED_EDGE('',*,*,#3446,.T.);
#6414 = ORIENTED_EDGE('',*,*,#6415,.F.);
#6415 = EDGE_CURVE('',#1220,#3438,#6416,.T.);
#6416 = LINE('',#6417,#6418);
#6417 = CARTESIAN_POINT('',(106.294647,-175.41,0.));
#6418 = VECTOR('',#6419,1.);
#6419 = DIRECTION('',(0.,0.,1.));
#6420 = ORIENTED_EDGE('',*,*,#1228,.F.);
#6421 = PLANE('',#6422);
#6422 = AXIS2_PLACEMENT_3D('',#6423,#6424,#6425);
#6423 = CARTESIAN_POINT('',(107.195,-175.41,0.));
#6424 = DIRECTION('',(0.,-1.,0.));
#6425 = DIRECTION('',(-1.,0.,0.));
#6426 = ADVANCED_FACE('',(#6427),#6438,.T.);
#6427 = FACE_BOUND('',#6428,.T.);
#6428 = EDGE_LOOP('',(#6429,#6435,#6436,#6437));
#6429 = ORIENTED_EDGE('',*,*,#6430,.T.);
#6430 = EDGE_CURVE('',#1116,#3334,#6431,.T.);
#6431 = LINE('',#6432,#6433);
#6432 = CARTESIAN_POINT('',(108.938934,-177.766655,0.));
#6433 = VECTOR('',#6434,1.);
#6434 = DIRECTION('',(0.,0.,1.));
#6435 = ORIENTED_EDGE('',*,*,#3333,.T.);
#6436 = ORIENTED_EDGE('',*,*,#6396,.F.);
#6437 = ORIENTED_EDGE('',*,*,#1115,.F.);
#6438 = CYLINDRICAL_SURFACE('',#6439,0.299998582341);
#6439 = AXIS2_PLACEMENT_3D('',#6440,#6441,#6442);
#6440 = CARTESIAN_POINT('',(109.19499858234,-177.6103537553,0.));
#6441 = DIRECTION('',(0.,0.,-1.));
#6442 = DIRECTION('',(-0.853552641289,-0.52100661085,-0.));
#6443 = ADVANCED_FACE('',(#6444),#6455,.T.);
#6444 = FACE_BOUND('',#6445,.T.);
#6445 = EDGE_LOOP('',(#6446,#6447,#6448,#6454));
#6446 = ORIENTED_EDGE('',*,*,#6415,.T.);
#6447 = ORIENTED_EDGE('',*,*,#3437,.T.);
#6448 = ORIENTED_EDGE('',*,*,#6449,.F.);
#6449 = EDGE_CURVE('',#1211,#3429,#6450,.T.);
#6450 = LINE('',#6451,#6452);
#6451 = CARTESIAN_POINT('',(106.138345,-175.366066,0.));
#6452 = VECTOR('',#6453,1.);
#6453 = DIRECTION('',(0.,0.,1.));
#6454 = ORIENTED_EDGE('',*,*,#1219,.F.);
#6455 = CYLINDRICAL_SURFACE('',#6456,0.299998582341);
#6456 = AXIS2_PLACEMENT_3D('',#6457,#6458,#6459);
#6457 = CARTESIAN_POINT('',(106.29464624464,-175.1100014176,0.));
#6458 = DIRECTION('',(0.,0.,-1.));
#6459 = DIRECTION('',(2.517861435984E-06,-0.999999999997,0.));
#6460 = ADVANCED_FACE('',(#6461),#6472,.F.);
#6461 = FACE_BOUND('',#6462,.T.);
#6462 = EDGE_LOOP('',(#6463,#6469,#6470,#6471));
#6463 = ORIENTED_EDGE('',*,*,#6464,.T.);
#6464 = EDGE_CURVE('',#1125,#3343,#6465,.T.);
#6465 = LINE('',#6466,#6467);
#6466 = CARTESIAN_POINT('',(108.251655,-178.453934,0.));
#6467 = VECTOR('',#6468,1.);
#6468 = DIRECTION('',(0.,0.,1.));
#6469 = ORIENTED_EDGE('',*,*,#3342,.T.);
#6470 = ORIENTED_EDGE('',*,*,#6430,.F.);
#6471 = ORIENTED_EDGE('',*,*,#1124,.F.);
#6472 = CYLINDRICAL_SURFACE('',#6473,0.499999603944);
#6473 = AXIS2_PLACEMENT_3D('',#6474,#6475,#6476);
#6474 = CARTESIAN_POINT('',(108.51215788946,-178.0271578894,0.));
#6475 = DIRECTION('',(-0.,-0.,-1.));
#6476 = DIRECTION('',(-0.521006191615,-0.853552897188,0.));
#6477 = ADVANCED_FACE('',(#6478),#6489,.F.);
#6478 = FACE_BOUND('',#6479,.T.);
#6479 = EDGE_LOOP('',(#6480,#6481,#6482,#6488));
#6480 = ORIENTED_EDGE('',*,*,#6449,.T.);
#6481 = ORIENTED_EDGE('',*,*,#3428,.T.);
#6482 = ORIENTED_EDGE('',*,*,#6483,.F.);
#6483 = EDGE_CURVE('',#1202,#3420,#6484,.T.);
#6484 = LINE('',#6485,#6486);
#6485 = CARTESIAN_POINT('',(105.451066,-176.053345,0.));
#6486 = VECTOR('',#6487,1.);
#6487 = DIRECTION('',(0.,0.,1.));
#6488 = ORIENTED_EDGE('',*,*,#1210,.F.);
#6489 = CYLINDRICAL_SURFACE('',#6490,0.499999603944);
#6490 = AXIS2_PLACEMENT_3D('',#6491,#6492,#6493);
#6491 = CARTESIAN_POINT('',(105.87784211054,-175.7928421105,0.));
#6492 = DIRECTION('',(-0.,-0.,-1.));
#6493 = DIRECTION('',(0.521006191615,0.853552897188,-0.));
#6494 = ADVANCED_FACE('',(#6495),#6506,.T.);
#6495 = FACE_BOUND('',#6496,.T.);
#6496 = EDGE_LOOP('',(#6497,#6503,#6504,#6505));
#6497 = ORIENTED_EDGE('',*,*,#6498,.T.);
#6498 = EDGE_CURVE('',#1134,#3352,#6499,.T.);
#6499 = LINE('',#6500,#6501);
#6500 = CARTESIAN_POINT('',(108.095353,-178.41,0.));
#6501 = VECTOR('',#6502,1.);
#6502 = DIRECTION('',(0.,0.,1.));
#6503 = ORIENTED_EDGE('',*,*,#3351,.T.);
#6504 = ORIENTED_EDGE('',*,*,#6464,.F.);
#6505 = ORIENTED_EDGE('',*,*,#1133,.F.);
#6506 = CYLINDRICAL_SURFACE('',#6507,0.299998582341);
#6507 = AXIS2_PLACEMENT_3D('',#6508,#6509,#6510);
#6508 = CARTESIAN_POINT('',(108.09535375535,-178.7099985823,0.));
#6509 = DIRECTION('',(0.,0.,-1.));
#6510 = DIRECTION('',(-2.517861483354E-06,0.999999999997,0.));
#6511 = ADVANCED_FACE('',(#6512),#6523,.T.);
#6512 = FACE_BOUND('',#6513,.T.);
#6513 = EDGE_LOOP('',(#6514,#6515,#6516,#6522));
#6514 = ORIENTED_EDGE('',*,*,#6483,.T.);
#6515 = ORIENTED_EDGE('',*,*,#3419,.T.);
#6516 = ORIENTED_EDGE('',*,*,#6517,.F.);
#6517 = EDGE_CURVE('',#1194,#3412,#6518,.T.);
#6518 = LINE('',#6519,#6520);
#6519 = CARTESIAN_POINT('',(105.495,-176.209647,0.));
#6520 = VECTOR('',#6521,1.);
#6521 = DIRECTION('',(0.,0.,1.));
#6522 = ORIENTED_EDGE('',*,*,#1201,.F.);
#6523 = CYLINDRICAL_SURFACE('',#6524,0.299998582341);
#6524 = AXIS2_PLACEMENT_3D('',#6525,#6526,#6527);
#6525 = CARTESIAN_POINT('',(105.19500141766,-176.2096462446,0.));
#6526 = DIRECTION('',(0.,0.,-1.));
#6527 = DIRECTION('',(0.853552641289,0.52100661085,0.));
#6528 = ADVANCED_FACE('',(#6529),#6540,.T.);
#6529 = FACE_BOUND('',#6530,.T.);
#6530 = EDGE_LOOP('',(#6531,#6537,#6538,#6539));
#6531 = ORIENTED_EDGE('',*,*,#6532,.T.);
#6532 = EDGE_CURVE('',#1143,#3361,#6533,.T.);
#6533 = LINE('',#6534,#6535);
#6534 = CARTESIAN_POINT('',(107.195,-178.41,0.));
#6535 = VECTOR('',#6536,1.);
#6536 = DIRECTION('',(0.,0.,1.));
#6537 = ORIENTED_EDGE('',*,*,#3360,.T.);
#6538 = ORIENTED_EDGE('',*,*,#6498,.F.);
#6539 = ORIENTED_EDGE('',*,*,#1142,.F.);
#6540 = PLANE('',#6541);
#6541 = AXIS2_PLACEMENT_3D('',#6542,#6543,#6544);
#6542 = CARTESIAN_POINT('',(107.195,-178.41,0.));
#6543 = DIRECTION('',(0.,1.,0.));
#6544 = DIRECTION('',(1.,0.,0.));
#6545 = ADVANCED_FACE('',(#6546),#6557,.T.);
#6546 = FACE_BOUND('',#6547,.T.);
#6547 = EDGE_LOOP('',(#6548,#6549,#6550,#6556));
#6548 = ORIENTED_EDGE('',*,*,#6517,.T.);
#6549 = ORIENTED_EDGE('',*,*,#3411,.T.);
#6550 = ORIENTED_EDGE('',*,*,#6551,.F.);
#6551 = EDGE_CURVE('',#1186,#3404,#6552,.T.);
#6552 = LINE('',#6553,#6554);
#6553 = CARTESIAN_POINT('',(105.495,-176.91,0.));
#6554 = VECTOR('',#6555,1.);
#6555 = DIRECTION('',(0.,0.,1.));
#6556 = ORIENTED_EDGE('',*,*,#1193,.F.);
#6557 = PLANE('',#6558);
#6558 = AXIS2_PLACEMENT_3D('',#6559,#6560,#6561);
#6559 = CARTESIAN_POINT('',(105.495,-176.209647,0.));
#6560 = DIRECTION('',(1.,0.,-0.));
#6561 = DIRECTION('',(0.,-1.,0.));
#6562 = ADVANCED_FACE('',(#6563),#6574,.T.);
#6563 = FACE_BOUND('',#6564,.T.);
#6564 = EDGE_LOOP('',(#6565,#6571,#6572,#6573));
#6565 = ORIENTED_EDGE('',*,*,#6566,.T.);
#6566 = EDGE_CURVE('',#1151,#3369,#6567,.T.);
#6567 = LINE('',#6568,#6569);
#6568 = CARTESIAN_POINT('',(106.294647,-178.41,0.));
#6569 = VECTOR('',#6570,1.);
#6570 = DIRECTION('',(0.,0.,1.));
#6571 = ORIENTED_EDGE('',*,*,#3368,.T.);
#6572 = ORIENTED_EDGE('',*,*,#6532,.F.);
#6573 = ORIENTED_EDGE('',*,*,#1150,.F.);
#6574 = PLANE('',#6575);
#6575 = AXIS2_PLACEMENT_3D('',#6576,#6577,#6578);
#6576 = CARTESIAN_POINT('',(106.294647,-178.41,0.));
#6577 = DIRECTION('',(0.,1.,0.));
#6578 = DIRECTION('',(1.,0.,0.));
#6579 = ADVANCED_FACE('',(#6580),#6591,.T.);
#6580 = FACE_BOUND('',#6581,.T.);
#6581 = EDGE_LOOP('',(#6582,#6583,#6584,#6590));
#6582 = ORIENTED_EDGE('',*,*,#6551,.T.);
#6583 = ORIENTED_EDGE('',*,*,#3403,.T.);
#6584 = ORIENTED_EDGE('',*,*,#6585,.F.);
#6585 = EDGE_CURVE('',#1177,#3395,#6586,.T.);
#6586 = LINE('',#6587,#6588);
#6587 = CARTESIAN_POINT('',(105.495,-177.610353,0.));
#6588 = VECTOR('',#6589,1.);
#6589 = DIRECTION('',(0.,0.,1.));
#6590 = ORIENTED_EDGE('',*,*,#1185,.F.);
#6591 = PLANE('',#6592);
#6592 = AXIS2_PLACEMENT_3D('',#6593,#6594,#6595);
#6593 = CARTESIAN_POINT('',(105.495,-176.91,0.));
#6594 = DIRECTION('',(1.,0.,-0.));
#6595 = DIRECTION('',(0.,-1.,0.));
#6596 = ADVANCED_FACE('',(#6597),#6608,.T.);
#6597 = FACE_BOUND('',#6598,.T.);
#6598 = EDGE_LOOP('',(#6599,#6605,#6606,#6607));
#6599 = ORIENTED_EDGE('',*,*,#6600,.T.);
#6600 = EDGE_CURVE('',#1159,#3377,#6601,.T.);
#6601 = LINE('',#6602,#6603);
#6602 = CARTESIAN_POINT('',(106.138345,-178.453934,0.));
#6603 = VECTOR('',#6604,1.);
#6604 = DIRECTION('',(0.,0.,1.));
#6605 = ORIENTED_EDGE('',*,*,#3376,.T.);
#6606 = ORIENTED_EDGE('',*,*,#6566,.F.);
#6607 = ORIENTED_EDGE('',*,*,#1158,.F.);
#6608 = CYLINDRICAL_SURFACE('',#6609,0.299998582341);
#6609 = AXIS2_PLACEMENT_3D('',#6610,#6611,#6612);
#6610 = CARTESIAN_POINT('',(106.29464624464,-178.7099985823,0.));
#6611 = DIRECTION('',(0.,0.,-1.));
#6612 = DIRECTION('',(-0.52100661085,0.853552641289,0.));
#6613 = ADVANCED_FACE('',(#6614),#6625,.T.);
#6614 = FACE_BOUND('',#6615,.T.);
#6615 = EDGE_LOOP('',(#6616,#6617,#6618,#6624));
#6616 = ORIENTED_EDGE('',*,*,#6585,.T.);
#6617 = ORIENTED_EDGE('',*,*,#3394,.T.);
#6618 = ORIENTED_EDGE('',*,*,#6619,.F.);
#6619 = EDGE_CURVE('',#1168,#3386,#6620,.T.);
#6620 = LINE('',#6621,#6622);
#6621 = CARTESIAN_POINT('',(105.451066,-177.766655,0.));
#6622 = VECTOR('',#6623,1.);
#6623 = DIRECTION('',(0.,0.,1.));
#6624 = ORIENTED_EDGE('',*,*,#1176,.F.);
#6625 = CYLINDRICAL_SURFACE('',#6626,0.299998582341);
#6626 = AXIS2_PLACEMENT_3D('',#6627,#6628,#6629);
#6627 = CARTESIAN_POINT('',(105.19500141766,-177.6103537553,0.));
#6628 = DIRECTION('',(0.,0.,-1.));
#6629 = DIRECTION('',(0.999999999997,2.517861104394E-06,0.));
#6630 = ADVANCED_FACE('',(#6631),#6637,.F.);
#6631 = FACE_BOUND('',#6632,.T.);
#6632 = EDGE_LOOP('',(#6633,#6634,#6635,#6636));
#6633 = ORIENTED_EDGE('',*,*,#6619,.T.);
#6634 = ORIENTED_EDGE('',*,*,#3385,.T.);
#6635 = ORIENTED_EDGE('',*,*,#6600,.F.);
#6636 = ORIENTED_EDGE('',*,*,#1167,.F.);
#6637 = CYLINDRICAL_SURFACE('',#6638,0.499999603944);
#6638 = AXIS2_PLACEMENT_3D('',#6639,#6640,#6641);
#6639 = CARTESIAN_POINT('',(105.87784211054,-178.0271578894,0.));
#6640 = DIRECTION('',(-0.,-0.,-1.));
#6641 = DIRECTION('',(-0.853552897188,0.521006191615,0.));
#6642 = ADVANCED_FACE('',(#6643),#6654,.F.);
#6643 = FACE_BOUND('',#6644,.T.);
#6644 = EDGE_LOOP('',(#6645,#6646,#6652,#6653));
#6645 = ORIENTED_EDGE('',*,*,#1253,.T.);
#6646 = ORIENTED_EDGE('',*,*,#6647,.T.);
#6647 = EDGE_CURVE('',#1254,#3472,#6648,.T.);
#6648 = LINE('',#6649,#6650);
#6649 = CARTESIAN_POINT('',(102.695,-166.91,-4.6E-02));
#6650 = VECTOR('',#6651,1.);
#6651 = DIRECTION('',(0.,0.,1.));
#6652 = ORIENTED_EDGE('',*,*,#3471,.F.);
#6653 = ORIENTED_EDGE('',*,*,#6647,.F.);
#6654 = CYLINDRICAL_SURFACE('',#6655,2.);
#6655 = AXIS2_PLACEMENT_3D('',#6656,#6657,#6658);
#6656 = CARTESIAN_POINT('',(102.695,-164.91,-4.6E-02));
#6657 = DIRECTION('',(-0.,-0.,-1.));
#6658 = DIRECTION('',(-0.,-1.,0.));
#6659 = ADVANCED_FACE('',(#6660),#6671,.F.);
#6660 = FACE_BOUND('',#6661,.T.);
#6661 = EDGE_LOOP('',(#6662,#6663,#6669,#6670));
#6662 = ORIENTED_EDGE('',*,*,#1264,.T.);
#6663 = ORIENTED_EDGE('',*,*,#6664,.T.);
#6664 = EDGE_CURVE('',#1265,#3483,#6665,.T.);
#6665 = LINE('',#6666,#6667);
#6666 = CARTESIAN_POINT('',(98.885,-163.12,-4.6E-02));
#6667 = VECTOR('',#6668,1.);
#6668 = DIRECTION('',(0.,0.,1.));
#6669 = ORIENTED_EDGE('',*,*,#3482,.F.);
#6670 = ORIENTED_EDGE('',*,*,#6664,.F.);
#6671 = CYLINDRICAL_SURFACE('',#6672,0.75);
#6672 = AXIS2_PLACEMENT_3D('',#6673,#6674,#6675);
#6673 = CARTESIAN_POINT('',(98.885,-162.37,-4.6E-02));
#6674 = DIRECTION('',(-0.,-0.,-1.));
#6675 = DIRECTION('',(-0.,-1.,0.));
#6676 = ADVANCED_FACE('',(#6677),#6688,.F.);
#6677 = FACE_BOUND('',#6678,.T.);
#6678 = EDGE_LOOP('',(#6679,#6680,#6686,#6687));
#6679 = ORIENTED_EDGE('',*,*,#1275,.T.);
#6680 = ORIENTED_EDGE('',*,*,#6681,.T.);
#6681 = EDGE_CURVE('',#1276,#3494,#6682,.T.);
#6682 = LINE('',#6683,#6684);
#6683 = CARTESIAN_POINT('',(105.235,-160.58,-4.6E-02));
#6684 = VECTOR('',#6685,1.);
#6685 = DIRECTION('',(0.,0.,1.));
#6686 = ORIENTED_EDGE('',*,*,#3493,.F.);
#6687 = ORIENTED_EDGE('',*,*,#6681,.F.);
#6688 = CYLINDRICAL_SURFACE('',#6689,0.75);
#6689 = AXIS2_PLACEMENT_3D('',#6690,#6691,#6692);
#6690 = CARTESIAN_POINT('',(105.235,-159.83,-4.6E-02));
#6691 = DIRECTION('',(-0.,-0.,-1.));
#6692 = DIRECTION('',(-0.,-1.,0.));
#6693 = ADVANCED_FACE('',(#6694),#6705,.F.);
#6694 = FACE_BOUND('',#6695,.T.);
#6695 = EDGE_LOOP('',(#6696,#6697,#6703,#6704));
#6696 = ORIENTED_EDGE('',*,*,#1286,.T.);
#6697 = ORIENTED_EDGE('',*,*,#6698,.T.);
#6698 = EDGE_CURVE('',#1287,#3505,#6699,.T.);
#6699 = LINE('',#6700,#6701);
#6700 = CARTESIAN_POINT('',(117.385,-177.31,-4.6E-02));
#6701 = VECTOR('',#6702,1.);
#6702 = DIRECTION('',(0.,0.,1.));
#6703 = ORIENTED_EDGE('',*,*,#3504,.F.);
#6704 = ORIENTED_EDGE('',*,*,#6698,.F.);
#6705 = CYLINDRICAL_SURFACE('',#6706,0.4);
#6706 = AXIS2_PLACEMENT_3D('',#6707,#6708,#6709);
#6707 = CARTESIAN_POINT('',(117.385,-176.91,-4.6E-02));
#6708 = DIRECTION('',(-0.,0.,-1.));
#6709 = DIRECTION('',(3.5527136788E-14,-1.,-0.));
#6710 = ADVANCED_FACE('',(#6711),#6722,.F.);
#6711 = FACE_BOUND('',#6712,.T.);
#6712 = EDGE_LOOP('',(#6713,#6714,#6720,#6721));
#6713 = ORIENTED_EDGE('',*,*,#1297,.T.);
#6714 = ORIENTED_EDGE('',*,*,#6715,.T.);
#6715 = EDGE_CURVE('',#1298,#3516,#6716,.T.);
#6716 = LINE('',#6717,#6718);
#6717 = CARTESIAN_POINT('',(125.005,-177.31,-4.6E-02));
#6718 = VECTOR('',#6719,1.);
#6719 = DIRECTION('',(0.,0.,1.));
#6720 = ORIENTED_EDGE('',*,*,#3515,.F.);
#6721 = ORIENTED_EDGE('',*,*,#6715,.F.);
#6722 = CYLINDRICAL_SURFACE('',#6723,0.4);
#6723 = AXIS2_PLACEMENT_3D('',#6724,#6725,#6726);
#6724 = CARTESIAN_POINT('',(125.005,-176.91,-4.6E-02));
#6725 = DIRECTION('',(-0.,-0.,-1.));
#6726 = DIRECTION('',(-0.,-1.,0.));
#6727 = ADVANCED_FACE('',(#6728),#6744,.F.);
#6728 = FACE_BOUND('',#6729,.T.);
#6729 = EDGE_LOOP('',(#6730,#6736,#6737,#6743));
#6730 = ORIENTED_EDGE('',*,*,#6731,.T.);
#6731 = EDGE_CURVE('',#1309,#3527,#6732,.T.);
#6732 = LINE('',#6733,#6734);
#6733 = CARTESIAN_POINT('',(131.938934,-176.053345,0.));
#6734 = VECTOR('',#6735,1.);
#6735 = DIRECTION('',(0.,0.,1.));
#6736 = ORIENTED_EDGE('',*,*,#3526,.T.);
#6737 = ORIENTED_EDGE('',*,*,#6738,.F.);
#6738 = EDGE_CURVE('',#1311,#3529,#6739,.T.);
#6739 = LINE('',#6740,#6741);
#6740 = CARTESIAN_POINT('',(131.251655,-175.366066,0.));
#6741 = VECTOR('',#6742,1.);
#6742 = DIRECTION('',(0.,0.,1.));
#6743 = ORIENTED_EDGE('',*,*,#1308,.F.);
#6744 = CYLINDRICAL_SURFACE('',#6745,0.499999603944);
#6745 = AXIS2_PLACEMENT_3D('',#6746,#6747,#6748);
#6746 = CARTESIAN_POINT('',(131.51215788946,-175.7928421105,0.));
#6747 = DIRECTION('',(-0.,-0.,-1.));
#6748 = DIRECTION('',(0.853552897188,-0.521006191616,0.));
#6749 = ADVANCED_FACE('',(#6750),#6761,.T.);
#6750 = FACE_BOUND('',#6751,.T.);
#6751 = EDGE_LOOP('',(#6752,#6758,#6759,#6760));
#6752 = ORIENTED_EDGE('',*,*,#6753,.T.);
#6753 = EDGE_CURVE('',#1320,#3538,#6754,.T.);
#6754 = LINE('',#6755,#6756);
#6755 = CARTESIAN_POINT('',(131.895,-176.209647,0.));
#6756 = VECTOR('',#6757,1.);
#6757 = DIRECTION('',(0.,0.,1.));
#6758 = ORIENTED_EDGE('',*,*,#3537,.T.);
#6759 = ORIENTED_EDGE('',*,*,#6731,.F.);
#6760 = ORIENTED_EDGE('',*,*,#1319,.F.);
#6761 = CYLINDRICAL_SURFACE('',#6762,0.299998582341);
#6762 = AXIS2_PLACEMENT_3D('',#6763,#6764,#6765);
#6763 = CARTESIAN_POINT('',(132.19499858234,-176.2096462446,0.));
#6764 = DIRECTION('',(0.,0.,-1.));
#6765 = DIRECTION('',(-0.999999999997,-2.517861293873E-06,-0.));
#6766 = ADVANCED_FACE('',(#6767),#6778,.T.);
#6767 = FACE_BOUND('',#6768,.T.);
#6768 = EDGE_LOOP('',(#6769,#6770,#6771,#6777));
#6769 = ORIENTED_EDGE('',*,*,#6738,.T.);
#6770 = ORIENTED_EDGE('',*,*,#3691,.T.);
#6771 = ORIENTED_EDGE('',*,*,#6772,.F.);
#6772 = EDGE_CURVE('',#1466,#3684,#6773,.T.);
#6773 = LINE('',#6774,#6775);
#6774 = CARTESIAN_POINT('',(131.095353,-175.41,0.));
#6775 = VECTOR('',#6776,1.);
#6776 = DIRECTION('',(0.,0.,1.));
#6777 = ORIENTED_EDGE('',*,*,#1473,.F.);
#6778 = CYLINDRICAL_SURFACE('',#6779,0.299998582341);
#6779 = AXIS2_PLACEMENT_3D('',#6780,#6781,#6782);
#6780 = CARTESIAN_POINT('',(131.09535375535,-175.1100014176,0.));
#6781 = DIRECTION('',(0.,0.,-1.));
#6782 = DIRECTION('',(0.52100661085,-0.853552641289,0.));
#6783 = ADVANCED_FACE('',(#6784),#6795,.T.);
#6784 = FACE_BOUND('',#6785,.T.);
#6785 = EDGE_LOOP('',(#6786,#6792,#6793,#6794));
#6786 = ORIENTED_EDGE('',*,*,#6787,.T.);
#6787 = EDGE_CURVE('',#1329,#3547,#6788,.T.);
#6788 = LINE('',#6789,#6790);
#6789 = CARTESIAN_POINT('',(131.895,-176.91,0.));
#6790 = VECTOR('',#6791,1.);
#6791 = DIRECTION('',(0.,0.,1.));
#6792 = ORIENTED_EDGE('',*,*,#3546,.T.);
#6793 = ORIENTED_EDGE('',*,*,#6753,.F.);
#6794 = ORIENTED_EDGE('',*,*,#1328,.F.);
#6795 = PLANE('',#6796);
#6796 = AXIS2_PLACEMENT_3D('',#6797,#6798,#6799);
#6797 = CARTESIAN_POINT('',(131.895,-176.91,0.));
#6798 = DIRECTION('',(-1.,0.,0.));
#6799 = DIRECTION('',(0.,1.,0.));
#6800 = ADVANCED_FACE('',(#6801),#6812,.T.);
#6801 = FACE_BOUND('',#6802,.T.);
#6802 = EDGE_LOOP('',(#6803,#6804,#6805,#6811));
#6803 = ORIENTED_EDGE('',*,*,#6772,.T.);
#6804 = ORIENTED_EDGE('',*,*,#3683,.T.);
#6805 = ORIENTED_EDGE('',*,*,#6806,.F.);
#6806 = EDGE_CURVE('',#1458,#3676,#6807,.T.);
#6807 = LINE('',#6808,#6809);
#6808 = CARTESIAN_POINT('',(130.195,-175.41,0.));
#6809 = VECTOR('',#6810,1.);
#6810 = DIRECTION('',(0.,0.,1.));
#6811 = ORIENTED_EDGE('',*,*,#1465,.F.);
#6812 = PLANE('',#6813);
#6813 = AXIS2_PLACEMENT_3D('',#6814,#6815,#6816);
#6814 = CARTESIAN_POINT('',(131.095353,-175.41,0.));
#6815 = DIRECTION('',(0.,-1.,0.));
#6816 = DIRECTION('',(-1.,0.,0.));
#6817 = ADVANCED_FACE('',(#6818),#6829,.T.);
#6818 = FACE_BOUND('',#6819,.T.);
#6819 = EDGE_LOOP('',(#6820,#6826,#6827,#6828));
#6820 = ORIENTED_EDGE('',*,*,#6821,.T.);
#6821 = EDGE_CURVE('',#1337,#3555,#6822,.T.);
#6822 = LINE('',#6823,#6824);
#6823 = CARTESIAN_POINT('',(131.895,-177.610353,0.));
#6824 = VECTOR('',#6825,1.);
#6825 = DIRECTION('',(0.,0.,1.));
#6826 = ORIENTED_EDGE('',*,*,#3554,.T.);
#6827 = ORIENTED_EDGE('',*,*,#6787,.F.);
#6828 = ORIENTED_EDGE('',*,*,#1336,.F.);
#6829 = PLANE('',#6830);
#6830 = AXIS2_PLACEMENT_3D('',#6831,#6832,#6833);
#6831 = CARTESIAN_POINT('',(131.895,-177.610353,0.));
#6832 = DIRECTION('',(-1.,0.,0.));
#6833 = DIRECTION('',(0.,1.,0.));
#6834 = ADVANCED_FACE('',(#6835),#6846,.T.);
#6835 = FACE_BOUND('',#6836,.T.);
#6836 = EDGE_LOOP('',(#6837,#6838,#6839,#6845));
#6837 = ORIENTED_EDGE('',*,*,#6806,.T.);
#6838 = ORIENTED_EDGE('',*,*,#3675,.T.);
#6839 = ORIENTED_EDGE('',*,*,#6840,.F.);
#6840 = EDGE_CURVE('',#1449,#3667,#6841,.T.);
#6841 = LINE('',#6842,#6843);
#6842 = CARTESIAN_POINT('',(129.294647,-175.41,0.));
#6843 = VECTOR('',#6844,1.);
#6844 = DIRECTION('',(0.,0.,1.));
#6845 = ORIENTED_EDGE('',*,*,#1457,.F.);
#6846 = PLANE('',#6847);
#6847 = AXIS2_PLACEMENT_3D('',#6848,#6849,#6850);
#6848 = CARTESIAN_POINT('',(130.195,-175.41,0.));
#6849 = DIRECTION('',(0.,-1.,0.));
#6850 = DIRECTION('',(-1.,0.,0.));
#6851 = ADVANCED_FACE('',(#6852),#6863,.T.);
#6852 = FACE_BOUND('',#6853,.T.);
#6853 = EDGE_LOOP('',(#6854,#6860,#6861,#6862));
#6854 = ORIENTED_EDGE('',*,*,#6855,.T.);
#6855 = EDGE_CURVE('',#1345,#3563,#6856,.T.);
#6856 = LINE('',#6857,#6858);
#6857 = CARTESIAN_POINT('',(131.938934,-177.766655,0.));
#6858 = VECTOR('',#6859,1.);
#6859 = DIRECTION('',(0.,0.,1.));
#6860 = ORIENTED_EDGE('',*,*,#3562,.T.);
#6861 = ORIENTED_EDGE('',*,*,#6821,.F.);
#6862 = ORIENTED_EDGE('',*,*,#1344,.F.);
#6863 = CYLINDRICAL_SURFACE('',#6864,0.299998582341);
#6864 = AXIS2_PLACEMENT_3D('',#6865,#6866,#6867);
#6865 = CARTESIAN_POINT('',(132.19499858234,-177.6103537553,0.));
#6866 = DIRECTION('',(0.,0.,-1.));
#6867 = DIRECTION('',(-0.853552641289,-0.521006610849,-0.));
#6868 = ADVANCED_FACE('',(#6869),#6880,.T.);
#6869 = FACE_BOUND('',#6870,.T.);
#6870 = EDGE_LOOP('',(#6871,#6872,#6873,#6879));
#6871 = ORIENTED_EDGE('',*,*,#6840,.T.);
#6872 = ORIENTED_EDGE('',*,*,#3666,.T.);
#6873 = ORIENTED_EDGE('',*,*,#6874,.F.);
#6874 = EDGE_CURVE('',#1440,#3658,#6875,.T.);
#6875 = LINE('',#6876,#6877);
#6876 = CARTESIAN_POINT('',(129.138345,-175.366066,0.));
#6877 = VECTOR('',#6878,1.);
#6878 = DIRECTION('',(0.,0.,1.));
#6879 = ORIENTED_EDGE('',*,*,#1448,.F.);
#6880 = CYLINDRICAL_SURFACE('',#6881,0.299998582341);
#6881 = AXIS2_PLACEMENT_3D('',#6882,#6883,#6884);
#6882 = CARTESIAN_POINT('',(129.29464624464,-175.1100014176,0.));
#6883 = DIRECTION('',(0.,0.,-1.));
#6884 = DIRECTION('',(2.517861483353E-06,-0.999999999997,0.));
#6885 = ADVANCED_FACE('',(#6886),#6897,.F.);
#6886 = FACE_BOUND('',#6887,.T.);
#6887 = EDGE_LOOP('',(#6888,#6894,#6895,#6896));
#6888 = ORIENTED_EDGE('',*,*,#6889,.T.);
#6889 = EDGE_CURVE('',#1354,#3572,#6890,.T.);
#6890 = LINE('',#6891,#6892);
#6891 = CARTESIAN_POINT('',(131.251655,-178.453934,0.));
#6892 = VECTOR('',#6893,1.);
#6893 = DIRECTION('',(0.,0.,1.));
#6894 = ORIENTED_EDGE('',*,*,#3571,.T.);
#6895 = ORIENTED_EDGE('',*,*,#6855,.F.);
#6896 = ORIENTED_EDGE('',*,*,#1353,.F.);
#6897 = CYLINDRICAL_SURFACE('',#6898,0.499999603944);
#6898 = AXIS2_PLACEMENT_3D('',#6899,#6900,#6901);
#6899 = CARTESIAN_POINT('',(131.51215788946,-178.0271578894,0.));
#6900 = DIRECTION('',(-0.,-0.,-1.));
#6901 = DIRECTION('',(-0.521006191616,-0.853552897188,0.));
#6902 = ADVANCED_FACE('',(#6903),#6914,.F.);
#6903 = FACE_BOUND('',#6904,.T.);
#6904 = EDGE_LOOP('',(#6905,#6906,#6907,#6913));
#6905 = ORIENTED_EDGE('',*,*,#6874,.T.);
#6906 = ORIENTED_EDGE('',*,*,#3657,.T.);
#6907 = ORIENTED_EDGE('',*,*,#6908,.F.);
#6908 = EDGE_CURVE('',#1431,#3649,#6909,.T.);
#6909 = LINE('',#6910,#6911);
#6910 = CARTESIAN_POINT('',(128.451066,-176.053345,0.));
#6911 = VECTOR('',#6912,1.);
#6912 = DIRECTION('',(0.,0.,1.));
#6913 = ORIENTED_EDGE('',*,*,#1439,.F.);
#6914 = CYLINDRICAL_SURFACE('',#6915,0.499999603944);
#6915 = AXIS2_PLACEMENT_3D('',#6916,#6917,#6918);
#6916 = CARTESIAN_POINT('',(128.87784211054,-175.7928421105,0.));
#6917 = DIRECTION('',(-0.,-0.,-1.));
#6918 = DIRECTION('',(0.521006191615,0.853552897188,-0.));
#6919 = ADVANCED_FACE('',(#6920),#6931,.T.);
#6920 = FACE_BOUND('',#6921,.T.);
#6921 = EDGE_LOOP('',(#6922,#6928,#6929,#6930));
#6922 = ORIENTED_EDGE('',*,*,#6923,.T.);
#6923 = EDGE_CURVE('',#1363,#3581,#6924,.T.);
#6924 = LINE('',#6925,#6926);
#6925 = CARTESIAN_POINT('',(131.095353,-178.41,0.));
#6926 = VECTOR('',#6927,1.);
#6927 = DIRECTION('',(0.,0.,1.));
#6928 = ORIENTED_EDGE('',*,*,#3580,.T.);
#6929 = ORIENTED_EDGE('',*,*,#6889,.F.);
#6930 = ORIENTED_EDGE('',*,*,#1362,.F.);
#6931 = CYLINDRICAL_SURFACE('',#6932,0.299998582341);
#6932 = AXIS2_PLACEMENT_3D('',#6933,#6934,#6935);
#6933 = CARTESIAN_POINT('',(131.09535375535,-178.7099985823,0.));
#6934 = DIRECTION('',(0.,0.,-1.));
#6935 = DIRECTION('',(-2.517861578095E-06,0.999999999997,0.));
#6936 = ADVANCED_FACE('',(#6937),#6948,.T.);
#6937 = FACE_BOUND('',#6938,.T.);
#6938 = EDGE_LOOP('',(#6939,#6940,#6941,#6947));
#6939 = ORIENTED_EDGE('',*,*,#6908,.T.);
#6940 = ORIENTED_EDGE('',*,*,#3648,.T.);
#6941 = ORIENTED_EDGE('',*,*,#6942,.F.);
#6942 = EDGE_CURVE('',#1423,#3641,#6943,.T.);
#6943 = LINE('',#6944,#6945);
#6944 = CARTESIAN_POINT('',(128.495,-176.209647,0.));
#6945 = VECTOR('',#6946,1.);
#6946 = DIRECTION('',(0.,0.,1.));
#6947 = ORIENTED_EDGE('',*,*,#1430,.F.);
#6948 = CYLINDRICAL_SURFACE('',#6949,0.299998582341);
#6949 = AXIS2_PLACEMENT_3D('',#6950,#6951,#6952);
#6950 = CARTESIAN_POINT('',(128.19500141766,-176.2096462446,0.));
#6951 = DIRECTION('',(0.,0.,-1.));
#6952 = DIRECTION('',(0.853552641289,0.52100661085,0.));
#6953 = ADVANCED_FACE('',(#6954),#6965,.T.);
#6954 = FACE_BOUND('',#6955,.T.);
#6955 = EDGE_LOOP('',(#6956,#6962,#6963,#6964));
#6956 = ORIENTED_EDGE('',*,*,#6957,.T.);
#6957 = EDGE_CURVE('',#1372,#3590,#6958,.T.);
#6958 = LINE('',#6959,#6960);
#6959 = CARTESIAN_POINT('',(130.195,-178.41,0.));
#6960 = VECTOR('',#6961,1.);
#6961 = DIRECTION('',(0.,0.,1.));
#6962 = ORIENTED_EDGE('',*,*,#3589,.T.);
#6963 = ORIENTED_EDGE('',*,*,#6923,.F.);
#6964 = ORIENTED_EDGE('',*,*,#1371,.F.);
#6965 = PLANE('',#6966);
#6966 = AXIS2_PLACEMENT_3D('',#6967,#6968,#6969);
#6967 = CARTESIAN_POINT('',(130.195,-178.41,0.));
#6968 = DIRECTION('',(0.,1.,0.));
#6969 = DIRECTION('',(1.,0.,0.));
#6970 = ADVANCED_FACE('',(#6971),#6982,.T.);
#6971 = FACE_BOUND('',#6972,.T.);
#6972 = EDGE_LOOP('',(#6973,#6974,#6975,#6981));
#6973 = ORIENTED_EDGE('',*,*,#6942,.T.);
#6974 = ORIENTED_EDGE('',*,*,#3640,.T.);
#6975 = ORIENTED_EDGE('',*,*,#6976,.F.);
#6976 = EDGE_CURVE('',#1415,#3633,#6977,.T.);
#6977 = LINE('',#6978,#6979);
#6978 = CARTESIAN_POINT('',(128.495,-176.91,0.));
#6979 = VECTOR('',#6980,1.);
#6980 = DIRECTION('',(0.,0.,1.));
#6981 = ORIENTED_EDGE('',*,*,#1422,.F.);
#6982 = PLANE('',#6983);
#6983 = AXIS2_PLACEMENT_3D('',#6984,#6985,#6986);
#6984 = CARTESIAN_POINT('',(128.495,-176.209647,0.));
#6985 = DIRECTION('',(1.,0.,-0.));
#6986 = DIRECTION('',(0.,-1.,0.));
#6987 = ADVANCED_FACE('',(#6988),#6999,.T.);
#6988 = FACE_BOUND('',#6989,.T.);
#6989 = EDGE_LOOP('',(#6990,#6996,#6997,#6998));
#6990 = ORIENTED_EDGE('',*,*,#6991,.T.);
#6991 = EDGE_CURVE('',#1380,#3598,#6992,.T.);
#6992 = LINE('',#6993,#6994);
#6993 = CARTESIAN_POINT('',(129.294647,-178.41,0.));
#6994 = VECTOR('',#6995,1.);
#6995 = DIRECTION('',(0.,0.,1.));
#6996 = ORIENTED_EDGE('',*,*,#3597,.T.);
#6997 = ORIENTED_EDGE('',*,*,#6957,.F.);
#6998 = ORIENTED_EDGE('',*,*,#1379,.F.);
#6999 = PLANE('',#7000);
#7000 = AXIS2_PLACEMENT_3D('',#7001,#7002,#7003);
#7001 = CARTESIAN_POINT('',(129.294647,-178.41,0.));
#7002 = DIRECTION('',(0.,1.,0.));
#7003 = DIRECTION('',(1.,0.,0.));
#7004 = ADVANCED_FACE('',(#7005),#7016,.T.);
#7005 = FACE_BOUND('',#7006,.T.);
#7006 = EDGE_LOOP('',(#7007,#7008,#7009,#7015));
#7007 = ORIENTED_EDGE('',*,*,#6976,.T.);
#7008 = ORIENTED_EDGE('',*,*,#3632,.T.);
#7009 = ORIENTED_EDGE('',*,*,#7010,.F.);
#7010 = EDGE_CURVE('',#1406,#3624,#7011,.T.);
#7011 = LINE('',#7012,#7013);
#7012 = CARTESIAN_POINT('',(128.495,-177.610353,0.));
#7013 = VECTOR('',#7014,1.);
#7014 = DIRECTION('',(0.,0.,1.));
#7015 = ORIENTED_EDGE('',*,*,#1414,.F.);
#7016 = PLANE('',#7017);
#7017 = AXIS2_PLACEMENT_3D('',#7018,#7019,#7020);
#7018 = CARTESIAN_POINT('',(128.495,-176.91,0.));
#7019 = DIRECTION('',(1.,0.,-0.));
#7020 = DIRECTION('',(0.,-1.,0.));
#7021 = ADVANCED_FACE('',(#7022),#7033,.T.);
#7022 = FACE_BOUND('',#7023,.T.);
#7023 = EDGE_LOOP('',(#7024,#7030,#7031,#7032));
#7024 = ORIENTED_EDGE('',*,*,#7025,.T.);
#7025 = EDGE_CURVE('',#1388,#3606,#7026,.T.);
#7026 = LINE('',#7027,#7028);
#7027 = CARTESIAN_POINT('',(129.138345,-178.453934,0.));
#7028 = VECTOR('',#7029,1.);
#7029 = DIRECTION('',(0.,0.,1.));
#7030 = ORIENTED_EDGE('',*,*,#3605,.T.);
#7031 = ORIENTED_EDGE('',*,*,#6991,.F.);
#7032 = ORIENTED_EDGE('',*,*,#1387,.F.);
#7033 = CYLINDRICAL_SURFACE('',#7034,0.299998582341);
#7034 = AXIS2_PLACEMENT_3D('',#7035,#7036,#7037);
#7035 = CARTESIAN_POINT('',(129.29464624464,-178.7099985823,0.));
#7036 = DIRECTION('',(0.,0.,-1.));
#7037 = DIRECTION('',(-0.52100661085,0.853552641289,0.));
#7038 = ADVANCED_FACE('',(#7039),#7050,.T.);
#7039 = FACE_BOUND('',#7040,.T.);
#7040 = EDGE_LOOP('',(#7041,#7042,#7043,#7049));
#7041 = ORIENTED_EDGE('',*,*,#7010,.T.);
#7042 = ORIENTED_EDGE('',*,*,#3623,.T.);
#7043 = ORIENTED_EDGE('',*,*,#7044,.F.);
#7044 = EDGE_CURVE('',#1397,#3615,#7045,.T.);
#7045 = LINE('',#7046,#7047);
#7046 = CARTESIAN_POINT('',(128.451066,-177.766655,0.));
#7047 = VECTOR('',#7048,1.);
#7048 = DIRECTION('',(0.,0.,1.));
#7049 = ORIENTED_EDGE('',*,*,#1405,.F.);
#7050 = CYLINDRICAL_SURFACE('',#7051,0.299998582341);
#7051 = AXIS2_PLACEMENT_3D('',#7052,#7053,#7054);
#7052 = CARTESIAN_POINT('',(128.19500141766,-177.6103537553,0.));
#7053 = DIRECTION('',(0.,0.,-1.));
#7054 = DIRECTION('',(0.999999999997,2.517861483355E-06,0.));
#7055 = ADVANCED_FACE('',(#7056),#7062,.F.);
#7056 = FACE_BOUND('',#7057,.T.);
#7057 = EDGE_LOOP('',(#7058,#7059,#7060,#7061));
#7058 = ORIENTED_EDGE('',*,*,#7044,.T.);
#7059 = ORIENTED_EDGE('',*,*,#3614,.T.);
#7060 = ORIENTED_EDGE('',*,*,#7025,.F.);
#7061 = ORIENTED_EDGE('',*,*,#1396,.F.);
#7062 = CYLINDRICAL_SURFACE('',#7063,0.499999603944);
#7063 = AXIS2_PLACEMENT_3D('',#7064,#7065,#7066);
#7064 = CARTESIAN_POINT('',(128.87784211054,-178.0271578894,0.));
#7065 = DIRECTION('',(-0.,-0.,-1.));
#7066 = DIRECTION('',(-0.853552897188,0.521006191615,0.));
#7067 = ADVANCED_FACE('',(#7068),#7079,.F.);
#7068 = FACE_BOUND('',#7069,.T.);
#7069 = EDGE_LOOP('',(#7070,#7071,#7077,#7078));
#7070 = ORIENTED_EDGE('',*,*,#1482,.T.);
#7071 = ORIENTED_EDGE('',*,*,#7072,.T.);
#7072 = EDGE_CURVE('',#1483,#3701,#7073,.T.);
#7073 = LINE('',#7074,#7075);
#7074 = CARTESIAN_POINT('',(139.,-180.6,-4.6E-02));
#7075 = VECTOR('',#7076,1.);
#7076 = DIRECTION('',(0.,0.,1.));
#7077 = ORIENTED_EDGE('',*,*,#3700,.F.);
#7078 = ORIENTED_EDGE('',*,*,#7072,.F.);
#7079 = CYLINDRICAL_SURFACE('',#7080,1.6);
#7080 = AXIS2_PLACEMENT_3D('',#7081,#7082,#7083);
#7081 = CARTESIAN_POINT('',(139.,-179.,-4.6E-02));
#7082 = DIRECTION('',(-0.,-0.,-1.));
#7083 = DIRECTION('',(-0.,-1.,0.));
#7084 = ADVANCED_FACE('',(#7085),#7096,.F.);
#7085 = FACE_BOUND('',#7086,.T.);
#7086 = EDGE_LOOP('',(#7087,#7088,#7094,#7095));
#7087 = ORIENTED_EDGE('',*,*,#1493,.T.);
#7088 = ORIENTED_EDGE('',*,*,#7089,.T.);
#7089 = EDGE_CURVE('',#1494,#3712,#7090,.T.);
#7090 = LINE('',#7091,#7092);
#7091 = CARTESIAN_POINT('',(125.42,-166.91,-4.6E-02));
#7092 = VECTOR('',#7093,1.);
#7093 = DIRECTION('',(0.,0.,1.));
#7094 = ORIENTED_EDGE('',*,*,#3711,.F.);
#7095 = ORIENTED_EDGE('',*,*,#7089,.F.);
#7096 = CYLINDRICAL_SURFACE('',#7097,2.);
#7097 = AXIS2_PLACEMENT_3D('',#7098,#7099,#7100);
#7098 = CARTESIAN_POINT('',(125.42,-164.91,-4.6E-02));
#7099 = DIRECTION('',(-0.,-0.,-1.));
#7100 = DIRECTION('',(-0.,-1.,0.));
#7101 = ADVANCED_FACE('',(#7102),#7113,.F.);
#7102 = FACE_BOUND('',#7103,.T.);
#7103 = EDGE_LOOP('',(#7104,#7105,#7111,#7112));
#7104 = ORIENTED_EDGE('',*,*,#1504,.T.);
#7105 = ORIENTED_EDGE('',*,*,#7106,.T.);
#7106 = EDGE_CURVE('',#1505,#3723,#7107,.T.);
#7107 = LINE('',#7108,#7109);
#7108 = CARTESIAN_POINT('',(121.61,-163.12,-4.6E-02));
#7109 = VECTOR('',#7110,1.);
#7110 = DIRECTION('',(0.,0.,1.));
#7111 = ORIENTED_EDGE('',*,*,#3722,.F.);
#7112 = ORIENTED_EDGE('',*,*,#7106,.F.);
#7113 = CYLINDRICAL_SURFACE('',#7114,0.75);
#7114 = AXIS2_PLACEMENT_3D('',#7115,#7116,#7117);
#7115 = CARTESIAN_POINT('',(121.61,-162.37,-4.6E-02));
#7116 = DIRECTION('',(-0.,-0.,-1.));
#7117 = DIRECTION('',(-0.,-1.,0.));
#7118 = ADVANCED_FACE('',(#7119),#7130,.F.);
#7119 = FACE_BOUND('',#7120,.T.);
#7120 = EDGE_LOOP('',(#7121,#7122,#7128,#7129));
#7121 = ORIENTED_EDGE('',*,*,#1515,.T.);
#7122 = ORIENTED_EDGE('',*,*,#7123,.T.);
#7123 = EDGE_CURVE('',#1516,#3734,#7124,.T.);
#7124 = LINE('',#7125,#7126);
#7125 = CARTESIAN_POINT('',(127.96,-160.58,-4.6E-02));
#7126 = VECTOR('',#7127,1.);
#7127 = DIRECTION('',(0.,0.,1.));
#7128 = ORIENTED_EDGE('',*,*,#3733,.F.);
#7129 = ORIENTED_EDGE('',*,*,#7123,.F.);
#7130 = CYLINDRICAL_SURFACE('',#7131,0.75);
#7131 = AXIS2_PLACEMENT_3D('',#7132,#7133,#7134);
#7132 = CARTESIAN_POINT('',(127.96,-159.83,-4.6E-02));
#7133 = DIRECTION('',(-0.,-0.,-1.));
#7134 = DIRECTION('',(-1.894780628694E-14,-1.,0.));
#7135 = ADVANCED_FACE('',(#7136),#7147,.F.);
#7136 = FACE_BOUND('',#7137,.T.);
#7137 = EDGE_LOOP('',(#7138,#7139,#7145,#7146));
#7138 = ORIENTED_EDGE('',*,*,#1526,.T.);
#7139 = ORIENTED_EDGE('',*,*,#7140,.T.);
#7140 = EDGE_CURVE('',#1527,#3745,#7141,.T.);
#7141 = LINE('',#7142,#7143);
#7142 = CARTESIAN_POINT('',(94.465,-150.15,-4.6E-02));
#7143 = VECTOR('',#7144,1.);
#7144 = DIRECTION('',(0.,0.,1.));
#7145 = ORIENTED_EDGE('',*,*,#3744,.F.);
#7146 = ORIENTED_EDGE('',*,*,#7140,.F.);
#7147 = CYLINDRICAL_SURFACE('',#7148,0.4);
#7148 = AXIS2_PLACEMENT_3D('',#7149,#7150,#7151);
#7149 = CARTESIAN_POINT('',(94.465,-149.75,-4.6E-02));
#7150 = DIRECTION('',(-0.,-0.,-1.));
#7151 = DIRECTION('',(-0.,-1.,0.));
#7152 = ADVANCED_FACE('',(#7153),#7164,.F.);
#7153 = FACE_BOUND('',#7154,.T.);
#7154 = EDGE_LOOP('',(#7155,#7156,#7162,#7163));
#7155 = ORIENTED_EDGE('',*,*,#1537,.T.);
#7156 = ORIENTED_EDGE('',*,*,#7157,.T.);
#7157 = EDGE_CURVE('',#1538,#3756,#7158,.T.);
#7158 = LINE('',#7159,#7160);
#7159 = CARTESIAN_POINT('',(102.085,-150.15,-4.6E-02));
#7160 = VECTOR('',#7161,1.);
#7161 = DIRECTION('',(0.,0.,1.));
#7162 = ORIENTED_EDGE('',*,*,#3755,.F.);
#7163 = ORIENTED_EDGE('',*,*,#7157,.F.);
#7164 = CYLINDRICAL_SURFACE('',#7165,0.4);
#7165 = AXIS2_PLACEMENT_3D('',#7166,#7167,#7168);
#7166 = CARTESIAN_POINT('',(102.085,-149.75,-4.6E-02));
#7167 = DIRECTION('',(-0.,-0.,-1.));
#7168 = DIRECTION('',(-3.5527136788E-14,-1.,0.));
#7169 = ADVANCED_FACE('',(#7170),#7186,.F.);
#7170 = FACE_BOUND('',#7171,.T.);
#7171 = EDGE_LOOP('',(#7172,#7178,#7179,#7185));
#7172 = ORIENTED_EDGE('',*,*,#7173,.T.);
#7173 = EDGE_CURVE('',#1549,#3767,#7174,.T.);
#7174 = LINE('',#7175,#7176);
#7175 = CARTESIAN_POINT('',(109.018934,-148.893345,0.));
#7176 = VECTOR('',#7177,1.);
#7177 = DIRECTION('',(0.,0.,1.));
#7178 = ORIENTED_EDGE('',*,*,#3766,.T.);
#7179 = ORIENTED_EDGE('',*,*,#7180,.F.);
#7180 = EDGE_CURVE('',#1551,#3769,#7181,.T.);
#7181 = LINE('',#7182,#7183);
#7182 = CARTESIAN_POINT('',(108.331655,-148.206066,0.));
#7183 = VECTOR('',#7184,1.);
#7184 = DIRECTION('',(0.,0.,1.));
#7185 = ORIENTED_EDGE('',*,*,#1548,.F.);
#7186 = CYLINDRICAL_SURFACE('',#7187,0.499999603944);
#7187 = AXIS2_PLACEMENT_3D('',#7188,#7189,#7190);
#7188 = CARTESIAN_POINT('',(108.59215788946,-148.6328421105,0.));
#7189 = DIRECTION('',(-0.,-0.,-1.));
#7190 = DIRECTION('',(0.853552897188,-0.521006191615,0.));
#7191 = ADVANCED_FACE('',(#7192),#7203,.T.);
#7192 = FACE_BOUND('',#7193,.T.);
#7193 = EDGE_LOOP('',(#7194,#7200,#7201,#7202));
#7194 = ORIENTED_EDGE('',*,*,#7195,.T.);
#7195 = EDGE_CURVE('',#1560,#3778,#7196,.T.);
#7196 = LINE('',#7197,#7198);
#7197 = CARTESIAN_POINT('',(108.975,-149.049647,0.));
#7198 = VECTOR('',#7199,1.);
#7199 = DIRECTION('',(0.,0.,1.));
#7200 = ORIENTED_EDGE('',*,*,#3777,.T.);
#7201 = ORIENTED_EDGE('',*,*,#7173,.F.);
#7202 = ORIENTED_EDGE('',*,*,#1559,.F.);
#7203 = CYLINDRICAL_SURFACE('',#7204,0.299998582341);
#7204 = AXIS2_PLACEMENT_3D('',#7205,#7206,#7207);
#7205 = CARTESIAN_POINT('',(109.27499858234,-149.0496462446,0.));
#7206 = DIRECTION('',(0.,0.,-1.));
#7207 = DIRECTION('',(-0.999999999997,-2.517861199133E-06,-0.));
#7208 = ADVANCED_FACE('',(#7209),#7220,.T.);
#7209 = FACE_BOUND('',#7210,.T.);
#7210 = EDGE_LOOP('',(#7211,#7212,#7213,#7219));
#7211 = ORIENTED_EDGE('',*,*,#7180,.T.);
#7212 = ORIENTED_EDGE('',*,*,#3931,.T.);
#7213 = ORIENTED_EDGE('',*,*,#7214,.F.);
#7214 = EDGE_CURVE('',#1706,#3924,#7215,.T.);
#7215 = LINE('',#7216,#7217);
#7216 = CARTESIAN_POINT('',(108.175353,-148.25,0.));
#7217 = VECTOR('',#7218,1.);
#7218 = DIRECTION('',(0.,0.,1.));
#7219 = ORIENTED_EDGE('',*,*,#1713,.F.);
#7220 = CYLINDRICAL_SURFACE('',#7221,0.299998582341);
#7221 = AXIS2_PLACEMENT_3D('',#7222,#7223,#7224);
#7222 = CARTESIAN_POINT('',(108.17535375535,-147.9500014176,0.));
#7223 = DIRECTION('',(0.,0.,-1.));
#7224 = DIRECTION('',(0.52100661085,-0.853552641289,0.));
#7225 = ADVANCED_FACE('',(#7226),#7237,.T.);
#7226 = FACE_BOUND('',#7227,.T.);
#7227 = EDGE_LOOP('',(#7228,#7234,#7235,#7236));
#7228 = ORIENTED_EDGE('',*,*,#7229,.T.);
#7229 = EDGE_CURVE('',#1569,#3787,#7230,.T.);
#7230 = LINE('',#7231,#7232);
#7231 = CARTESIAN_POINT('',(108.975,-149.75,0.));
#7232 = VECTOR('',#7233,1.);
#7233 = DIRECTION('',(0.,0.,1.));
#7234 = ORIENTED_EDGE('',*,*,#3786,.T.);
#7235 = ORIENTED_EDGE('',*,*,#7195,.F.);
#7236 = ORIENTED_EDGE('',*,*,#1568,.F.);
#7237 = PLANE('',#7238);
#7238 = AXIS2_PLACEMENT_3D('',#7239,#7240,#7241);
#7239 = CARTESIAN_POINT('',(108.975,-149.75,0.));
#7240 = DIRECTION('',(-1.,0.,0.));
#7241 = DIRECTION('',(0.,1.,0.));
#7242 = ADVANCED_FACE('',(#7243),#7254,.T.);
#7243 = FACE_BOUND('',#7244,.T.);
#7244 = EDGE_LOOP('',(#7245,#7246,#7247,#7253));
#7245 = ORIENTED_EDGE('',*,*,#7214,.T.);
#7246 = ORIENTED_EDGE('',*,*,#3923,.T.);
#7247 = ORIENTED_EDGE('',*,*,#7248,.F.);
#7248 = EDGE_CURVE('',#1698,#3916,#7249,.T.);
#7249 = LINE('',#7250,#7251);
#7250 = CARTESIAN_POINT('',(107.275,-148.25,0.));
#7251 = VECTOR('',#7252,1.);
#7252 = DIRECTION('',(0.,0.,1.));
#7253 = ORIENTED_EDGE('',*,*,#1705,.F.);
#7254 = PLANE('',#7255);
#7255 = AXIS2_PLACEMENT_3D('',#7256,#7257,#7258);
#7256 = CARTESIAN_POINT('',(108.175353,-148.25,0.));
#7257 = DIRECTION('',(0.,-1.,0.));
#7258 = DIRECTION('',(-1.,0.,0.));
#7259 = ADVANCED_FACE('',(#7260),#7271,.T.);
#7260 = FACE_BOUND('',#7261,.T.);
#7261 = EDGE_LOOP('',(#7262,#7268,#7269,#7270));
#7262 = ORIENTED_EDGE('',*,*,#7263,.T.);
#7263 = EDGE_CURVE('',#1577,#3795,#7264,.T.);
#7264 = LINE('',#7265,#7266);
#7265 = CARTESIAN_POINT('',(108.975,-150.450353,0.));
#7266 = VECTOR('',#7267,1.);
#7267 = DIRECTION('',(0.,0.,1.));
#7268 = ORIENTED_EDGE('',*,*,#3794,.T.);
#7269 = ORIENTED_EDGE('',*,*,#7229,.F.);
#7270 = ORIENTED_EDGE('',*,*,#1576,.F.);
#7271 = PLANE('',#7272);
#7272 = AXIS2_PLACEMENT_3D('',#7273,#7274,#7275);
#7273 = CARTESIAN_POINT('',(108.975,-150.450353,0.));
#7274 = DIRECTION('',(-1.,0.,0.));
#7275 = DIRECTION('',(0.,1.,0.));
#7276 = ADVANCED_FACE('',(#7277),#7288,.T.);
#7277 = FACE_BOUND('',#7278,.T.);
#7278 = EDGE_LOOP('',(#7279,#7280,#7281,#7287));
#7279 = ORIENTED_EDGE('',*,*,#7248,.T.);
#7280 = ORIENTED_EDGE('',*,*,#3915,.T.);
#7281 = ORIENTED_EDGE('',*,*,#7282,.F.);
#7282 = EDGE_CURVE('',#1689,#3907,#7283,.T.);
#7283 = LINE('',#7284,#7285);
#7284 = CARTESIAN_POINT('',(106.374647,-148.25,0.));
#7285 = VECTOR('',#7286,1.);
#7286 = DIRECTION('',(0.,0.,1.));
#7287 = ORIENTED_EDGE('',*,*,#1697,.F.);
#7288 = PLANE('',#7289);
#7289 = AXIS2_PLACEMENT_3D('',#7290,#7291,#7292);
#7290 = CARTESIAN_POINT('',(107.275,-148.25,0.));
#7291 = DIRECTION('',(0.,-1.,0.));
#7292 = DIRECTION('',(-1.,0.,0.));
#7293 = ADVANCED_FACE('',(#7294),#7305,.T.);
#7294 = FACE_BOUND('',#7295,.T.);
#7295 = EDGE_LOOP('',(#7296,#7302,#7303,#7304));
#7296 = ORIENTED_EDGE('',*,*,#7297,.T.);
#7297 = EDGE_CURVE('',#1585,#3803,#7298,.T.);
#7298 = LINE('',#7299,#7300);
#7299 = CARTESIAN_POINT('',(109.018934,-150.606655,0.));
#7300 = VECTOR('',#7301,1.);
#7301 = DIRECTION('',(0.,0.,1.));
#7302 = ORIENTED_EDGE('',*,*,#3802,.T.);
#7303 = ORIENTED_EDGE('',*,*,#7263,.F.);
#7304 = ORIENTED_EDGE('',*,*,#1584,.F.);
#7305 = CYLINDRICAL_SURFACE('',#7306,0.299998582341);
#7306 = AXIS2_PLACEMENT_3D('',#7307,#7308,#7309);
#7307 = CARTESIAN_POINT('',(109.27499858234,-150.4503537553,0.));
#7308 = DIRECTION('',(0.,0.,-1.));
#7309 = DIRECTION('',(-0.853552641289,-0.521006610849,-0.));
#7310 = ADVANCED_FACE('',(#7311),#7322,.T.);
#7311 = FACE_BOUND('',#7312,.T.);
#7312 = EDGE_LOOP('',(#7313,#7314,#7315,#7321));
#7313 = ORIENTED_EDGE('',*,*,#7282,.T.);
#7314 = ORIENTED_EDGE('',*,*,#3906,.T.);
#7315 = ORIENTED_EDGE('',*,*,#7316,.F.);
#7316 = EDGE_CURVE('',#1680,#3898,#7317,.T.);
#7317 = LINE('',#7318,#7319);
#7318 = CARTESIAN_POINT('',(106.218345,-148.206066,0.));
#7319 = VECTOR('',#7320,1.);
#7320 = DIRECTION('',(0.,0.,1.));
#7321 = ORIENTED_EDGE('',*,*,#1688,.F.);
#7322 = CYLINDRICAL_SURFACE('',#7323,0.299998582341);
#7323 = AXIS2_PLACEMENT_3D('',#7324,#7325,#7326);
#7324 = CARTESIAN_POINT('',(106.37464624464,-147.9500014176,0.));
#7325 = DIRECTION('',(0.,0.,-1.));
#7326 = DIRECTION('',(2.517861483354E-06,-0.999999999997,0.));
#7327 = ADVANCED_FACE('',(#7328),#7339,.F.);
#7328 = FACE_BOUND('',#7329,.T.);
#7329 = EDGE_LOOP('',(#7330,#7336,#7337,#7338));
#7330 = ORIENTED_EDGE('',*,*,#7331,.T.);
#7331 = EDGE_CURVE('',#1594,#3812,#7332,.T.);
#7332 = LINE('',#7333,#7334);
#7333 = CARTESIAN_POINT('',(108.331655,-151.293934,0.));
#7334 = VECTOR('',#7335,1.);
#7335 = DIRECTION('',(0.,0.,1.));
#7336 = ORIENTED_EDGE('',*,*,#3811,.T.);
#7337 = ORIENTED_EDGE('',*,*,#7297,.F.);
#7338 = ORIENTED_EDGE('',*,*,#1593,.F.);
#7339 = CYLINDRICAL_SURFACE('',#7340,0.499999603944);
#7340 = AXIS2_PLACEMENT_3D('',#7341,#7342,#7343);
#7341 = CARTESIAN_POINT('',(108.59215788946,-150.8671578894,0.));
#7342 = DIRECTION('',(-0.,-0.,-1.));
#7343 = DIRECTION('',(-0.521006191615,-0.853552897188,0.));
#7344 = ADVANCED_FACE('',(#7345),#7356,.F.);
#7345 = FACE_BOUND('',#7346,.T.);
#7346 = EDGE_LOOP('',(#7347,#7348,#7349,#7355));
#7347 = ORIENTED_EDGE('',*,*,#7316,.T.);
#7348 = ORIENTED_EDGE('',*,*,#3897,.T.);
#7349 = ORIENTED_EDGE('',*,*,#7350,.F.);
#7350 = EDGE_CURVE('',#1671,#3889,#7351,.T.);
#7351 = LINE('',#7352,#7353);
#7352 = CARTESIAN_POINT('',(105.531066,-148.893345,0.));
#7353 = VECTOR('',#7354,1.);
#7354 = DIRECTION('',(0.,0.,1.));
#7355 = ORIENTED_EDGE('',*,*,#1679,.F.);
#7356 = CYLINDRICAL_SURFACE('',#7357,0.499999603944);
#7357 = AXIS2_PLACEMENT_3D('',#7358,#7359,#7360);
#7358 = CARTESIAN_POINT('',(105.95784211054,-148.6328421105,0.));
#7359 = DIRECTION('',(-0.,-0.,-1.));
#7360 = DIRECTION('',(0.521006191615,0.853552897188,-0.));
#7361 = ADVANCED_FACE('',(#7362),#7373,.T.);
#7362 = FACE_BOUND('',#7363,.T.);
#7363 = EDGE_LOOP('',(#7364,#7370,#7371,#7372));
#7364 = ORIENTED_EDGE('',*,*,#7365,.T.);
#7365 = EDGE_CURVE('',#1603,#3821,#7366,.T.);
#7366 = LINE('',#7367,#7368);
#7367 = CARTESIAN_POINT('',(108.175353,-151.25,0.));
#7368 = VECTOR('',#7369,1.);
#7369 = DIRECTION('',(0.,0.,1.));
#7370 = ORIENTED_EDGE('',*,*,#3820,.T.);
#7371 = ORIENTED_EDGE('',*,*,#7331,.F.);
#7372 = ORIENTED_EDGE('',*,*,#1602,.F.);
#7373 = CYLINDRICAL_SURFACE('',#7374,0.299998582341);
#7374 = AXIS2_PLACEMENT_3D('',#7375,#7376,#7377);
#7375 = CARTESIAN_POINT('',(108.17535375535,-151.5499985823,0.));
#7376 = DIRECTION('',(0.,0.,-1.));
#7377 = DIRECTION('',(-2.517861578095E-06,0.999999999997,0.));
#7378 = ADVANCED_FACE('',(#7379),#7390,.T.);
#7379 = FACE_BOUND('',#7380,.T.);
#7380 = EDGE_LOOP('',(#7381,#7382,#7383,#7389));
#7381 = ORIENTED_EDGE('',*,*,#7350,.T.);
#7382 = ORIENTED_EDGE('',*,*,#3888,.T.);
#7383 = ORIENTED_EDGE('',*,*,#7384,.F.);
#7384 = EDGE_CURVE('',#1663,#3881,#7385,.T.);
#7385 = LINE('',#7386,#7387);
#7386 = CARTESIAN_POINT('',(105.575,-149.049647,0.));
#7387 = VECTOR('',#7388,1.);
#7388 = DIRECTION('',(0.,0.,1.));
#7389 = ORIENTED_EDGE('',*,*,#1670,.F.);
#7390 = CYLINDRICAL_SURFACE('',#7391,0.299998582341);
#7391 = AXIS2_PLACEMENT_3D('',#7392,#7393,#7394);
#7392 = CARTESIAN_POINT('',(105.27500141766,-149.0496462446,0.));
#7393 = DIRECTION('',(0.,0.,-1.));
#7394 = DIRECTION('',(0.853552641289,0.52100661085,0.));
#7395 = ADVANCED_FACE('',(#7396),#7407,.T.);
#7396 = FACE_BOUND('',#7397,.T.);
#7397 = EDGE_LOOP('',(#7398,#7404,#7405,#7406));
#7398 = ORIENTED_EDGE('',*,*,#7399,.T.);
#7399 = EDGE_CURVE('',#1612,#3830,#7400,.T.);
#7400 = LINE('',#7401,#7402);
#7401 = CARTESIAN_POINT('',(107.275,-151.25,0.));
#7402 = VECTOR('',#7403,1.);
#7403 = DIRECTION('',(0.,0.,1.));
#7404 = ORIENTED_EDGE('',*,*,#3829,.T.);
#7405 = ORIENTED_EDGE('',*,*,#7365,.F.);
#7406 = ORIENTED_EDGE('',*,*,#1611,.F.);
#7407 = PLANE('',#7408);
#7408 = AXIS2_PLACEMENT_3D('',#7409,#7410,#7411);
#7409 = CARTESIAN_POINT('',(107.275,-151.25,0.));
#7410 = DIRECTION('',(0.,1.,0.));
#7411 = DIRECTION('',(1.,0.,0.));
#7412 = ADVANCED_FACE('',(#7413),#7424,.T.);
#7413 = FACE_BOUND('',#7414,.T.);
#7414 = EDGE_LOOP('',(#7415,#7416,#7417,#7423));
#7415 = ORIENTED_EDGE('',*,*,#7384,.T.);
#7416 = ORIENTED_EDGE('',*,*,#3880,.T.);
#7417 = ORIENTED_EDGE('',*,*,#7418,.F.);
#7418 = EDGE_CURVE('',#1655,#3873,#7419,.T.);
#7419 = LINE('',#7420,#7421);
#7420 = CARTESIAN_POINT('',(105.575,-149.75,0.));
#7421 = VECTOR('',#7422,1.);
#7422 = DIRECTION('',(0.,0.,1.));
#7423 = ORIENTED_EDGE('',*,*,#1662,.F.);
#7424 = PLANE('',#7425);
#7425 = AXIS2_PLACEMENT_3D('',#7426,#7427,#7428);
#7426 = CARTESIAN_POINT('',(105.575,-149.049647,0.));
#7427 = DIRECTION('',(1.,0.,-0.));
#7428 = DIRECTION('',(0.,-1.,0.));
#7429 = ADVANCED_FACE('',(#7430),#7441,.T.);
#7430 = FACE_BOUND('',#7431,.T.);
#7431 = EDGE_LOOP('',(#7432,#7438,#7439,#7440));
#7432 = ORIENTED_EDGE('',*,*,#7433,.T.);
#7433 = EDGE_CURVE('',#1620,#3838,#7434,.T.);
#7434 = LINE('',#7435,#7436);
#7435 = CARTESIAN_POINT('',(106.374647,-151.25,0.));
#7436 = VECTOR('',#7437,1.);
#7437 = DIRECTION('',(0.,0.,1.));
#7438 = ORIENTED_EDGE('',*,*,#3837,.T.);
#7439 = ORIENTED_EDGE('',*,*,#7399,.F.);
#7440 = ORIENTED_EDGE('',*,*,#1619,.F.);
#7441 = PLANE('',#7442);
#7442 = AXIS2_PLACEMENT_3D('',#7443,#7444,#7445);
#7443 = CARTESIAN_POINT('',(106.374647,-151.25,0.));
#7444 = DIRECTION('',(0.,1.,0.));
#7445 = DIRECTION('',(1.,0.,0.));
#7446 = ADVANCED_FACE('',(#7447),#7458,.T.);
#7447 = FACE_BOUND('',#7448,.T.);
#7448 = EDGE_LOOP('',(#7449,#7450,#7451,#7457));
#7449 = ORIENTED_EDGE('',*,*,#7418,.T.);
#7450 = ORIENTED_EDGE('',*,*,#3872,.T.);
#7451 = ORIENTED_EDGE('',*,*,#7452,.F.);
#7452 = EDGE_CURVE('',#1646,#3864,#7453,.T.);
#7453 = LINE('',#7454,#7455);
#7454 = CARTESIAN_POINT('',(105.575,-150.450353,0.));
#7455 = VECTOR('',#7456,1.);
#7456 = DIRECTION('',(0.,0.,1.));
#7457 = ORIENTED_EDGE('',*,*,#1654,.F.);
#7458 = PLANE('',#7459);
#7459 = AXIS2_PLACEMENT_3D('',#7460,#7461,#7462);
#7460 = CARTESIAN_POINT('',(105.575,-149.75,0.));
#7461 = DIRECTION('',(1.,0.,-0.));
#7462 = DIRECTION('',(0.,-1.,0.));
#7463 = ADVANCED_FACE('',(#7464),#7475,.T.);
#7464 = FACE_BOUND('',#7465,.T.);
#7465 = EDGE_LOOP('',(#7466,#7472,#7473,#7474));
#7466 = ORIENTED_EDGE('',*,*,#7467,.T.);
#7467 = EDGE_CURVE('',#1628,#3846,#7468,.T.);
#7468 = LINE('',#7469,#7470);
#7469 = CARTESIAN_POINT('',(106.218345,-151.293934,0.));
#7470 = VECTOR('',#7471,1.);
#7471 = DIRECTION('',(0.,0.,1.));
#7472 = ORIENTED_EDGE('',*,*,#3845,.T.);
#7473 = ORIENTED_EDGE('',*,*,#7433,.F.);
#7474 = ORIENTED_EDGE('',*,*,#1627,.F.);
#7475 = CYLINDRICAL_SURFACE('',#7476,0.299998582341);
#7476 = AXIS2_PLACEMENT_3D('',#7477,#7478,#7479);
#7477 = CARTESIAN_POINT('',(106.37464624464,-151.5499985823,0.));
#7478 = DIRECTION('',(0.,0.,-1.));
#7479 = DIRECTION('',(-0.52100661085,0.853552641289,0.));
#7480 = ADVANCED_FACE('',(#7481),#7492,.T.);
#7481 = FACE_BOUND('',#7482,.T.);
#7482 = EDGE_LOOP('',(#7483,#7484,#7485,#7491));
#7483 = ORIENTED_EDGE('',*,*,#7452,.T.);
#7484 = ORIENTED_EDGE('',*,*,#3863,.T.);
#7485 = ORIENTED_EDGE('',*,*,#7486,.F.);
#7486 = EDGE_CURVE('',#1637,#3855,#7487,.T.);
#7487 = LINE('',#7488,#7489);
#7488 = CARTESIAN_POINT('',(105.531066,-150.606655,0.));
#7489 = VECTOR('',#7490,1.);
#7490 = DIRECTION('',(0.,0.,1.));
#7491 = ORIENTED_EDGE('',*,*,#1645,.F.);
#7492 = CYLINDRICAL_SURFACE('',#7493,0.299998582341);
#7493 = AXIS2_PLACEMENT_3D('',#7494,#7495,#7496);
#7494 = CARTESIAN_POINT('',(105.27500141766,-150.4503537553,0.));
#7495 = DIRECTION('',(0.,0.,-1.));
#7496 = DIRECTION('',(0.999999999997,2.517861199133E-06,0.));
#7497 = ADVANCED_FACE('',(#7498),#7504,.F.);
#7498 = FACE_BOUND('',#7499,.T.);
#7499 = EDGE_LOOP('',(#7500,#7501,#7502,#7503));
#7500 = ORIENTED_EDGE('',*,*,#7486,.T.);
#7501 = ORIENTED_EDGE('',*,*,#3854,.T.);
#7502 = ORIENTED_EDGE('',*,*,#7467,.F.);
#7503 = ORIENTED_EDGE('',*,*,#1636,.F.);
#7504 = CYLINDRICAL_SURFACE('',#7505,0.499999603944);
#7505 = AXIS2_PLACEMENT_3D('',#7506,#7507,#7508);
#7506 = CARTESIAN_POINT('',(105.95784211054,-150.8671578894,0.));
#7507 = DIRECTION('',(-0.,-0.,-1.));
#7508 = DIRECTION('',(-0.853552897188,0.521006191615,0.));
#7509 = ADVANCED_FACE('',(#7510),#7521,.F.);
#7510 = FACE_BOUND('',#7511,.T.);
#7511 = EDGE_LOOP('',(#7512,#7513,#7519,#7520));
#7512 = ORIENTED_EDGE('',*,*,#1722,.T.);
#7513 = ORIENTED_EDGE('',*,*,#7514,.T.);
#7514 = EDGE_CURVE('',#1723,#3941,#7515,.T.);
#7515 = LINE('',#7516,#7517);
#7516 = CARTESIAN_POINT('',(98.925,-135.04,-4.6E-02));
#7517 = VECTOR('',#7518,1.);
#7518 = DIRECTION('',(0.,0.,1.));
#7519 = ORIENTED_EDGE('',*,*,#3940,.F.);
#7520 = ORIENTED_EDGE('',*,*,#7514,.F.);
#7521 = CYLINDRICAL_SURFACE('',#7522,0.75);
#7522 = AXIS2_PLACEMENT_3D('',#7523,#7524,#7525);
#7523 = CARTESIAN_POINT('',(98.925,-134.29,-4.6E-02));
#7524 = DIRECTION('',(-0.,-0.,-1.));
#7525 = DIRECTION('',(-0.,-1.,0.));
#7526 = ADVANCED_FACE('',(#7527),#7538,.F.);
#7527 = FACE_BOUND('',#7528,.T.);
#7528 = EDGE_LOOP('',(#7529,#7530,#7536,#7537));
#7529 = ORIENTED_EDGE('',*,*,#1733,.T.);
#7530 = ORIENTED_EDGE('',*,*,#7531,.T.);
#7531 = EDGE_CURVE('',#1734,#3952,#7532,.T.);
#7532 = LINE('',#7533,#7534);
#7533 = CARTESIAN_POINT('',(102.735,-138.83,-4.6E-02));
#7534 = VECTOR('',#7535,1.);
#7535 = DIRECTION('',(0.,0.,1.));
#7536 = ORIENTED_EDGE('',*,*,#3951,.F.);
#7537 = ORIENTED_EDGE('',*,*,#7531,.F.);
#7538 = CYLINDRICAL_SURFACE('',#7539,2.);
#7539 = AXIS2_PLACEMENT_3D('',#7540,#7541,#7542);
#7540 = CARTESIAN_POINT('',(102.735,-136.83,-4.6E-02));
#7541 = DIRECTION('',(-0.,-0.,-1.));
#7542 = DIRECTION('',(-0.,-1.,0.));
#7543 = ADVANCED_FACE('',(#7544),#7555,.F.);
#7544 = FACE_BOUND('',#7545,.T.);
#7545 = EDGE_LOOP('',(#7546,#7547,#7553,#7554));
#7546 = ORIENTED_EDGE('',*,*,#1744,.T.);
#7547 = ORIENTED_EDGE('',*,*,#7548,.T.);
#7548 = EDGE_CURVE('',#1745,#3963,#7549,.T.);
#7549 = LINE('',#7550,#7551);
#7550 = CARTESIAN_POINT('',(117.465,-150.23,-4.6E-02));
#7551 = VECTOR('',#7552,1.);
#7552 = DIRECTION('',(0.,0.,1.));
#7553 = ORIENTED_EDGE('',*,*,#3962,.F.);
#7554 = ORIENTED_EDGE('',*,*,#7548,.F.);
#7555 = CYLINDRICAL_SURFACE('',#7556,0.4);
#7556 = AXIS2_PLACEMENT_3D('',#7557,#7558,#7559);
#7557 = CARTESIAN_POINT('',(117.465,-149.83,-4.6E-02));
#7558 = DIRECTION('',(-0.,-0.,-1.));
#7559 = DIRECTION('',(-0.,-1.,0.));
#7560 = ADVANCED_FACE('',(#7561),#7572,.F.);
#7561 = FACE_BOUND('',#7562,.T.);
#7562 = EDGE_LOOP('',(#7563,#7564,#7570,#7571));
#7563 = ORIENTED_EDGE('',*,*,#1755,.T.);
#7564 = ORIENTED_EDGE('',*,*,#7565,.T.);
#7565 = EDGE_CURVE('',#1756,#3974,#7566,.T.);
#7566 = LINE('',#7567,#7568);
#7567 = CARTESIAN_POINT('',(125.085,-150.23,-4.6E-02));
#7568 = VECTOR('',#7569,1.);
#7569 = DIRECTION('',(0.,0.,1.));
#7570 = ORIENTED_EDGE('',*,*,#3973,.F.);
#7571 = ORIENTED_EDGE('',*,*,#7565,.F.);
#7572 = CYLINDRICAL_SURFACE('',#7573,0.4);
#7573 = AXIS2_PLACEMENT_3D('',#7574,#7575,#7576);
#7574 = CARTESIAN_POINT('',(125.085,-149.83,-4.6E-02));
#7575 = DIRECTION('',(-0.,-0.,-1.));
#7576 = DIRECTION('',(-3.5527136788E-14,-1.,0.));
#7577 = ADVANCED_FACE('',(#7578),#7594,.F.);
#7578 = FACE_BOUND('',#7579,.T.);
#7579 = EDGE_LOOP('',(#7580,#7586,#7587,#7593));
#7580 = ORIENTED_EDGE('',*,*,#7581,.T.);
#7581 = EDGE_CURVE('',#1767,#3985,#7582,.T.);
#7582 = LINE('',#7583,#7584);
#7583 = CARTESIAN_POINT('',(132.018934,-148.893345,0.));
#7584 = VECTOR('',#7585,1.);
#7585 = DIRECTION('',(0.,0.,1.));
#7586 = ORIENTED_EDGE('',*,*,#3984,.T.);
#7587 = ORIENTED_EDGE('',*,*,#7588,.F.);
#7588 = EDGE_CURVE('',#1769,#3987,#7589,.T.);
#7589 = LINE('',#7590,#7591);
#7590 = CARTESIAN_POINT('',(131.331655,-148.206066,0.));
#7591 = VECTOR('',#7592,1.);
#7592 = DIRECTION('',(0.,0.,1.));
#7593 = ORIENTED_EDGE('',*,*,#1766,.F.);
#7594 = CYLINDRICAL_SURFACE('',#7595,0.499999603944);
#7595 = AXIS2_PLACEMENT_3D('',#7596,#7597,#7598);
#7596 = CARTESIAN_POINT('',(131.59215788946,-148.6328421105,0.));
#7597 = DIRECTION('',(-0.,-0.,-1.));
#7598 = DIRECTION('',(0.853552897188,-0.521006191616,0.));
#7599 = ADVANCED_FACE('',(#7600),#7611,.T.);
#7600 = FACE_BOUND('',#7601,.T.);
#7601 = EDGE_LOOP('',(#7602,#7608,#7609,#7610));
#7602 = ORIENTED_EDGE('',*,*,#7603,.T.);
#7603 = EDGE_CURVE('',#1778,#3996,#7604,.T.);
#7604 = LINE('',#7605,#7606);
#7605 = CARTESIAN_POINT('',(131.975,-149.049647,0.));
#7606 = VECTOR('',#7607,1.);
#7607 = DIRECTION('',(0.,0.,1.));
#7608 = ORIENTED_EDGE('',*,*,#3995,.T.);
#7609 = ORIENTED_EDGE('',*,*,#7581,.F.);
#7610 = ORIENTED_EDGE('',*,*,#1777,.F.);
#7611 = CYLINDRICAL_SURFACE('',#7612,0.299998582341);
#7612 = AXIS2_PLACEMENT_3D('',#7613,#7614,#7615);
#7613 = CARTESIAN_POINT('',(132.27499858234,-149.0496462446,0.));
#7614 = DIRECTION('',(0.,0.,-1.));
#7615 = DIRECTION('',(-0.999999999997,-2.517861578094E-06,-0.));
#7616 = ADVANCED_FACE('',(#7617),#7628,.T.);
#7617 = FACE_BOUND('',#7618,.T.);
#7618 = EDGE_LOOP('',(#7619,#7620,#7621,#7627));
#7619 = ORIENTED_EDGE('',*,*,#7588,.T.);
#7620 = ORIENTED_EDGE('',*,*,#4149,.T.);
#7621 = ORIENTED_EDGE('',*,*,#7622,.F.);
#7622 = EDGE_CURVE('',#1924,#4142,#7623,.T.);
#7623 = LINE('',#7624,#7625);
#7624 = CARTESIAN_POINT('',(131.175353,-148.25,0.));
#7625 = VECTOR('',#7626,1.);
#7626 = DIRECTION('',(0.,0.,1.));
#7627 = ORIENTED_EDGE('',*,*,#1931,.F.);
#7628 = CYLINDRICAL_SURFACE('',#7629,0.299998582341);
#7629 = AXIS2_PLACEMENT_3D('',#7630,#7631,#7632);
#7630 = CARTESIAN_POINT('',(131.17535375535,-147.9500014176,0.));
#7631 = DIRECTION('',(0.,0.,-1.));
#7632 = DIRECTION('',(0.52100661085,-0.853552641289,0.));
#7633 = ADVANCED_FACE('',(#7634),#7645,.T.);
#7634 = FACE_BOUND('',#7635,.T.);
#7635 = EDGE_LOOP('',(#7636,#7642,#7643,#7644));
#7636 = ORIENTED_EDGE('',*,*,#7637,.T.);
#7637 = EDGE_CURVE('',#1787,#4005,#7638,.T.);
#7638 = LINE('',#7639,#7640);
#7639 = CARTESIAN_POINT('',(131.975,-149.75,0.));
#7640 = VECTOR('',#7641,1.);
#7641 = DIRECTION('',(0.,0.,1.));
#7642 = ORIENTED_EDGE('',*,*,#4004,.T.);
#7643 = ORIENTED_EDGE('',*,*,#7603,.F.);
#7644 = ORIENTED_EDGE('',*,*,#1786,.F.);
#7645 = PLANE('',#7646);
#7646 = AXIS2_PLACEMENT_3D('',#7647,#7648,#7649);
#7647 = CARTESIAN_POINT('',(131.975,-149.75,0.));
#7648 = DIRECTION('',(-1.,0.,0.));
#7649 = DIRECTION('',(0.,1.,0.));
#7650 = ADVANCED_FACE('',(#7651),#7662,.T.);
#7651 = FACE_BOUND('',#7652,.T.);
#7652 = EDGE_LOOP('',(#7653,#7654,#7655,#7661));
#7653 = ORIENTED_EDGE('',*,*,#7622,.T.);
#7654 = ORIENTED_EDGE('',*,*,#4141,.T.);
#7655 = ORIENTED_EDGE('',*,*,#7656,.F.);
#7656 = EDGE_CURVE('',#1916,#4134,#7657,.T.);
#7657 = LINE('',#7658,#7659);
#7658 = CARTESIAN_POINT('',(130.275,-148.25,0.));
#7659 = VECTOR('',#7660,1.);
#7660 = DIRECTION('',(0.,0.,1.));
#7661 = ORIENTED_EDGE('',*,*,#1923,.F.);
#7662 = PLANE('',#7663);
#7663 = AXIS2_PLACEMENT_3D('',#7664,#7665,#7666);
#7664 = CARTESIAN_POINT('',(131.175353,-148.25,0.));
#7665 = DIRECTION('',(0.,-1.,0.));
#7666 = DIRECTION('',(-1.,0.,0.));
#7667 = ADVANCED_FACE('',(#7668),#7679,.T.);
#7668 = FACE_BOUND('',#7669,.T.);
#7669 = EDGE_LOOP('',(#7670,#7676,#7677,#7678));
#7670 = ORIENTED_EDGE('',*,*,#7671,.T.);
#7671 = EDGE_CURVE('',#1795,#4013,#7672,.T.);
#7672 = LINE('',#7673,#7674);
#7673 = CARTESIAN_POINT('',(131.975,-150.450353,0.));
#7674 = VECTOR('',#7675,1.);
#7675 = DIRECTION('',(0.,0.,1.));
#7676 = ORIENTED_EDGE('',*,*,#4012,.T.);
#7677 = ORIENTED_EDGE('',*,*,#7637,.F.);
#7678 = ORIENTED_EDGE('',*,*,#1794,.F.);
#7679 = PLANE('',#7680);
#7680 = AXIS2_PLACEMENT_3D('',#7681,#7682,#7683);
#7681 = CARTESIAN_POINT('',(131.975,-150.450353,0.));
#7682 = DIRECTION('',(-1.,0.,0.));
#7683 = DIRECTION('',(0.,1.,0.));
#7684 = ADVANCED_FACE('',(#7685),#7696,.T.);
#7685 = FACE_BOUND('',#7686,.T.);
#7686 = EDGE_LOOP('',(#7687,#7688,#7689,#7695));
#7687 = ORIENTED_EDGE('',*,*,#7656,.T.);
#7688 = ORIENTED_EDGE('',*,*,#4133,.T.);
#7689 = ORIENTED_EDGE('',*,*,#7690,.F.);
#7690 = EDGE_CURVE('',#1907,#4125,#7691,.T.);
#7691 = LINE('',#7692,#7693);
#7692 = CARTESIAN_POINT('',(129.374647,-148.25,0.));
#7693 = VECTOR('',#7694,1.);
#7694 = DIRECTION('',(0.,0.,1.));
#7695 = ORIENTED_EDGE('',*,*,#1915,.F.);
#7696 = PLANE('',#7697);
#7697 = AXIS2_PLACEMENT_3D('',#7698,#7699,#7700);
#7698 = CARTESIAN_POINT('',(130.275,-148.25,0.));
#7699 = DIRECTION('',(0.,-1.,0.));
#7700 = DIRECTION('',(-1.,0.,0.));
#7701 = ADVANCED_FACE('',(#7702),#7713,.T.);
#7702 = FACE_BOUND('',#7703,.T.);
#7703 = EDGE_LOOP('',(#7704,#7710,#7711,#7712));
#7704 = ORIENTED_EDGE('',*,*,#7705,.T.);
#7705 = EDGE_CURVE('',#1803,#4021,#7706,.T.);
#7706 = LINE('',#7707,#7708);
#7707 = CARTESIAN_POINT('',(132.018934,-150.606655,0.));
#7708 = VECTOR('',#7709,1.);
#7709 = DIRECTION('',(0.,0.,1.));
#7710 = ORIENTED_EDGE('',*,*,#4020,.T.);
#7711 = ORIENTED_EDGE('',*,*,#7671,.F.);
#7712 = ORIENTED_EDGE('',*,*,#1802,.F.);
#7713 = CYLINDRICAL_SURFACE('',#7714,0.299998582341);
#7714 = AXIS2_PLACEMENT_3D('',#7715,#7716,#7717);
#7715 = CARTESIAN_POINT('',(132.27499858234,-150.4503537553,0.));
#7716 = DIRECTION('',(0.,0.,-1.));
#7717 = DIRECTION('',(-0.853552641289,-0.52100661085,-0.));
#7718 = ADVANCED_FACE('',(#7719),#7730,.T.);
#7719 = FACE_BOUND('',#7720,.T.);
#7720 = EDGE_LOOP('',(#7721,#7722,#7723,#7729));
#7721 = ORIENTED_EDGE('',*,*,#7690,.T.);
#7722 = ORIENTED_EDGE('',*,*,#4124,.T.);
#7723 = ORIENTED_EDGE('',*,*,#7724,.F.);
#7724 = EDGE_CURVE('',#1898,#4116,#7725,.T.);
#7725 = LINE('',#7726,#7727);
#7726 = CARTESIAN_POINT('',(129.218345,-148.206066,0.));
#7727 = VECTOR('',#7728,1.);
#7728 = DIRECTION('',(0.,0.,1.));
#7729 = ORIENTED_EDGE('',*,*,#1906,.F.);
#7730 = CYLINDRICAL_SURFACE('',#7731,0.299998582341);
#7731 = AXIS2_PLACEMENT_3D('',#7732,#7733,#7734);
#7732 = CARTESIAN_POINT('',(129.37464624464,-147.9500014176,0.));
#7733 = DIRECTION('',(0.,0.,-1.));
#7734 = DIRECTION('',(2.517861578094E-06,-0.999999999997,0.));
#7735 = ADVANCED_FACE('',(#7736),#7747,.F.);
#7736 = FACE_BOUND('',#7737,.T.);
#7737 = EDGE_LOOP('',(#7738,#7744,#7745,#7746));
#7738 = ORIENTED_EDGE('',*,*,#7739,.T.);
#7739 = EDGE_CURVE('',#1812,#4030,#7740,.T.);
#7740 = LINE('',#7741,#7742);
#7741 = CARTESIAN_POINT('',(131.331655,-151.293934,0.));
#7742 = VECTOR('',#7743,1.);
#7743 = DIRECTION('',(0.,0.,1.));
#7744 = ORIENTED_EDGE('',*,*,#4029,.T.);
#7745 = ORIENTED_EDGE('',*,*,#7705,.F.);
#7746 = ORIENTED_EDGE('',*,*,#1811,.F.);
#7747 = CYLINDRICAL_SURFACE('',#7748,0.499999603944);
#7748 = AXIS2_PLACEMENT_3D('',#7749,#7750,#7751);
#7749 = CARTESIAN_POINT('',(131.59215788946,-150.8671578894,0.));
#7750 = DIRECTION('',(-0.,-0.,-1.));
#7751 = DIRECTION('',(-0.521006191615,-0.853552897188,0.));
#7752 = ADVANCED_FACE('',(#7753),#7764,.F.);
#7753 = FACE_BOUND('',#7754,.T.);
#7754 = EDGE_LOOP('',(#7755,#7756,#7757,#7763));
#7755 = ORIENTED_EDGE('',*,*,#7724,.T.);
#7756 = ORIENTED_EDGE('',*,*,#4115,.T.);
#7757 = ORIENTED_EDGE('',*,*,#7758,.F.);
#7758 = EDGE_CURVE('',#1889,#4107,#7759,.T.);
#7759 = LINE('',#7760,#7761);
#7760 = CARTESIAN_POINT('',(128.531066,-148.893345,0.));
#7761 = VECTOR('',#7762,1.);
#7762 = DIRECTION('',(0.,0.,1.));
#7763 = ORIENTED_EDGE('',*,*,#1897,.F.);
#7764 = CYLINDRICAL_SURFACE('',#7765,0.499999603944);
#7765 = AXIS2_PLACEMENT_3D('',#7766,#7767,#7768);
#7766 = CARTESIAN_POINT('',(128.95784211054,-148.6328421105,0.));
#7767 = DIRECTION('',(-0.,-0.,-1.));
#7768 = DIRECTION('',(0.521006191616,0.853552897188,-0.));
#7769 = ADVANCED_FACE('',(#7770),#7781,.T.);
#7770 = FACE_BOUND('',#7771,.T.);
#7771 = EDGE_LOOP('',(#7772,#7778,#7779,#7780));
#7772 = ORIENTED_EDGE('',*,*,#7773,.T.);
#7773 = EDGE_CURVE('',#1821,#4039,#7774,.T.);
#7774 = LINE('',#7775,#7776);
#7775 = CARTESIAN_POINT('',(131.175353,-151.25,0.));
#7776 = VECTOR('',#7777,1.);
#7777 = DIRECTION('',(0.,0.,1.));
#7778 = ORIENTED_EDGE('',*,*,#4038,.T.);
#7779 = ORIENTED_EDGE('',*,*,#7739,.F.);
#7780 = ORIENTED_EDGE('',*,*,#1820,.F.);
#7781 = CYLINDRICAL_SURFACE('',#7782,0.299998582341);
#7782 = AXIS2_PLACEMENT_3D('',#7783,#7784,#7785);
#7783 = CARTESIAN_POINT('',(131.17535375535,-151.5499985823,0.));
#7784 = DIRECTION('',(0.,0.,-1.));
#7785 = DIRECTION('',(-2.517861388613E-06,0.999999999997,0.));
#7786 = ADVANCED_FACE('',(#7787),#7798,.T.);
#7787 = FACE_BOUND('',#7788,.T.);
#7788 = EDGE_LOOP('',(#7789,#7790,#7791,#7797));
#7789 = ORIENTED_EDGE('',*,*,#7758,.T.);
#7790 = ORIENTED_EDGE('',*,*,#4106,.T.);
#7791 = ORIENTED_EDGE('',*,*,#7792,.F.);
#7792 = EDGE_CURVE('',#1881,#4099,#7793,.T.);
#7793 = LINE('',#7794,#7795);
#7794 = CARTESIAN_POINT('',(128.575,-149.049647,0.));
#7795 = VECTOR('',#7796,1.);
#7796 = DIRECTION('',(0.,0.,1.));
#7797 = ORIENTED_EDGE('',*,*,#1888,.F.);
#7798 = CYLINDRICAL_SURFACE('',#7799,0.299998582341);
#7799 = AXIS2_PLACEMENT_3D('',#7800,#7801,#7802);
#7800 = CARTESIAN_POINT('',(128.27500141766,-149.0496462446,0.));
#7801 = DIRECTION('',(0.,0.,-1.));
#7802 = DIRECTION('',(0.853552641289,0.521006610849,0.));
#7803 = ADVANCED_FACE('',(#7804),#7815,.T.);
#7804 = FACE_BOUND('',#7805,.T.);
#7805 = EDGE_LOOP('',(#7806,#7812,#7813,#7814));
#7806 = ORIENTED_EDGE('',*,*,#7807,.T.);
#7807 = EDGE_CURVE('',#1830,#4048,#7808,.T.);
#7808 = LINE('',#7809,#7810);
#7809 = CARTESIAN_POINT('',(130.275,-151.25,0.));
#7810 = VECTOR('',#7811,1.);
#7811 = DIRECTION('',(0.,0.,1.));
#7812 = ORIENTED_EDGE('',*,*,#4047,.T.);
#7813 = ORIENTED_EDGE('',*,*,#7773,.F.);
#7814 = ORIENTED_EDGE('',*,*,#1829,.F.);
#7815 = PLANE('',#7816);
#7816 = AXIS2_PLACEMENT_3D('',#7817,#7818,#7819);
#7817 = CARTESIAN_POINT('',(130.275,-151.25,0.));
#7818 = DIRECTION('',(0.,1.,0.));
#7819 = DIRECTION('',(1.,0.,0.));
#7820 = ADVANCED_FACE('',(#7821),#7832,.T.);
#7821 = FACE_BOUND('',#7822,.T.);
#7822 = EDGE_LOOP('',(#7823,#7824,#7825,#7831));
#7823 = ORIENTED_EDGE('',*,*,#7792,.T.);
#7824 = ORIENTED_EDGE('',*,*,#4098,.T.);
#7825 = ORIENTED_EDGE('',*,*,#7826,.F.);
#7826 = EDGE_CURVE('',#1873,#4091,#7827,.T.);
#7827 = LINE('',#7828,#7829);
#7828 = CARTESIAN_POINT('',(128.575,-149.75,0.));
#7829 = VECTOR('',#7830,1.);
#7830 = DIRECTION('',(0.,0.,1.));
#7831 = ORIENTED_EDGE('',*,*,#1880,.F.);
#7832 = PLANE('',#7833);
#7833 = AXIS2_PLACEMENT_3D('',#7834,#7835,#7836);
#7834 = CARTESIAN_POINT('',(128.575,-149.049647,0.));
#7835 = DIRECTION('',(1.,0.,-0.));
#7836 = DIRECTION('',(0.,-1.,0.));
#7837 = ADVANCED_FACE('',(#7838),#7849,.T.);
#7838 = FACE_BOUND('',#7839,.T.);
#7839 = EDGE_LOOP('',(#7840,#7846,#7847,#7848));
#7840 = ORIENTED_EDGE('',*,*,#7841,.T.);
#7841 = EDGE_CURVE('',#1838,#4056,#7842,.T.);
#7842 = LINE('',#7843,#7844);
#7843 = CARTESIAN_POINT('',(129.374647,-151.25,0.));
#7844 = VECTOR('',#7845,1.);
#7845 = DIRECTION('',(0.,0.,1.));
#7846 = ORIENTED_EDGE('',*,*,#4055,.T.);
#7847 = ORIENTED_EDGE('',*,*,#7807,.F.);
#7848 = ORIENTED_EDGE('',*,*,#1837,.F.);
#7849 = PLANE('',#7850);
#7850 = AXIS2_PLACEMENT_3D('',#7851,#7852,#7853);
#7851 = CARTESIAN_POINT('',(129.374647,-151.25,0.));
#7852 = DIRECTION('',(0.,1.,0.));
#7853 = DIRECTION('',(1.,0.,0.));
#7854 = ADVANCED_FACE('',(#7855),#7866,.T.);
#7855 = FACE_BOUND('',#7856,.T.);
#7856 = EDGE_LOOP('',(#7857,#7858,#7859,#7865));
#7857 = ORIENTED_EDGE('',*,*,#7826,.T.);
#7858 = ORIENTED_EDGE('',*,*,#4090,.T.);
#7859 = ORIENTED_EDGE('',*,*,#7860,.F.);
#7860 = EDGE_CURVE('',#1864,#4082,#7861,.T.);
#7861 = LINE('',#7862,#7863);
#7862 = CARTESIAN_POINT('',(128.575,-150.450353,0.));
#7863 = VECTOR('',#7864,1.);
#7864 = DIRECTION('',(0.,0.,1.));
#7865 = ORIENTED_EDGE('',*,*,#1872,.F.);
#7866 = PLANE('',#7867);
#7867 = AXIS2_PLACEMENT_3D('',#7868,#7869,#7870);
#7868 = CARTESIAN_POINT('',(128.575,-149.75,0.));
#7869 = DIRECTION('',(1.,0.,-0.));
#7870 = DIRECTION('',(0.,-1.,0.));
#7871 = ADVANCED_FACE('',(#7872),#7883,.T.);
#7872 = FACE_BOUND('',#7873,.T.);
#7873 = EDGE_LOOP('',(#7874,#7880,#7881,#7882));
#7874 = ORIENTED_EDGE('',*,*,#7875,.T.);
#7875 = EDGE_CURVE('',#1846,#4064,#7876,.T.);
#7876 = LINE('',#7877,#7878);
#7877 = CARTESIAN_POINT('',(129.218345,-151.293934,0.));
#7878 = VECTOR('',#7879,1.);
#7879 = DIRECTION('',(0.,0.,1.));
#7880 = ORIENTED_EDGE('',*,*,#4063,.T.);
#7881 = ORIENTED_EDGE('',*,*,#7841,.F.);
#7882 = ORIENTED_EDGE('',*,*,#1845,.F.);
#7883 = CYLINDRICAL_SURFACE('',#7884,0.299998582341);
#7884 = AXIS2_PLACEMENT_3D('',#7885,#7886,#7887);
#7885 = CARTESIAN_POINT('',(129.37464624464,-151.5499985823,0.));
#7886 = DIRECTION('',(0.,0.,-1.));
#7887 = DIRECTION('',(-0.52100661085,0.853552641289,0.));
#7888 = ADVANCED_FACE('',(#7889),#7900,.T.);
#7889 = FACE_BOUND('',#7890,.T.);
#7890 = EDGE_LOOP('',(#7891,#7892,#7893,#7899));
#7891 = ORIENTED_EDGE('',*,*,#7860,.T.);
#7892 = ORIENTED_EDGE('',*,*,#4081,.T.);
#7893 = ORIENTED_EDGE('',*,*,#7894,.F.);
#7894 = EDGE_CURVE('',#1855,#4073,#7895,.T.);
#7895 = LINE('',#7896,#7897);
#7896 = CARTESIAN_POINT('',(128.531066,-150.606655,0.));
#7897 = VECTOR('',#7898,1.);
#7898 = DIRECTION('',(0.,0.,1.));
#7899 = ORIENTED_EDGE('',*,*,#1863,.F.);
#7900 = CYLINDRICAL_SURFACE('',#7901,0.299998582341);
#7901 = AXIS2_PLACEMENT_3D('',#7902,#7903,#7904);
#7902 = CARTESIAN_POINT('',(128.27500141766,-150.4503537553,0.));
#7903 = DIRECTION('',(0.,0.,-1.));
#7904 = DIRECTION('',(0.999999999997,2.517861388613E-06,0.));
#7905 = ADVANCED_FACE('',(#7906),#7912,.F.);
#7906 = FACE_BOUND('',#7907,.T.);
#7907 = EDGE_LOOP('',(#7908,#7909,#7910,#7911));
#7908 = ORIENTED_EDGE('',*,*,#7894,.T.);
#7909 = ORIENTED_EDGE('',*,*,#4072,.T.);
#7910 = ORIENTED_EDGE('',*,*,#7875,.F.);
#7911 = ORIENTED_EDGE('',*,*,#1854,.F.);
#7912 = CYLINDRICAL_SURFACE('',#7913,0.499999603944);
#7913 = AXIS2_PLACEMENT_3D('',#7914,#7915,#7916);
#7914 = CARTESIAN_POINT('',(128.95784211054,-150.8671578894,0.));
#7915 = DIRECTION('',(-0.,-0.,-1.));
#7916 = DIRECTION('',(-0.853552897188,0.521006191616,0.));
#7917 = ADVANCED_FACE('',(#7918),#7929,.F.);
#7918 = FACE_BOUND('',#7919,.T.);
#7919 = EDGE_LOOP('',(#7920,#7921,#7927,#7928));
#7920 = ORIENTED_EDGE('',*,*,#1940,.T.);
#7921 = ORIENTED_EDGE('',*,*,#7922,.T.);
#7922 = EDGE_CURVE('',#1941,#4159,#7923,.T.);
#7923 = LINE('',#7924,#7925);
#7924 = CARTESIAN_POINT('',(121.925,-135.04,-4.6E-02));
#7925 = VECTOR('',#7926,1.);
#7926 = DIRECTION('',(0.,0.,1.));
#7927 = ORIENTED_EDGE('',*,*,#4158,.F.);
#7928 = ORIENTED_EDGE('',*,*,#7922,.F.);
#7929 = CYLINDRICAL_SURFACE('',#7930,0.75);
#7930 = AXIS2_PLACEMENT_3D('',#7931,#7932,#7933);
#7931 = CARTESIAN_POINT('',(121.925,-134.29,-4.6E-02));
#7932 = DIRECTION('',(-0.,-0.,-1.));
#7933 = DIRECTION('',(-0.,-1.,0.));
#7934 = ADVANCED_FACE('',(#7935),#7946,.F.);
#7935 = FACE_BOUND('',#7936,.T.);
#7936 = EDGE_LOOP('',(#7937,#7938,#7944,#7945));
#7937 = ORIENTED_EDGE('',*,*,#1951,.T.);
#7938 = ORIENTED_EDGE('',*,*,#7939,.T.);
#7939 = EDGE_CURVE('',#1952,#4170,#7940,.T.);
#7940 = LINE('',#7941,#7942);
#7941 = CARTESIAN_POINT('',(125.735,-138.83,-4.6E-02));
#7942 = VECTOR('',#7943,1.);
#7943 = DIRECTION('',(0.,0.,1.));
#7944 = ORIENTED_EDGE('',*,*,#4169,.F.);
#7945 = ORIENTED_EDGE('',*,*,#7939,.F.);
#7946 = CYLINDRICAL_SURFACE('',#7947,2.);
#7947 = AXIS2_PLACEMENT_3D('',#7948,#7949,#7950);
#7948 = CARTESIAN_POINT('',(125.735,-136.83,-4.6E-02));
#7949 = DIRECTION('',(-0.,-0.,-1.));
#7950 = DIRECTION('',(-0.,-1.,0.));
#7951 = ADVANCED_FACE('',(#7952),#7963,.F.);
#7952 = FACE_BOUND('',#7953,.T.);
#7953 = EDGE_LOOP('',(#7954,#7955,#7961,#7962));
#7954 = ORIENTED_EDGE('',*,*,#1962,.T.);
#7955 = ORIENTED_EDGE('',*,*,#7956,.T.);
#7956 = EDGE_CURVE('',#1963,#4181,#7957,.T.);
#7957 = LINE('',#7958,#7959);
#7958 = CARTESIAN_POINT('',(60.275,-132.5,-4.6E-02));
#7959 = VECTOR('',#7960,1.);
#7960 = DIRECTION('',(0.,0.,1.));
#7961 = ORIENTED_EDGE('',*,*,#4180,.F.);
#7962 = ORIENTED_EDGE('',*,*,#7956,.F.);
#7963 = CYLINDRICAL_SURFACE('',#7964,0.75);
#7964 = AXIS2_PLACEMENT_3D('',#7965,#7966,#7967);
#7965 = CARTESIAN_POINT('',(60.275,-131.75,-4.6E-02));
#7966 = DIRECTION('',(-0.,-0.,-1.));
#7967 = DIRECTION('',(-0.,-1.,0.));
#7968 = ADVANCED_FACE('',(#7969),#7980,.F.);
#7969 = FACE_BOUND('',#7970,.T.);
#7970 = EDGE_LOOP('',(#7971,#7972,#7978,#7979));
#7971 = ORIENTED_EDGE('',*,*,#1973,.T.);
#7972 = ORIENTED_EDGE('',*,*,#7973,.T.);
#7973 = EDGE_CURVE('',#1974,#4192,#7974,.T.);
#7974 = LINE('',#7975,#7976);
#7975 = CARTESIAN_POINT('',(83.275,-132.5,-4.6E-02));
#7976 = VECTOR('',#7977,1.);
#7977 = DIRECTION('',(0.,0.,1.));
#7978 = ORIENTED_EDGE('',*,*,#4191,.F.);
#7979 = ORIENTED_EDGE('',*,*,#7973,.F.);
#7980 = CYLINDRICAL_SURFACE('',#7981,0.75);
#7981 = AXIS2_PLACEMENT_3D('',#7982,#7983,#7984);
#7982 = CARTESIAN_POINT('',(83.275,-131.75,-4.6E-02));
#7983 = DIRECTION('',(-0.,-0.,-1.));
#7984 = DIRECTION('',(-0.,-1.,0.));
#7985 = ADVANCED_FACE('',(#7986),#7997,.F.);
#7986 = FACE_BOUND('',#7987,.T.);
#7987 = EDGE_LOOP('',(#7988,#7989,#7995,#7996));
#7988 = ORIENTED_EDGE('',*,*,#1984,.T.);
#7989 = ORIENTED_EDGE('',*,*,#7990,.T.);
#7990 = EDGE_CURVE('',#1985,#4203,#7991,.T.);
#7991 = LINE('',#7992,#7993);
#7992 = CARTESIAN_POINT('',(79.5,-117.31,-4.6E-02));
#7993 = VECTOR('',#7994,1.);
#7994 = DIRECTION('',(0.,0.,1.));
#7995 = ORIENTED_EDGE('',*,*,#4202,.F.);
#7996 = ORIENTED_EDGE('',*,*,#7990,.F.);
#7997 = CYLINDRICAL_SURFACE('',#7998,0.5);
#7998 = AXIS2_PLACEMENT_3D('',#7999,#8000,#8001);
#7999 = CARTESIAN_POINT('',(79.5,-116.81,-4.6E-02));
#8000 = DIRECTION('',(-0.,-0.,-1.));
#8001 = DIRECTION('',(-0.,-1.,0.));
#8002 = ADVANCED_FACE('',(#8003),#8014,.F.);
#8003 = FACE_BOUND('',#8004,.T.);
#8004 = EDGE_LOOP('',(#8005,#8006,#8012,#8013));
#8005 = ORIENTED_EDGE('',*,*,#1995,.T.);
#8006 = ORIENTED_EDGE('',*,*,#8007,.T.);
#8007 = EDGE_CURVE('',#1996,#4214,#8008,.T.);
#8008 = LINE('',#8009,#8010);
#8009 = CARTESIAN_POINT('',(79.5,-114.77,-4.6E-02));
#8010 = VECTOR('',#8011,1.);
#8011 = DIRECTION('',(0.,0.,1.));
#8012 = ORIENTED_EDGE('',*,*,#4213,.F.);
#8013 = ORIENTED_EDGE('',*,*,#8007,.F.);
#8014 = CYLINDRICAL_SURFACE('',#8015,0.5);
#8015 = AXIS2_PLACEMENT_3D('',#8016,#8017,#8018);
#8016 = CARTESIAN_POINT('',(79.5,-114.27,-4.6E-02));
#8017 = DIRECTION('',(-0.,-0.,-1.));
#8018 = DIRECTION('',(-0.,-1.,0.));
#8019 = ADVANCED_FACE('',(#8020),#8031,.F.);
#8020 = FACE_BOUND('',#8021,.T.);
#8021 = EDGE_LOOP('',(#8022,#8023,#8029,#8030));
#8022 = ORIENTED_EDGE('',*,*,#2006,.T.);
#8023 = ORIENTED_EDGE('',*,*,#8024,.T.);
#8024 = EDGE_CURVE('',#2007,#4225,#8025,.T.);
#8025 = LINE('',#8026,#8027);
#8026 = CARTESIAN_POINT('',(79.5,-112.23,-4.6E-02));
#8027 = VECTOR('',#8028,1.);
#8028 = DIRECTION('',(0.,0.,1.));
#8029 = ORIENTED_EDGE('',*,*,#4224,.F.);
#8030 = ORIENTED_EDGE('',*,*,#8024,.F.);
#8031 = CYLINDRICAL_SURFACE('',#8032,0.5);
#8032 = AXIS2_PLACEMENT_3D('',#8033,#8034,#8035);
#8033 = CARTESIAN_POINT('',(79.5,-111.73,-4.6E-02));
#8034 = DIRECTION('',(-0.,-0.,-1.));
#8035 = DIRECTION('',(-0.,-1.,0.));
#8036 = ADVANCED_FACE('',(#8037),#8048,.F.);
#8037 = FACE_BOUND('',#8038,.T.);
#8038 = EDGE_LOOP('',(#8039,#8040,#8046,#8047));
#8039 = ORIENTED_EDGE('',*,*,#2017,.T.);
#8040 = ORIENTED_EDGE('',*,*,#8041,.T.);
#8041 = EDGE_CURVE('',#2018,#4236,#8042,.T.);
#8042 = LINE('',#8043,#8044);
#8043 = CARTESIAN_POINT('',(48.,-90.6,-4.6E-02));
#8044 = VECTOR('',#8045,1.);
#8045 = DIRECTION('',(0.,0.,1.));
#8046 = ORIENTED_EDGE('',*,*,#4235,.F.);
#8047 = ORIENTED_EDGE('',*,*,#8041,.F.);
#8048 = CYLINDRICAL_SURFACE('',#8049,1.6);
#8049 = AXIS2_PLACEMENT_3D('',#8050,#8051,#8052);
#8050 = CARTESIAN_POINT('',(48.,-89.,-4.6E-02));
#8051 = DIRECTION('',(-0.,-0.,-1.));
#8052 = DIRECTION('',(-0.,-1.,0.));
#8053 = ADVANCED_FACE('',(#8054),#8065,.F.);
#8054 = FACE_BOUND('',#8055,.T.);
#8055 = EDGE_LOOP('',(#8056,#8057,#8063,#8064));
#8056 = ORIENTED_EDGE('',*,*,#2028,.T.);
#8057 = ORIENTED_EDGE('',*,*,#8058,.T.);
#8058 = EDGE_CURVE('',#2029,#4247,#8059,.T.);
#8059 = LINE('',#8060,#8061);
#8060 = CARTESIAN_POINT('',(79.5,-109.69,-4.6E-02));
#8061 = VECTOR('',#8062,1.);
#8062 = DIRECTION('',(0.,0.,1.));
#8063 = ORIENTED_EDGE('',*,*,#4246,.F.);
#8064 = ORIENTED_EDGE('',*,*,#8058,.F.);
#8065 = CYLINDRICAL_SURFACE('',#8066,0.5);
#8066 = AXIS2_PLACEMENT_3D('',#8067,#8068,#8069);
#8067 = CARTESIAN_POINT('',(79.5,-109.19,-4.6E-02));
#8068 = DIRECTION('',(-0.,-0.,-1.));
#8069 = DIRECTION('',(-0.,-1.,0.));
#8070 = ADVANCED_FACE('',(#8071),#8082,.F.);
#8071 = FACE_BOUND('',#8072,.T.);
#8072 = EDGE_LOOP('',(#8073,#8074,#8080,#8081));
#8073 = ORIENTED_EDGE('',*,*,#2039,.T.);
#8074 = ORIENTED_EDGE('',*,*,#8075,.T.);
#8075 = EDGE_CURVE('',#2040,#4258,#8076,.T.);
#8076 = LINE('',#8077,#8078);
#8077 = CARTESIAN_POINT('',(89.,-104.12,-4.6E-02));
#8078 = VECTOR('',#8079,1.);
#8079 = DIRECTION('',(0.,0.,1.));
#8080 = ORIENTED_EDGE('',*,*,#4257,.F.);
#8081 = ORIENTED_EDGE('',*,*,#8075,.F.);
#8082 = CYLINDRICAL_SURFACE('',#8083,0.5);
#8083 = AXIS2_PLACEMENT_3D('',#8084,#8085,#8086);
#8084 = CARTESIAN_POINT('',(89.,-103.62,-4.6E-02));
#8085 = DIRECTION('',(-0.,-0.,-1.));
#8086 = DIRECTION('',(-0.,-1.,0.));
#8087 = ADVANCED_FACE('',(#8088),#8099,.F.);
#8088 = FACE_BOUND('',#8089,.T.);
#8089 = EDGE_LOOP('',(#8090,#8091,#8097,#8098));
#8090 = ORIENTED_EDGE('',*,*,#2050,.T.);
#8091 = ORIENTED_EDGE('',*,*,#8092,.T.);
#8092 = EDGE_CURVE('',#2051,#4269,#8093,.T.);
#8093 = LINE('',#8094,#8095);
#8094 = CARTESIAN_POINT('',(89.,-101.58,-4.6E-02));
#8095 = VECTOR('',#8096,1.);
#8096 = DIRECTION('',(0.,0.,1.));
#8097 = ORIENTED_EDGE('',*,*,#4268,.F.);
#8098 = ORIENTED_EDGE('',*,*,#8092,.F.);
#8099 = CYLINDRICAL_SURFACE('',#8100,0.5);
#8100 = AXIS2_PLACEMENT_3D('',#8101,#8102,#8103);
#8101 = CARTESIAN_POINT('',(89.,-101.08,-4.6E-02));
#8102 = DIRECTION('',(-0.,-0.,-1.));
#8103 = DIRECTION('',(-0.,-1.,0.));
#8104 = ADVANCED_FACE('',(#8105),#8116,.F.);
#8105 = FACE_BOUND('',#8106,.T.);
#8106 = EDGE_LOOP('',(#8107,#8108,#8114,#8115));
#8107 = ORIENTED_EDGE('',*,*,#2061,.T.);
#8108 = ORIENTED_EDGE('',*,*,#8109,.T.);
#8109 = EDGE_CURVE('',#2062,#4280,#8110,.T.);
#8110 = LINE('',#8111,#8112);
#8111 = CARTESIAN_POINT('',(89.,-99.04,-4.6E-02));
#8112 = VECTOR('',#8113,1.);
#8113 = DIRECTION('',(0.,0.,1.));
#8114 = ORIENTED_EDGE('',*,*,#4279,.F.);
#8115 = ORIENTED_EDGE('',*,*,#8109,.F.);
#8116 = CYLINDRICAL_SURFACE('',#8117,0.5);
#8117 = AXIS2_PLACEMENT_3D('',#8118,#8119,#8120);
#8118 = CARTESIAN_POINT('',(89.,-98.54,-4.6E-02));
#8119 = DIRECTION('',(-0.,-0.,-1.));
#8120 = DIRECTION('',(-0.,-1.,0.));
#8121 = ADVANCED_FACE('',(#8122),#8133,.F.);
#8122 = FACE_BOUND('',#8123,.T.);
#8123 = EDGE_LOOP('',(#8124,#8125,#8131,#8132));
#8124 = ORIENTED_EDGE('',*,*,#2072,.T.);
#8125 = ORIENTED_EDGE('',*,*,#8126,.T.);
#8126 = EDGE_CURVE('',#2073,#4291,#8127,.T.);
#8127 = LINE('',#8128,#8129);
#8128 = CARTESIAN_POINT('',(89.,-96.5,-4.6E-02));
#8129 = VECTOR('',#8130,1.);
#8130 = DIRECTION('',(0.,0.,1.));
#8131 = ORIENTED_EDGE('',*,*,#4290,.F.);
#8132 = ORIENTED_EDGE('',*,*,#8126,.F.);
#8133 = CYLINDRICAL_SURFACE('',#8134,0.5);
#8134 = AXIS2_PLACEMENT_3D('',#8135,#8136,#8137);
#8135 = CARTESIAN_POINT('',(89.,-96.,-4.6E-02));
#8136 = DIRECTION('',(-0.,-0.,-1.));
#8137 = DIRECTION('',(-0.,-1.,0.));
#8138 = ADVANCED_FACE('',(#8139),#8150,.F.);
#8139 = FACE_BOUND('',#8140,.T.);
#8140 = EDGE_LOOP('',(#8141,#8142,#8148,#8149));
#8141 = ORIENTED_EDGE('',*,*,#2083,.T.);
#8142 = ORIENTED_EDGE('',*,*,#8143,.T.);
#8143 = EDGE_CURVE('',#2084,#4302,#8144,.T.);
#8144 = LINE('',#8145,#8146);
#8145 = CARTESIAN_POINT('',(89.,-93.96,-4.6E-02));
#8146 = VECTOR('',#8147,1.);
#8147 = DIRECTION('',(0.,0.,1.));
#8148 = ORIENTED_EDGE('',*,*,#4301,.F.);
#8149 = ORIENTED_EDGE('',*,*,#8143,.F.);
#8150 = CYLINDRICAL_SURFACE('',#8151,0.5);
#8151 = AXIS2_PLACEMENT_3D('',#8152,#8153,#8154);
#8152 = CARTESIAN_POINT('',(89.,-93.46,-4.6E-02));
#8153 = DIRECTION('',(-0.,-0.,-1.));
#8154 = DIRECTION('',(-0.,-1.,0.));
#8155 = ADVANCED_FACE('',(#8156),#8167,.F.);
#8156 = FACE_BOUND('',#8157,.T.);
#8157 = EDGE_LOOP('',(#8158,#8159,#8165,#8166));
#8158 = ORIENTED_EDGE('',*,*,#2094,.T.);
#8159 = ORIENTED_EDGE('',*,*,#8160,.T.);
#8160 = EDGE_CURVE('',#2095,#4313,#8161,.T.);
#8161 = LINE('',#8162,#8163);
#8162 = CARTESIAN_POINT('',(89.,-91.42,-4.6E-02));
#8163 = VECTOR('',#8164,1.);
#8164 = DIRECTION('',(0.,0.,1.));
#8165 = ORIENTED_EDGE('',*,*,#4312,.F.);
#8166 = ORIENTED_EDGE('',*,*,#8160,.F.);
#8167 = CYLINDRICAL_SURFACE('',#8168,0.5);
#8168 = AXIS2_PLACEMENT_3D('',#8169,#8170,#8171);
#8169 = CARTESIAN_POINT('',(89.,-90.92,-4.6E-02));
#8170 = DIRECTION('',(-0.,-0.,-1.));
#8171 = DIRECTION('',(-0.,-1.,0.));
#8172 = ADVANCED_FACE('',(#8173),#8184,.F.);
#8173 = FACE_BOUND('',#8174,.T.);
#8174 = EDGE_LOOP('',(#8175,#8176,#8182,#8183));
#8175 = ORIENTED_EDGE('',*,*,#2105,.T.);
#8176 = ORIENTED_EDGE('',*,*,#8177,.T.);
#8177 = EDGE_CURVE('',#2106,#4324,#8178,.T.);
#8178 = LINE('',#8179,#8180);
#8179 = CARTESIAN_POINT('',(89.,-88.88,-4.6E-02));
#8180 = VECTOR('',#8181,1.);
#8181 = DIRECTION('',(0.,0.,1.));
#8182 = ORIENTED_EDGE('',*,*,#4323,.F.);
#8183 = ORIENTED_EDGE('',*,*,#8177,.F.);
#8184 = CYLINDRICAL_SURFACE('',#8185,0.5);
#8185 = AXIS2_PLACEMENT_3D('',#8186,#8187,#8188);
#8186 = CARTESIAN_POINT('',(89.,-88.38,-4.6E-02));
#8187 = DIRECTION('',(-0.,-0.,-1.));
#8188 = DIRECTION('',(-0.,-1.,0.));
#8189 = ADVANCED_FACE('',(#8190),#8201,.F.);
#8190 = FACE_BOUND('',#8191,.T.);
#8191 = EDGE_LOOP('',(#8192,#8193,#8199,#8200));
#8192 = ORIENTED_EDGE('',*,*,#2116,.T.);
#8193 = ORIENTED_EDGE('',*,*,#8194,.T.);
#8194 = EDGE_CURVE('',#2117,#4335,#8195,.T.);
#8195 = LINE('',#8196,#8197);
#8196 = CARTESIAN_POINT('',(105.275,-132.5,-4.6E-02));
#8197 = VECTOR('',#8198,1.);
#8198 = DIRECTION('',(0.,0.,1.));
#8199 = ORIENTED_EDGE('',*,*,#4334,.F.);
#8200 = ORIENTED_EDGE('',*,*,#8194,.F.);
#8201 = CYLINDRICAL_SURFACE('',#8202,0.75);
#8202 = AXIS2_PLACEMENT_3D('',#8203,#8204,#8205);
#8203 = CARTESIAN_POINT('',(105.275,-131.75,-4.6E-02));
#8204 = DIRECTION('',(-0.,-0.,-1.));
#8205 = DIRECTION('',(-0.,-1.,0.));
#8206 = ADVANCED_FACE('',(#8207),#8218,.F.);
#8207 = FACE_BOUND('',#8208,.T.);
#8208 = EDGE_LOOP('',(#8209,#8210,#8216,#8217));
#8209 = ORIENTED_EDGE('',*,*,#2127,.T.);
#8210 = ORIENTED_EDGE('',*,*,#8211,.T.);
#8211 = EDGE_CURVE('',#2128,#4346,#8212,.T.);
#8212 = LINE('',#8213,#8214);
#8213 = CARTESIAN_POINT('',(128.275,-132.5,-4.6E-02));
#8214 = VECTOR('',#8215,1.);
#8215 = DIRECTION('',(0.,0.,1.));
#8216 = ORIENTED_EDGE('',*,*,#4345,.F.);
#8217 = ORIENTED_EDGE('',*,*,#8211,.F.);
#8218 = CYLINDRICAL_SURFACE('',#8219,0.75);
#8219 = AXIS2_PLACEMENT_3D('',#8220,#8221,#8222);
#8220 = CARTESIAN_POINT('',(128.275,-131.75,-4.6E-02));
#8221 = DIRECTION('',(-0.,-0.,-1.));
#8222 = DIRECTION('',(-0.,-1.,0.));
#8223 = ADVANCED_FACE('',(#8224),#8235,.F.);
#8224 = FACE_BOUND('',#8225,.T.);
#8225 = EDGE_LOOP('',(#8226,#8227,#8233,#8234));
#8226 = ORIENTED_EDGE('',*,*,#2138,.T.);
#8227 = ORIENTED_EDGE('',*,*,#8228,.T.);
#8228 = EDGE_CURVE('',#2139,#4357,#8229,.T.);
#8229 = LINE('',#8230,#8231);
#8230 = CARTESIAN_POINT('',(104.25,-104.12,-4.6E-02));
#8231 = VECTOR('',#8232,1.);
#8232 = DIRECTION('',(0.,0.,1.));
#8233 = ORIENTED_EDGE('',*,*,#4356,.F.);
#8234 = ORIENTED_EDGE('',*,*,#8228,.F.);
#8235 = CYLINDRICAL_SURFACE('',#8236,0.5);
#8236 = AXIS2_PLACEMENT_3D('',#8237,#8238,#8239);
#8237 = CARTESIAN_POINT('',(104.25,-103.62,-4.6E-02));
#8238 = DIRECTION('',(-0.,-0.,-1.));
#8239 = DIRECTION('',(-0.,-1.,0.));
#8240 = ADVANCED_FACE('',(#8241),#8252,.F.);
#8241 = FACE_BOUND('',#8242,.T.);
#8242 = EDGE_LOOP('',(#8243,#8244,#8250,#8251));
#8243 = ORIENTED_EDGE('',*,*,#2149,.T.);
#8244 = ORIENTED_EDGE('',*,*,#8245,.T.);
#8245 = EDGE_CURVE('',#2150,#4368,#8246,.T.);
#8246 = LINE('',#8247,#8248);
#8247 = CARTESIAN_POINT('',(104.25,-101.58,-4.6E-02));
#8248 = VECTOR('',#8249,1.);
#8249 = DIRECTION('',(0.,0.,1.));
#8250 = ORIENTED_EDGE('',*,*,#4367,.F.);
#8251 = ORIENTED_EDGE('',*,*,#8245,.F.);
#8252 = CYLINDRICAL_SURFACE('',#8253,0.5);
#8253 = AXIS2_PLACEMENT_3D('',#8254,#8255,#8256);
#8254 = CARTESIAN_POINT('',(104.25,-101.08,-4.6E-02));
#8255 = DIRECTION('',(-0.,-0.,-1.));
#8256 = DIRECTION('',(-0.,-1.,0.));
#8257 = ADVANCED_FACE('',(#8258),#8269,.F.);
#8258 = FACE_BOUND('',#8259,.T.);
#8259 = EDGE_LOOP('',(#8260,#8261,#8267,#8268));
#8260 = ORIENTED_EDGE('',*,*,#2160,.T.);
#8261 = ORIENTED_EDGE('',*,*,#8262,.T.);
#8262 = EDGE_CURVE('',#2161,#4379,#8263,.T.);
#8263 = LINE('',#8264,#8265);
#8264 = CARTESIAN_POINT('',(111.5,-101.5,-4.6E-02));
#8265 = VECTOR('',#8266,1.);
#8266 = DIRECTION('',(0.,0.,1.));
#8267 = ORIENTED_EDGE('',*,*,#4378,.F.);
#8268 = ORIENTED_EDGE('',*,*,#8262,.F.);
#8269 = CYLINDRICAL_SURFACE('',#8270,0.5);
#8270 = AXIS2_PLACEMENT_3D('',#8271,#8272,#8273);
#8271 = CARTESIAN_POINT('',(111.5,-101.,-4.6E-02));
#8272 = DIRECTION('',(-0.,-0.,-1.));
#8273 = DIRECTION('',(-0.,-1.,0.));
#8274 = ADVANCED_FACE('',(#8275),#8286,.F.);
#8275 = FACE_BOUND('',#8276,.T.);
#8276 = EDGE_LOOP('',(#8277,#8278,#8284,#8285));
#8277 = ORIENTED_EDGE('',*,*,#2171,.T.);
#8278 = ORIENTED_EDGE('',*,*,#8279,.T.);
#8279 = EDGE_CURVE('',#2172,#4390,#8280,.T.);
#8280 = LINE('',#8281,#8282);
#8281 = CARTESIAN_POINT('',(104.25,-99.04,-4.6E-02));
#8282 = VECTOR('',#8283,1.);
#8283 = DIRECTION('',(0.,0.,1.));
#8284 = ORIENTED_EDGE('',*,*,#4389,.F.);
#8285 = ORIENTED_EDGE('',*,*,#8279,.F.);
#8286 = CYLINDRICAL_SURFACE('',#8287,0.5);
#8287 = AXIS2_PLACEMENT_3D('',#8288,#8289,#8290);
#8288 = CARTESIAN_POINT('',(104.25,-98.54,-4.6E-02));
#8289 = DIRECTION('',(-0.,-0.,-1.));
#8290 = DIRECTION('',(-0.,-1.,0.));
#8291 = ADVANCED_FACE('',(#8292),#8303,.F.);
#8292 = FACE_BOUND('',#8293,.T.);
#8293 = EDGE_LOOP('',(#8294,#8295,#8301,#8302));
#8294 = ORIENTED_EDGE('',*,*,#2182,.T.);
#8295 = ORIENTED_EDGE('',*,*,#8296,.T.);
#8296 = EDGE_CURVE('',#2183,#4401,#8297,.T.);
#8297 = LINE('',#8298,#8299);
#8298 = CARTESIAN_POINT('',(104.25,-96.5,-4.6E-02));
#8299 = VECTOR('',#8300,1.);
#8300 = DIRECTION('',(0.,0.,1.));
#8301 = ORIENTED_EDGE('',*,*,#4400,.F.);
#8302 = ORIENTED_EDGE('',*,*,#8296,.F.);
#8303 = CYLINDRICAL_SURFACE('',#8304,0.5);
#8304 = AXIS2_PLACEMENT_3D('',#8305,#8306,#8307);
#8305 = CARTESIAN_POINT('',(104.25,-96.,-4.6E-02));
#8306 = DIRECTION('',(-0.,-0.,-1.));
#8307 = DIRECTION('',(-0.,-1.,0.));
#8308 = ADVANCED_FACE('',(#8309),#8320,.F.);
#8309 = FACE_BOUND('',#8310,.T.);
#8310 = EDGE_LOOP('',(#8311,#8312,#8318,#8319));
#8311 = ORIENTED_EDGE('',*,*,#2193,.T.);
#8312 = ORIENTED_EDGE('',*,*,#8313,.T.);
#8313 = EDGE_CURVE('',#2194,#4412,#8314,.T.);
#8314 = LINE('',#8315,#8316);
#8315 = CARTESIAN_POINT('',(104.25,-93.96,-4.6E-02));
#8316 = VECTOR('',#8317,1.);
#8317 = DIRECTION('',(0.,0.,1.));
#8318 = ORIENTED_EDGE('',*,*,#4411,.F.);
#8319 = ORIENTED_EDGE('',*,*,#8313,.F.);
#8320 = CYLINDRICAL_SURFACE('',#8321,0.5);
#8321 = AXIS2_PLACEMENT_3D('',#8322,#8323,#8324);
#8322 = CARTESIAN_POINT('',(104.25,-93.46,-4.6E-02));
#8323 = DIRECTION('',(-0.,-0.,-1.));
#8324 = DIRECTION('',(-0.,-1.,0.));
#8325 = ADVANCED_FACE('',(#8326),#8337,.F.);
#8326 = FACE_BOUND('',#8327,.T.);
#8327 = EDGE_LOOP('',(#8328,#8329,#8335,#8336));
#8328 = ORIENTED_EDGE('',*,*,#2204,.T.);
#8329 = ORIENTED_EDGE('',*,*,#8330,.T.);
#8330 = EDGE_CURVE('',#2205,#4423,#8331,.T.);
#8331 = LINE('',#8332,#8333);
#8332 = CARTESIAN_POINT('',(104.25,-91.42,-4.6E-02));
#8333 = VECTOR('',#8334,1.);
#8334 = DIRECTION('',(0.,0.,1.));
#8335 = ORIENTED_EDGE('',*,*,#4422,.F.);
#8336 = ORIENTED_EDGE('',*,*,#8330,.F.);
#8337 = CYLINDRICAL_SURFACE('',#8338,0.5);
#8338 = AXIS2_PLACEMENT_3D('',#8339,#8340,#8341);
#8339 = CARTESIAN_POINT('',(104.25,-90.92,-4.6E-02));
#8340 = DIRECTION('',(-0.,-0.,-1.));
#8341 = DIRECTION('',(-0.,-1.,0.));
#8342 = ADVANCED_FACE('',(#8343),#8354,.F.);
#8343 = FACE_BOUND('',#8344,.T.);
#8344 = EDGE_LOOP('',(#8345,#8346,#8352,#8353));
#8345 = ORIENTED_EDGE('',*,*,#2215,.T.);
#8346 = ORIENTED_EDGE('',*,*,#8347,.T.);
#8347 = EDGE_CURVE('',#2216,#4434,#8348,.T.);
#8348 = LINE('',#8349,#8350);
#8349 = CARTESIAN_POINT('',(104.25,-88.88,-4.6E-02));
#8350 = VECTOR('',#8351,1.);
#8351 = DIRECTION('',(0.,0.,1.));
#8352 = ORIENTED_EDGE('',*,*,#4433,.F.);
#8353 = ORIENTED_EDGE('',*,*,#8347,.F.);
#8354 = CYLINDRICAL_SURFACE('',#8355,0.5);
#8355 = AXIS2_PLACEMENT_3D('',#8356,#8357,#8358);
#8356 = CARTESIAN_POINT('',(104.25,-88.38,-4.6E-02));
#8357 = DIRECTION('',(-0.,-0.,-1.));
#8358 = DIRECTION('',(-0.,-1.,0.));
#8359 = ADVANCED_FACE('',(#8360),#8371,.F.);
#8360 = FACE_BOUND('',#8361,.T.);
#8361 = EDGE_LOOP('',(#8362,#8363,#8369,#8370));
#8362 = ORIENTED_EDGE('',*,*,#2226,.T.);
#8363 = ORIENTED_EDGE('',*,*,#8364,.T.);
#8364 = EDGE_CURVE('',#2227,#4445,#8365,.T.);
#8365 = LINE('',#8366,#8367);
#8366 = CARTESIAN_POINT('',(111.5,-99.,-4.6E-02));
#8367 = VECTOR('',#8368,1.);
#8368 = DIRECTION('',(0.,0.,1.));
#8369 = ORIENTED_EDGE('',*,*,#4444,.F.);
#8370 = ORIENTED_EDGE('',*,*,#8364,.F.);
#8371 = CYLINDRICAL_SURFACE('',#8372,0.5);
#8372 = AXIS2_PLACEMENT_3D('',#8373,#8374,#8375);
#8373 = CARTESIAN_POINT('',(111.5,-98.5,-4.6E-02));
#8374 = DIRECTION('',(-0.,-0.,-1.));
#8375 = DIRECTION('',(-0.,-1.,0.));
#8376 = ADVANCED_FACE('',(#8377),#8388,.F.);
#8377 = FACE_BOUND('',#8378,.T.);
#8378 = EDGE_LOOP('',(#8379,#8380,#8386,#8387));
#8379 = ORIENTED_EDGE('',*,*,#2237,.T.);
#8380 = ORIENTED_EDGE('',*,*,#8381,.T.);
#8381 = EDGE_CURVE('',#2238,#4456,#8382,.T.);
#8382 = LINE('',#8383,#8384);
#8383 = CARTESIAN_POINT('',(111.5,-96.5,-4.6E-02));
#8384 = VECTOR('',#8385,1.);
#8385 = DIRECTION('',(0.,0.,1.));
#8386 = ORIENTED_EDGE('',*,*,#4455,.F.);
#8387 = ORIENTED_EDGE('',*,*,#8381,.F.);
#8388 = CYLINDRICAL_SURFACE('',#8389,0.5);
#8389 = AXIS2_PLACEMENT_3D('',#8390,#8391,#8392);
#8390 = CARTESIAN_POINT('',(111.5,-96.,-4.6E-02));
#8391 = DIRECTION('',(-0.,-0.,-1.));
#8392 = DIRECTION('',(-0.,-1.,0.));
#8393 = ADVANCED_FACE('',(#8394),#8410,.F.);
#8394 = FACE_BOUND('',#8395,.T.);
#8395 = EDGE_LOOP('',(#8396,#8397,#8403,#8404));
#8396 = ORIENTED_EDGE('',*,*,#2248,.T.);
#8397 = ORIENTED_EDGE('',*,*,#8398,.T.);
#8398 = EDGE_CURVE('',#2251,#4469,#8399,.T.);
#8399 = LINE('',#8400,#8401);
#8400 = CARTESIAN_POINT('',(119.65,-104.85,-4.6E-02));
#8401 = VECTOR('',#8402,1.);
#8402 = DIRECTION('',(0.,0.,1.));
#8403 = ORIENTED_EDGE('',*,*,#4466,.F.);
#8404 = ORIENTED_EDGE('',*,*,#8405,.F.);
#8405 = EDGE_CURVE('',#2249,#4467,#8406,.T.);
#8406 = LINE('',#8407,#8408);
#8407 = CARTESIAN_POINT('',(119.65,-103.35,-4.6E-02));
#8408 = VECTOR('',#8409,1.);
#8409 = DIRECTION('',(0.,0.,1.));
#8410 = CYLINDRICAL_SURFACE('',#8411,0.75);
#8411 = AXIS2_PLACEMENT_3D('',#8412,#8413,#8414);
#8412 = CARTESIAN_POINT('',(119.65,-104.1,-4.6E-02));
#8413 = DIRECTION('',(-0.,-0.,-1.));
#8414 = DIRECTION('',(-0.,-1.,0.));
#8415 = ADVANCED_FACE('',(#8416),#8427,.T.);
#8416 = FACE_BOUND('',#8417,.T.);
#8417 = EDGE_LOOP('',(#8418,#8419,#8420,#8421));
#8418 = ORIENTED_EDGE('',*,*,#2276,.T.);
#8419 = ORIENTED_EDGE('',*,*,#8405,.T.);
#8420 = ORIENTED_EDGE('',*,*,#4494,.F.);
#8421 = ORIENTED_EDGE('',*,*,#8422,.F.);
#8422 = EDGE_CURVE('',#2268,#4486,#8423,.T.);
#8423 = LINE('',#8424,#8425);
#8424 = CARTESIAN_POINT('',(118.35,-103.35,-4.6E-02));
#8425 = VECTOR('',#8426,1.);
#8426 = DIRECTION('',(0.,0.,1.));
#8427 = PLANE('',#8428);
#8428 = AXIS2_PLACEMENT_3D('',#8429,#8430,#8431);
#8429 = CARTESIAN_POINT('',(119.65,-103.35,-4.6E-02));
#8430 = DIRECTION('',(0.,-1.,0.));
#8431 = DIRECTION('',(-1.,0.,0.));
#8432 = ADVANCED_FACE('',(#8433),#8444,.F.);
#8433 = FACE_BOUND('',#8434,.T.);
#8434 = EDGE_LOOP('',(#8435,#8436,#8437,#8438));
#8435 = ORIENTED_EDGE('',*,*,#2267,.T.);
#8436 = ORIENTED_EDGE('',*,*,#8422,.T.);
#8437 = ORIENTED_EDGE('',*,*,#4485,.F.);
#8438 = ORIENTED_EDGE('',*,*,#8439,.F.);
#8439 = EDGE_CURVE('',#2260,#4478,#8440,.T.);
#8440 = LINE('',#8441,#8442);
#8441 = CARTESIAN_POINT('',(118.35,-104.85,-4.6E-02));
#8442 = VECTOR('',#8443,1.);
#8443 = DIRECTION('',(0.,0.,1.));
#8444 = CYLINDRICAL_SURFACE('',#8445,0.75);
#8445 = AXIS2_PLACEMENT_3D('',#8446,#8447,#8448);
#8446 = CARTESIAN_POINT('',(118.35,-104.1,-4.6E-02));
#8447 = DIRECTION('',(-0.,0.,-1.));
#8448 = DIRECTION('',(0.,1.,0.));
#8449 = ADVANCED_FACE('',(#8450),#8456,.T.);
#8450 = FACE_BOUND('',#8451,.T.);
#8451 = EDGE_LOOP('',(#8452,#8453,#8454,#8455));
#8452 = ORIENTED_EDGE('',*,*,#2259,.T.);
#8453 = ORIENTED_EDGE('',*,*,#8439,.T.);
#8454 = ORIENTED_EDGE('',*,*,#4477,.F.);
#8455 = ORIENTED_EDGE('',*,*,#8398,.F.);
#8456 = PLANE('',#8457);
#8457 = AXIS2_PLACEMENT_3D('',#8458,#8459,#8460);
#8458 = CARTESIAN_POINT('',(118.35,-104.85,-4.6E-02));
#8459 = DIRECTION('',(0.,1.,0.));
#8460 = DIRECTION('',(1.,0.,0.));
#8461 = ADVANCED_FACE('',(#8462),#8473,.F.);
#8462 = FACE_BOUND('',#8463,.T.);
#8463 = EDGE_LOOP('',(#8464,#8465,#8471,#8472));
#8464 = ORIENTED_EDGE('',*,*,#2284,.T.);
#8465 = ORIENTED_EDGE('',*,*,#8466,.T.);
#8466 = EDGE_CURVE('',#2285,#4503,#8467,.T.);
#8467 = LINE('',#8468,#8469);
#8468 = CARTESIAN_POINT('',(126.,-101.5,-4.6E-02));
#8469 = VECTOR('',#8470,1.);
#8470 = DIRECTION('',(0.,0.,1.));
#8471 = ORIENTED_EDGE('',*,*,#4502,.F.);
#8472 = ORIENTED_EDGE('',*,*,#8466,.F.);
#8473 = CYLINDRICAL_SURFACE('',#8474,0.5);
#8474 = AXIS2_PLACEMENT_3D('',#8475,#8476,#8477);
#8475 = CARTESIAN_POINT('',(126.,-101.,-4.6E-02));
#8476 = DIRECTION('',(-0.,-0.,-1.));
#8477 = DIRECTION('',(-0.,-1.,0.));
#8478 = ADVANCED_FACE('',(#8479),#8490,.F.);
#8479 = FACE_BOUND('',#8480,.T.);
#8480 = EDGE_LOOP('',(#8481,#8482,#8488,#8489));
#8481 = ORIENTED_EDGE('',*,*,#2295,.T.);
#8482 = ORIENTED_EDGE('',*,*,#8483,.T.);
#8483 = EDGE_CURVE('',#2296,#4514,#8484,.T.);
#8484 = LINE('',#8485,#8486);
#8485 = CARTESIAN_POINT('',(126.,-96.5,-4.6E-02));
#8486 = VECTOR('',#8487,1.);
#8487 = DIRECTION('',(0.,0.,1.));
#8488 = ORIENTED_EDGE('',*,*,#4513,.F.);
#8489 = ORIENTED_EDGE('',*,*,#8483,.F.);
#8490 = CYLINDRICAL_SURFACE('',#8491,0.5);
#8491 = AXIS2_PLACEMENT_3D('',#8492,#8493,#8494);
#8492 = CARTESIAN_POINT('',(126.,-96.,-4.6E-02));
#8493 = DIRECTION('',(-0.,-0.,-1.));
#8494 = DIRECTION('',(-0.,-1.,0.));
#8495 = ADVANCED_FACE('',(#8496),#8512,.F.);
#8496 = FACE_BOUND('',#8497,.T.);
#8497 = EDGE_LOOP('',(#8498,#8499,#8505,#8506));
#8498 = ORIENTED_EDGE('',*,*,#2306,.T.);
#8499 = ORIENTED_EDGE('',*,*,#8500,.T.);
#8500 = EDGE_CURVE('',#2309,#4527,#8501,.T.);
#8501 = LINE('',#8502,#8503);
#8502 = CARTESIAN_POINT('',(119.65,-93.65,-4.6E-02));
#8503 = VECTOR('',#8504,1.);
#8504 = DIRECTION('',(0.,0.,1.));
#8505 = ORIENTED_EDGE('',*,*,#4524,.F.);
#8506 = ORIENTED_EDGE('',*,*,#8507,.F.);
#8507 = EDGE_CURVE('',#2307,#4525,#8508,.T.);
#8508 = LINE('',#8509,#8510);
#8509 = CARTESIAN_POINT('',(119.65,-92.15,-4.6E-02));
#8510 = VECTOR('',#8511,1.);
#8511 = DIRECTION('',(0.,0.,1.));
#8512 = CYLINDRICAL_SURFACE('',#8513,0.75);
#8513 = AXIS2_PLACEMENT_3D('',#8514,#8515,#8516);
#8514 = CARTESIAN_POINT('',(119.65,-92.9,-4.6E-02));
#8515 = DIRECTION('',(-0.,-0.,-1.));
#8516 = DIRECTION('',(-0.,-1.,0.));
#8517 = ADVANCED_FACE('',(#8518),#8529,.T.);
#8518 = FACE_BOUND('',#8519,.T.);
#8519 = EDGE_LOOP('',(#8520,#8521,#8522,#8523));
#8520 = ORIENTED_EDGE('',*,*,#2334,.T.);
#8521 = ORIENTED_EDGE('',*,*,#8507,.T.);
#8522 = ORIENTED_EDGE('',*,*,#4552,.F.);
#8523 = ORIENTED_EDGE('',*,*,#8524,.F.);
#8524 = EDGE_CURVE('',#2326,#4544,#8525,.T.);
#8525 = LINE('',#8526,#8527);
#8526 = CARTESIAN_POINT('',(118.35,-92.15,-4.6E-02));
#8527 = VECTOR('',#8528,1.);
#8528 = DIRECTION('',(0.,0.,1.));
#8529 = PLANE('',#8530);
#8530 = AXIS2_PLACEMENT_3D('',#8531,#8532,#8533);
#8531 = CARTESIAN_POINT('',(119.65,-92.15,-4.6E-02));
#8532 = DIRECTION('',(0.,-1.,0.));
#8533 = DIRECTION('',(-1.,0.,0.));
#8534 = ADVANCED_FACE('',(#8535),#8546,.F.);
#8535 = FACE_BOUND('',#8536,.T.);
#8536 = EDGE_LOOP('',(#8537,#8538,#8539,#8540));
#8537 = ORIENTED_EDGE('',*,*,#2325,.T.);
#8538 = ORIENTED_EDGE('',*,*,#8524,.T.);
#8539 = ORIENTED_EDGE('',*,*,#4543,.F.);
#8540 = ORIENTED_EDGE('',*,*,#8541,.F.);
#8541 = EDGE_CURVE('',#2318,#4536,#8542,.T.);
#8542 = LINE('',#8543,#8544);
#8543 = CARTESIAN_POINT('',(118.35,-93.65,-4.6E-02));
#8544 = VECTOR('',#8545,1.);
#8545 = DIRECTION('',(0.,0.,1.));
#8546 = CYLINDRICAL_SURFACE('',#8547,0.75);
#8547 = AXIS2_PLACEMENT_3D('',#8548,#8549,#8550);
#8548 = CARTESIAN_POINT('',(118.35,-92.9,-4.6E-02));
#8549 = DIRECTION('',(-0.,0.,-1.));
#8550 = DIRECTION('',(0.,1.,0.));
#8551 = ADVANCED_FACE('',(#8552),#8558,.T.);
#8552 = FACE_BOUND('',#8553,.T.);
#8553 = EDGE_LOOP('',(#8554,#8555,#8556,#8557));
#8554 = ORIENTED_EDGE('',*,*,#2317,.T.);
#8555 = ORIENTED_EDGE('',*,*,#8541,.T.);
#8556 = ORIENTED_EDGE('',*,*,#4535,.F.);
#8557 = ORIENTED_EDGE('',*,*,#8500,.F.);
#8558 = PLANE('',#8559);
#8559 = AXIS2_PLACEMENT_3D('',#8560,#8561,#8562);
#8560 = CARTESIAN_POINT('',(118.35,-93.65,-4.6E-02));
#8561 = DIRECTION('',(0.,1.,0.));
#8562 = DIRECTION('',(1.,0.,0.));
#8563 = ADVANCED_FACE('',(#8564),#8575,.F.);
#8564 = FACE_BOUND('',#8565,.T.);
#8565 = EDGE_LOOP('',(#8566,#8567,#8573,#8574));
#8566 = ORIENTED_EDGE('',*,*,#2342,.T.);
#8567 = ORIENTED_EDGE('',*,*,#8568,.T.);
#8568 = EDGE_CURVE('',#2343,#4561,#8569,.T.);
#8569 = LINE('',#8570,#8571);
#8570 = CARTESIAN_POINT('',(139.,-90.6,-4.6E-02));
#8571 = VECTOR('',#8572,1.);
#8572 = DIRECTION('',(0.,0.,1.));
#8573 = ORIENTED_EDGE('',*,*,#4560,.F.);
#8574 = ORIENTED_EDGE('',*,*,#8568,.F.);
#8575 = CYLINDRICAL_SURFACE('',#8576,1.6);
#8576 = AXIS2_PLACEMENT_3D('',#8577,#8578,#8579);
#8577 = CARTESIAN_POINT('',(139.,-89.,-4.6E-02));
#8578 = DIRECTION('',(-0.,-0.,-1.));
#8579 = DIRECTION('',(-0.,-1.,0.));
#8580 = ( GEOMETRIC_REPRESENTATION_CONTEXT(3) 
GLOBAL_UNCERTAINTY_ASSIGNED_CONTEXT((#8584)) 
GLOBAL_UNIT_ASSIGNED_CONTEXT((#8581,#8582,#8583)) REPRESENTATION_CONTEXT
('Context #1','3D Context with UNIT and UNCERTAINTY') );
#8581 = ( LENGTH_UNIT() NAMED_UNIT(*) SI_UNIT(.MILLI.,.METRE.) );
#8582 = ( NAMED_UNIT(*) PLANE_ANGLE_UNIT() SI_UNIT($,.RADIAN.) );
#8583 = ( NAMED_UNIT(*) SI_UNIT($,.STERADIAN.) SOLID_ANGLE_UNIT() );
#8584 = UNCERTAINTY_MEASURE_WITH_UNIT(LENGTH_MEASURE(1.E-07),#8581,
  'distance_accuracy_value','confusion accuracy');
#8585 = CONTEXT_DEPENDENT_SHAPE_REPRESENTATION(#8586,#8588);
#8586 = ( REPRESENTATION_RELATIONSHIP('','',#32,#10) 
REPRESENTATION_RELATIONSHIP_WITH_TRANSFORMATION(#8587) 
SHAPE_REPRESENTATION_RELATIONSHIP() );
#8587 = ITEM_DEFINED_TRANSFORMATION('','',#11,#15);
#8588 = PRODUCT_DEFINITION_SHAPE('Placement','Placement of an item',
  #8589);
#8589 = NEXT_ASSEMBLY_USAGE_OCCURRENCE('1','=>[0:1:1:2]','',#5,#27,$);
#8590 = PRODUCT_RELATED_PRODUCT_CATEGORY('part',$,(#29));
#8591 = MECHANICAL_DESIGN_GEOMETRIC_PRESENTATION_REPRESENTATION('',(
    #8592),#8580);
#8592 = STYLED_ITEM('color',(#8593),#33);
#8593 = PRESENTATION_STYLE_ASSIGNMENT((#8594));
#8594 = SURFACE_STYLE_USAGE(.BOTH.,#8595);
#8595 = SURFACE_SIDE_STYLE('',(#8596));
#8596 = SURFACE_STYLE_FILL_AREA(#8597);
#8597 = FILL_AREA_STYLE('',(#8598));
#8598 = FILL_AREA_STYLE_COLOUR('',#8599);
#8599 = COLOUR_RGB('',0.313304153717,0.484529207832,0.410020903123);
ENDSEC;
END-ISO-10303-21;
